I1,I2,I1MAX,I1MIN,I1VAR,I2MAX,I2MIN,I2VAR,I3,I4,I3max,I3min,I3var,I4MAX,I4MIN,I5,I6,Itotal1,Itotalmax1,Itotalmin1,Vdcmean1,Vdcmax1,Vdcmin1,Pdcmean1,IR,T,range 1,range 2,range 3,range 4
0.9790293349051993,0.9769250418524612,0.6162089894599322,0.980151817506828,1.922175608163458e-05,0.5986930512505028,0.9792518213638062,1.9255564737321995e-05,0.6018379168597704,0.6197811999311588,0.6040562211125895,0.609928249464665,0.04415302385699888,0.6165504672585717,0.620967101554468,0.6197811999311588,0.6197811999311588,0.009742431503169335,0.018378112228858434,0.012691988934963927,0.7150873464711758,0.6677569869678539,0.8012220686579852,0.6053099681163397,0.6196868008948545,0.48,0.003063250416966757,0.003063250416966757,0.9999999999999993,1.5975758917453025e-15
0.9674076113271886,0.9653282976201291,0.390224032100146,0.9692254288121366,0.00012557880780167068,0.3791317888011783,0.9683354655104631,0.00012561261286150004,0.3759344521445629,0.3871426165060132,0.38208042834111416,0.3785899971162441,0.31130890581362397,0.38998334656694333,0.3854419489392877,0.3871426165060132,0.3871426165060132,0.005000985279896675,0.014182030807921464,0.012001268563369027,0.7769498862805921,0.7998365473501305,0.6714589227016123,0.3841660897196609,0.3847874720357941,0.19999999999999996,0.0035777067707645246,0.0035777067707645246,0.9999999999999993,0.0
0.982977331371591,0.9808645526267085,0.6792175632506455,0.9839154528172132,3.529673693509793e-06,0.6599105861176365,0.9830120008245948,3.5634828797356148e-06,0.6666771964774904,0.6865536072494333,0.6657455100936904,0.6765531784057712,0.006382044484301918,0.679515732107748,0.6887978489450723,0.6865536072494333,0.6865536072494333,0.01050569248952371,0.018370822068531467,0.012149437674129793,0.6779388041673418,0.6237539426585581,0.8096967213374135,0.66667638717636,0.6868008948545861,0.5599999999999999,0.002200179760455,0.002200179760455,0.9999999999999994,1.9662478899742645e-15
0.9728557238670629,0.9707647001683214,0.5210033068085629,0.9741173149994992,6.891935746800116e-05,0.5061936206711285,0.9732228598643953,6.895316444344717e-05,0.5049607395189264,0.5200157123534759,0.5103451723755257,0.5104996780378679,0.16642311186400674,0.5209011073700018,0.5197390114228986,0.5200157123534759,0.5200157123534759,0.008258322767808579,0.017545271927066786,0.012940557699723243,0.7553238420986919,0.731337582971328,0.7646369358130833,0.5115598984395714,0.5190156599552572,0.36,0.004716207199802277,0.004716207199802277,0.9999999999999993,3.68671998228962e-15
0.9578197785965304,0.9557610726578867,0.9419840265849377,0.9507238030973361,0.0004133917351640352,0.9152078284343845,0.9498508283799671,0.00041342553049310927,0.9285086456274523,0.9561913372558809,0.9253552786708854,0.9421156109730023,0.006117438276302879,0.9444952464753772,0.9591665917894401,0.9561913372558809,0.9561913372558809,0.7702896368324925,0.6867348585350515,0.8065768921611367,0.47767418000864836,0.43244861164204984,0.6013117371185874,0.8951551221056167,0.9552572706935123,0.88,0.04765616265197459,0.04765616265197459,0.9999999999999994,5.652959570523286e-15
0.9933565514832438,0.9912214639882603,0.8757913220762411,0.9936922744673214,2.8152826843100905e-06,0.850896672786417,0.9927798451901447,2.849091894688976e-06,0.8624280437387499,0.8881405987041323,0.8595151972849093,0.8748846572417495,0.005667082933858569,0.8772933345935696,0.8907188514037783,0.8881405987041323,0.8881405987041323,0.44675109165144455,0.20734088808550766,0.5696235634533409,0.5351904652767594,0.48330387836663746,0.6727416112121176,0.845453930444638,0.8881431767337806,0.7999999999999999,0.0014792752545302503,0.0014792752545302503,1.0,5.407172703876912e-15
0.9761024374824232,0.9740044354055458,0.8108073686453425,0.9740782024331738,6.115433133215222e-05,0.7877599090790856,0.9731837832120562,6.118813857012838e-05,0.7975544020004868,0.8213328047880616,0.7957304385846833,0.8087398445201749,0.009913612247314784,0.8121892575125232,0.8233769096677956,0.8213328047880616,0.8213328047880616,0.15710034597614708,0.01644880855076991,0.33327761942326495,0.5811651144409176,0.5341968166811473,0.7199413761834936,0.7837415099128611,0.8210290827740492,0.7200000000000001,0.01815591945669013,0.01815591945669013,0.9999999999999994,5.161385837230539e-15
0.9675289594419385,0.9654493849132819,0.4231387633403829,0.9689826328574157,0.00012849149929338908,0.4111109082466421,0.9680928924961265,0.00012852530425474235,0.4082839678094569,0.4204566053297707,0.41436737603082735,0.41161955005874207,0.293315096036767,0.42293811466415887,0.41906929080178495,0.4204566053297707,0.4204566053297707,0.005894911357042787,0.015361606413077489,0.01236317541285148,0.7736794347165556,0.7833175673327553,0.6982198307079006,0.41602422595054245,0.41834451901565994,0.24,0.005343305908434231,0.005343305908434231,0.9999999999999993,1.3517945595926612e-15
0.9754608485155505,0.973364225448635,0.7111149489205505,0.9745395961907918,3.0062676216221864e-05,0.6909012783669763,0.9736447533081608,3.0096484505385293e-05,0.699402042327277,0.7202541164067331,0.6971143269834252,0.7100287611938475,0.0022302056870298075,0.7115333788676671,0.7228792931723291,0.7202541164067331,0.7202541164067331,0.010873057913398654,0.0184812276013826,0.01183957108723277,0.6547573367917305,0.5986467402258899,0.8039779903131432,0.694998178769852,0.7203579418344519,0.6,0.01308318805421361,0.01308318805421361,0.9999999999999993,5.89874643716966e-15
0.9738932382601373,0.9717999845625065,0.7437411621138164,0.9722125499971286,5.2083541728450214e-05,0.7226000809835128,0.9713198438575629,5.211734927310347e-05,0.732171691753148,0.7540007649204425,0.7300023675130722,0.74274116660587,0.007122339542953805,0.7451016727566451,0.7561837475756257,0.7540007649204425,0.7540007649204425,0.020091964113032823,0.017622195850361067,0.0931522795153592,0.6304225500965881,0.5773966272806259,0.7872887552482233,0.7243989006097532,0.7539149888143176,0.64,0.016926859996719217,0.016926859996719217,0.9999999999999994,0.0
0.9874673086806158,0.9853448793280125,0.7696501458632091,0.9882123390681191,6.954750068482669e-06,0.7477725935580509,0.9873049415836047,6.988559138909035e-06,0.7544706690029338,0.7769645671169233,0.7543366669074778,0.7654939414464322,0.014694006070737784,0.7699393006754446,0.7793483159612777,0.7769645671169233,0.7769645671169233,0.04859446760502806,0.01837824897830842,0.181397033928004,0.7357969210231623,0.680370255430061,0.8672647649765004,0.7590638322819355,0.7774049217002237,0.48,0.0020701044854011413,0.0020701044854011413,0.9999999999999996,0.0
0.9907451129088927,0.9886156383530252,0.878188042866226,0.9906632354218656,6.274189877741675e-06,0.8532252660190622,0.9897535874724479,6.30799897117731e-06,0.8651021645540855,0.8908944461458775,0.8625123198561515,0.8777153441063814,0.0066636022697974555,0.8803524493864394,0.8936007697593906,0.8908944461458775,0.8908944461458775,0.453113517782314,0.22267970449544183,0.5681007286176132,0.4552114795863069,0.408176747176368,0.5720329091876923,0.8390451401832071,0.890380313199105,0.92,0.004629548826057519,0.004629548826057519,0.9999999999999994,2.2120292221269054e-15
0.9114585204819273,0.9094994618877384,0.19131399720718661,0.9095016806486071,0.0006879136253169594,0.18587583546174208,0.9086665569565063,0.0006879474113646391,0.18808103595159725,0.19368851127659542,0.18759573717648376,0.1908896179505863,0.0004640080140072102,0.19147595102794093,0.19434445425286456,0.19368851127659542,0.19368851127659542,0.010732548619317939,0.01644876139578777,0.009926341578096132,0.3683170694620248,0.32613170634231103,0.459393774671792,0.17275820705505796,0.19239373601789705,0.7200000000000001,0.054309176311264085,0.054309176311264085,0.9999999999999992,1.5361319423305752e-15
0.9728695613688736,0.9707785079282665,0.4899793323640279,0.9741113164370224,2.404616129848733e-06,0.47605151265288126,0.9732168668099256,2.43842535411197e-06,0.4826069923699567,0.49699550734008147,0.48091888293047175,0.4898116673625448,0.001486360346138644,0.490866167122855,0.49867657655902925,0.49699550734008147,0.49699550734008147,0.010400335231546265,0.015139844388556867,0.008827489967202062,0.5139661217256393,0.46436932580364854,0.64389962056058,0.47360861601644233,0.49664429530201337,0.7599999999999999,0.0032876857925214172,0.0032876857925214172,0.9999999999999993,2.8264936214959734e-15
0.9790118586457819,0.976907603155934,0.6000350328805735,0.9800802376527039,1.7899966357050859e-06,0.5829788445756275,0.9791803072358191,1.823805880748181e-06,0.5904525490397078,0.6080563871011619,0.5883914879229795,0.5992720950800512,0.001961681926215015,0.6005617260951316,0.610118085612448,0.6080563871011619,0.6080563871011619,0.007621126034167425,0.006154360264067904,0.003324917445989506,0.42947848601697736,0.3814354057341447,0.5397748319566613,0.5722343557192275,0.6073825503355704,0.92,0.0023871967000518237,0.0023871967000518237,0.9999999999999993,2.2120292221269054e-15
0.9884029165304191,0.9862784762134572,0.7935733557974011,0.988868164366938,2.0778095630674504e-06,0.7710157785751353,0.9879601646897542,2.11161879837979e-06,0.781424971955761,0.8047224895731512,0.7785614904130014,0.7931746879288578,0.002382769884498301,0.7946651883156335,0.807530045414115,0.8047224895731512,0.8047224895731512,0.10470886644461164,0.009144550455830291,0.265713148627571,0.47782157267095826,0.42594972024326694,0.603937346587248,0.7607866570911993,0.8042505592841163,0.88,0.002518228181332377,0.002518228181332377,0.9999999999999996,3.1951462489968728e-15
0.9615637423163987,0.9594969892268019,0.23998134775721608,0.9639223515717401,7.256703388808274e-05,0.23315980095957023,0.9630372576678244,7.260084074020336e-05,0.23019779727839934,0.23706094784313653,0.23483217664634465,0.2312281428749149,0.18374440840749276,0.23968942488825837,0.23541305031351345,0.23706094784313653,0.23706094784313653,0.004060422262812224,0.01336601697579276,0.011535928110251614,0.7137622850688619,0.753174387489139,0.5711436753683241,0.23620172257683075,0.2348993288590604,0.16000000000000003,0.0019518275937817412,0.0019518275937817412,0.9999999999999992,1.904801173312671e-15
0.9659270872522895,0.9638509557343781,0.49428740487011424,0.9664211234375151,0.000453432997002796,0.48023712681592323,0.9655337351083877,0.0004534667909781028,0.4764387428035389,0.49064335668514003,0.4840819103777822,0.47856360799160547,0.6671720581851268,0.494094618353767,0.48722494297456226,0.49064335668514003,0.49064335668514003,9.362845170279854e-06,0.007953343288273906,0.00965351245309698,0.892339024790445,0.9504986898349266,0.77469296390435,0.4907602481473732,0.4865771812080537,0.0,0.011203514100405878,0.011203514100405878,0.9999999999999993,2.089138556050585e-15
0.9835492778882085,0.9814352698205278,0.702267077538365,0.9842159191573557,3.899686618201832e-06,0.6823049105672868,0.9833121912701847,3.933495791917773e-06,0.6917179953774458,0.7123409761650169,0.6897463800761092,0.7015958944754136,0.0059013607538089844,0.7040130339897104,0.7142938033076818,0.7123409761650169,0.7123409761650169,0.005396412377780102,4.991040553203874e-05,1.236053552844396e-07,0.38987359916281683,0.34509784708948743,0.48798794332982887,0.6662047343513146,0.7114093959731543,1.0,0.0029644843200578447,0.0029644843200578447,0.9999999999999994,4.9156266430528266e-15
0.9521167627767405,0.9500703147104008,0.052972728622096066,0.9547918590610855,2.131911624379649e-06,0.05146696181700171,0.9539151489686333,2.165720857862836e-06,0.05109430860696827,0.05261764174532439,0.051600134831283645,0.051686363000218574,0.002271764393150257,0.05266742751566403,0.05262181420570064,0.05261764174532439,0.05261764174532439,0.009742507789835209,0.01837822540081735,0.012692045921848916,0.39663371368228617,0.363008835794961,0.4196309331210468,0.05216215889377861,0.052572706935123045,0.48,0.0024664711195567846,0.0024664711195567846,0.9999999999999992,8.602318952873785e-16
0.9519533384004131,0.9499072415929861,0.0682590438024058,0.9545800239141983,3.701814334317123e-05,0.06631875858435733,0.9537035083332612,3.705195139717515e-05,0.06416353415154759,0.0660765150786203,0.06655343528339036,0.06362046384658264,0.05281922199523087,0.06793002072896329,0.06477190566109689,0.0660765150786203,0.0660765150786203,0.0011000193402814773,0.009431574976422219,0.010191393999913867,0.6212781311797109,0.6799442345786275,0.47731106515132815,0.06896917595302286,0.06487695749440715,0.03999999999999998,0.003385869632432005,0.003385869632432005,0.9999999999999991,7.680659711652876e-16
0.9897199166590761,0.9875926456258911,0.8221528567785201,0.9902254401529346,0.00030059306041428397,0.7987828980723678,0.9893161941963984,0.0003006268595570029,0.7956339701423132,0.819355116895522,0.8055560195179765,0.8035015729364615,0.7322711759440712,0.8222180699041096,0.8180438326618551,0.819355116895522,0.819355116895522,0.13910839583109524,0.01074728858849383,0.32805992674658624,0.9484913878740677,0.9399767715030407,0.9305748627643577,0.8214986820450695,0.8176733780760626,0.07999999999999996,0.00247779622630254,0.00247779622630254,0.9999999999999993,2.457807787032681e-15
0.9565588160193396,0.9545028203516718,0.1433820779496115,0.9589658404300005,1.2489903637524305e-06,0.13930639638594894,0.9580852976995161,1.2827996270865721e-06,0.14028574567026364,0.14446824526845503,0.14018929387448864,0.1424998629312999,0.00045501478182454646,0.14308895699106597,0.14507891204256257,0.14446824526845503,0.14446824526845503,0.010732845170301708,0.016449199937126124,0.009926555880888088,0.3548579029946044,0.31025169070373515,0.4121635691376291,0.13659955185161043,0.14429530201342278,0.7200000000000001,0.0024586488577793305,0.0024586488577793305,0.9999999999999992,1.5975758917453025e-15
0.9967429466585102,0.9946005805584972,0.9577210657878779,0.9967226524421738,4.802032992691841e-06,0.930497537249432,0.9958074406078049,4.835842135900077e-06,0.943827192456367,0.9719665934650016,0.9410564104839036,0.9575194519690146,0.009460400355942322,0.9605211391281746,0.9748492208601465,0.9719665934650016,0.9719665934650016,0.8698423369506827,0.8177833511474368,0.8946173734737135,0.7195315909581002,0.6632076629018258,0.8877370491256276,0.9456599528511267,0.9731543624161074,0.52,0.002226892145910554,0.002226892145910554,0.9999999999999997,8.602318952873785e-15
0.9702440569595592,0.9681586466907055,0.4439702889215137,0.9715679799285487,2.84102508326447e-06,0.43135029103023437,0.9706758656468618,2.8748342927730233e-06,0.43704566196681544,0.45007580481442877,0.4354741286757254,0.4436100718642645,0.0012842472671192367,0.4444814375382351,0.4516387965104088,0.45007580481442877,0.45007580481442877,0.009913172880627208,0.013354508016346855,0.007543628428534177,0.47451863121037974,0.42546419982623895,0.5960524952967194,0.4268958765548948,0.44966442953020136,0.7999999999999999,0.0037123174047606336,0.0037123174047606336,0.9999999999999993,2.33491712095636e-15
0.9442149907573134,0.9421855264966392,0.07638771044586093,0.9453874664029975,3.308640421150809e-05,0.07421636527074076,0.944519391622921,3.312021239844138e-05,0.07530888102708465,0.07755415094478797,0.07494213650175596,0.07639238222113941,0.00013398357092611032,0.07649223311103201,0.07777497797542202,0.07755415094478797,0.07755415094478797,0.009367913398516947,0.011223571204023841,0.0067525372976993125,0.18151379900614018,0.14490568201563825,0.22918259160635657,0.06909083695901953,0.07718120805369126,0.84,0.012985889360846433,0.012985889360846433,0.9999999999999992,9.831225613636991e-16
0.968877423596902,0.9667949507242918,0.39310227025040523,0.9707042069939806,0.0001418449205894318,0.3819282121086581,0.9698128858468833,0.00014187872509931518,0.37854347599598215,0.38982942617350447,0.3849089620013797,0.38018266076178703,0.3615539691461702,0.3928703853705189,0.3870634375792909,0.38982942617350447,0.38982942617350447,0.004060395401310757,0.013365977679973717,0.011535907241815302,0.7897845763422353,0.8300522884448291,0.6676504197661259,0.3877725637624858,0.3870246085011185,0.16000000000000003,0.0022269350275272797,0.0022269350275272797,0.9999999999999992,2.7035891191853224e-15
0.9506578908073914,0.9486145783918851,0.05343251066139701,0.9530538023418341,3.4380730596817365e-06,0.05191367440433432,0.9521786881698462,3.471882249004512e-06,0.05227852312854463,0.053837162610656505,0.052103795626207206,0.05300123062582833,0.000318513367057478,0.05318150598650234,0.05396047910459545,0.053837162610656505,0.053837162610656505,0.009913156763725617,0.013354484438855785,0.00754361719168406,0.17868454612364282,0.14358740225890543,0.22158894489754744,0.04903183622017214,0.05369127516778523,0.7999999999999999,0.00423176174283335,0.00423176174283335,0.9999999999999992,9.216786119489719e-16
0.969592934499796,0.9675089237318761,0.41262840249851185,0.9713979643790495,1.7045698752752806e-05,0.40089930778349636,0.9705060062092384,1.7079507482011204e-05,0.40126613846897147,0.41322954540597456,0.4041115290366229,0.4066281076125504,0.04038588874623374,0.4124701366260175,0.41398751019708596,0.41322954540597456,0.41322954540597456,0.010050327710325213,0.019008085507701722,0.01233613072158235,0.636575272048832,0.5970614509122498,0.6549688340103348,0.40173363641123394,0.412751677852349,0.52,0.0024336765329737056,0.0024336765329737056,0.9999999999999993,2.5806984531090016e-15
0.9622760842521199,0.9602078000784859,0.28654440295918865,0.9641239324915059,5.375823177741829e-06,0.2783992863796822,0.9632386534917233,5.409632301550617e-06,0.2795374765343512,0.28787164746310995,0.2805196886370316,0.28365310750324507,0.006477853135352185,0.2863219333886373,0.2887868338084123,0.28787164746310995,0.28787164746310995,0.01080861609541195,0.01762242533794378,0.010758095660380551,0.5086344861382166,0.4647082953953081,0.5404661041405312,0.27596746095370633,0.2874720357941834,0.64,0.003902617533178158,0.003902617533178158,0.9999999999999993,2.2120292221269054e-15
0.9900662875102711,0.9879382719991121,0.9878464078784632,0.9891899825644506,0.00040046854894800995,0.959766556826678,0.9882816873869867,0.000400502344714008,0.9573038784443053,0.985845075326499,0.9681320009029475,0.9667776075970352,0.9485347821967139,0.9881567586958634,0.9842749362145642,0.985845075326499,0.985845075326499,0.9193580820887508,0.8799444419993723,0.9415975081057582,1.0,0.9911348479582962,1.0,0.9905673727719331,0.9843400447427293,0.0,0.011178439837564507,0.011178439837564507,0.9999999999999996,0.0
0.9616815097456671,0.9596145035306792,0.3747563779016817,0.9627497462658479,0.0002951018266763274,0.364103807635434,0.9618657290729414,0.0002951356260047012,0.36084496918662895,0.3716032535113946,0.36692079805201705,0.36193371442259986,0.414507040862606,0.37451015580831704,0.36848421072004284,0.3716032535113946,0.3716032535113946,0.002101100247124954,0.010746832756994174,0.010564556963073901,0.805023592556017,0.8687781615986108,0.6653213462008356,0.3694217684464074,0.36800894854586125,0.07999999999999996,0.00936042585385494,0.00936042585385494,0.9999999999999993,2.9493593823504994e-15
0.9665135888565195,0.9644361967315893,0.3359664179541873,0.9686344119409762,2.4597543406453077e-05,0.3264164647435298,0.9677449913235022,2.4631351880388853e-05,0.32549495338506645,0.33519930720406554,0.32894141780697317,0.32968411665152575,0.06031554092385853,0.33574521337772123,0.33565094013161195,0.33519930720406554,0.33519930720406554,0.009742636725045273,0.018378415592580133,0.012692140632445614,0.6241867942082813,0.593075266724588,0.6120701707789902,0.3266390109385122,0.3344519015659955,0.48,0.0016618968463547493,0.0016618968463547493,0.9999999999999992,2.9493593823504994e-15
0.9520532783925982,0.95000696677748,0.04556568274465014,0.9547689648283588,8.160519733155009e-07,0.04427046359485283,0.9538922757578756,8.498612512869886e-07,0.04462838092699069,0.04595893795830734,0.04437792765470444,0.04537045458247484,2.585650150944126e-05,0.04529583683631208,0.046191596639467064,0.04595893795830734,0.04595893795830734,0.007621180831631769,0.006154440427537544,0.00332495516970166,0.0846538421957046,0.049246224152911466,0.10810223609977498,0.04061511719684628,0.04586129753914987,0.92,0.0021469441530941615,0.0021469441530941615,0.9999999999999992,3.68671998228962e-16
0.9693957476781305,0.9673121607369992,0.42314077853955945,0.9711914133824734,0.00011640978118803135,0.4111128661631356,0.9702996448721589,0.00011644358655785912,0.4082621902056534,0.42043417844532416,0.41436710475681265,0.41146117715662156,0.2947425543440071,0.42293783777913607,0.41890805157064454,0.42043417844532416,0.42043417844532416,0.005895015579670648,0.015361762024520331,0.012363253268173224,0.7742615039585008,0.7846867906168544,0.6982200154009206,0.416432999124814,0.41834451901565994,0.24,0.0031270270075186312,0.0031270270075186312,0.9999999999999993,1.720466557821623e-15
0.9704867435532611,0.9684008116619238,0.40880650052850154,0.9722191310305035,7.466909078320151e-07,0.3971860446030757,0.9713264188480937,7.805001881485522e-07,0.4025271126607954,0.4145281144655124,0.40112387729328175,0.4086007186906786,0.0009820978446358948,0.4094206885548263,0.4159958227891894,0.4145281144655124,0.4145281144655124,0.0065454947888676784,0.0037440427538504295,0.0015863896595518234,0.35536111114956626,0.31012718331885303,0.4494104683304787,0.38725669667471135,0.4138702460850111,0.9600000000000001,0.0014329637723237412,0.0014329637723237412,0.9999999999999992,1.720466557821623e-15
0.9835137663882382,0.981399834647793,0.7002200127216556,0.9845274012075791,9.992819233102815e-05,0.6803160342247045,0.9836233873109973,9.996199825808698e-05,0.6794037953864757,0.6996596388268543,0.6861649737685993,0.6881275427246237,0.24611511386163223,0.7003575501867773,0.7005816931426836,0.6996596388268543,0.6996596388268543,0.006640713441495194,0.016036817038666662,0.012641534673563992,0.838071696773163,0.8030907888792349,0.8658902029509363,0.6932962753412338,0.6991051454138703,0.28,0.0025572759572469136,0.0025572759572469136,0.9999999999999994,4.9156266430528266e-15
0.9833698397779159,0.9812562173885345,0.6881289059374442,0.9842791947042792,2.8695281573156292e-06,0.6685686210297437,0.9833754087161617,2.903337365860513e-06,0.6753746669330414,0.6955103853524706,0.6744536751499575,0.6852753322610778,0.004677460123189081,0.6884040160898535,0.6976778616409849,0.6955103853524706,0.6955103853524706,0.010505686042763251,0.01837081263753504,0.012149432858336695,0.6787051466406595,0.6256671763683741,0.8127210785288472,0.6753381957909126,0.6957494407158836,0.5599999999999999,0.0022472458783764425,0.0022472458783764425,0.9999999999999994,3.68671998228962e-15
0.9562284727982459,0.9541731871592977,0.1256650565677293,0.9589376539827924,3.216602381658068e-05,0.12209298702058759,0.9580571371337004,3.219983203463139e-05,0.11962548970884336,0.12319202143485848,0.12282474097959598,0.11984041763409646,0.07877023446635219,0.1253652371999462,0.12200936233505782,0.12319202143485848,0.12319202143485848,0.004060477060276568,0.013366098711096619,0.011535969044492944,0.633952821822314,0.6677395256298873,0.5014253920219112,0.12422800576379138,0.12192393736017897,0.16000000000000003,0.0016677016716020326,0.0016677016716020326,0.9999999999999992,1.4746852256689816e-15
0.9502645273026075,0.9482220603695203,0.02797770783450268,0.9529916622694067,1.2339034536131506e-05,0.027182432513868135,0.9521166051557485,1.2372843424518956e-05,0.02544733886969329,0.026206029527029925,0.02708064330153301,0.02513714754612141,0.015591207281228958,0.02764077696355821,0.025592094917332275,0.026206029527029925,0.026206029527029925,0.004060263242720019,0.013365781200880278,0.011535807715425062,0.5220120984288261,0.5304114074717639,0.4309540949668751,0.029371905367220716,0.02572706935123041,0.16000000000000003,0.00311709184827302,0.00311709184827302,0.9999999999999991,1.1674599441016133e-15
0.9763447533599962,0.9742462304574402,0.6593489435663173,0.9762961030876667,1.4757206656293125e-05,0.6406067383218236,0.9753996473432278,1.4791015462923854e-05,0.6480565861212061,0.6673778393113067,0.6462606547864194,0.6578406233020146,0.0026147053343276304,0.6596278537542454,0.6697466226481157,0.6673778393113067,0.6673778393113067,0.008461656817448926,0.009144287959760966,0.004713563418249134,0.46311062168723893,0.41392113292788935,0.5774387950140945,0.6293176071241903,0.6666666666666666,0.88,0.008926997284278504,0.008926997284278504,0.9999999999999996,0.0
0.9725437774434008,0.9704534242319152,0.4599219026991064,0.9742364626487195,6.619776205765722e-05,0.44684847506881276,0.9733418981097225,6.623156912511848e-05,0.4453183714672317,0.4585951580775176,0.45046387584677344,0.45023590683193815,0.16229743905491653,0.4597812313312286,0.4583845498656038,0.4585951580775176,0.4585951580775176,0.00825862039325198,0.017545713612070912,0.012940778423572219,0.7368724521711805,0.714294835794961,0.7203792968450706,0.45147972740735487,0.4574944071588367,0.36,0.001772261640106759,0.001772261640106759,0.9999999999999993,2.089138556050585e-15
0.9909672593929363,0.9888373073628132,0.855640999780763,0.9914437404800381,0.0001745689593047952,0.8313191298665482,0.9905333758543572,0.0001746027627083015,0.8302492337262872,0.8550024049759231,0.838458498782902,0.8397366171100229,0.428652671154822,0.8558011011779059,0.8549346806835749,0.8550024049759231,0.8550024049759231,0.2831207026968947,0.013365842502357062,0.4635412046013543,0.9196715210972979,0.8911108966116412,0.9564517308793423,0.853621447762129,0.8545861297539149,0.16000000000000003,0.0028037917141983523,0.0028037917141983523,0.9999999999999997,5.89874643716966e-15
0.9572208511968757,0.9551634325728418,0.18846872881744253,0.9594005576266382,2.806502303385401e-05,0.1831114447387579,0.9585196157296234,2.8098831390556705e-05,0.18120677948934882,0.18660930473368237,0.18436518017888703,0.18302198567199757,0.0533185467478721,0.18817857347141967,0.1863344287844268,0.18660930473368237,0.18660930473368237,0.00825835285269072,0.017545315938384043,0.012940579370792182,0.5970832069364818,0.5863577949609038,0.5205693482137193,0.18327806482657027,0.1856823266219239,0.36,0.004107232684582138,0.004107232684582138,0.9999999999999992,1.290350610177934e-15
0.9547583353036643,0.9527062095292943,0.11503524933938933,0.9572395935091423,6.24263930520706e-06,0.11176533547282756,0.9563606358551154,6.2764483997093965e-06,0.11106914810219264,0.11438057981672177,0.11240437703614983,0.11249622804052496,0.010786736831125809,0.11472933935834675,0.11453225313542764,0.11438057981672177,0.11438057981672177,0.00974246373697163,0.018378159383841464,0.012692013013929415,0.4724818830167603,0.4398441529105135,0.46543711043357483,0.11154527365986398,0.11409395973154361,0.48,0.0028800788190669734,0.0028800788190669734,0.9999999999999992,1.4132412762542544e-15
0.9677209604695436,0.9656409732602714,0.3857724561490079,0.9696455443535461,0.00012356781733182228,0.3748067503245472,0.9687551952928911,0.0001236016224596418,0.3715943015746071,0.38267306805654944,0.3777212955919045,0.3740684095983196,0.3126465868688364,0.38553404989648243,0.38083852698286125,0.38267306805654944,0.38267306805654944,0.005001030407219886,0.014182098396729792,0.012001303076552894,0.7746821498281555,0.7995810912250221,0.6682039019485941,0.37981237220700004,0.3803131991051454,0.19999999999999996,0.0029503075768287546,0.0029503075768287546,0.9999999999999992,9.831225613636991e-16
0.9632324290163261,0.9611620893071003,0.2897690002424797,0.9653894550434516,7.970786062867298e-05,0.28153222345072304,0.9645030140140781,7.97416672393672e-05,0.27887125644240035,0.2871855645885679,0.2836360265376583,0.28073240310487574,0.1977798575267657,0.2895027293503577,0.2858132687270365,0.2871855645885679,0.2871855645885679,0.005895048887933463,0.015361812323168245,0.012363278952402634,0.710479711000211,0.7318315777584719,0.6086299502275949,0.2842818485978997,0.28523489932885904,0.24,0.0027818499265456747,0.0027818499265456747,0.9999999999999991,2.5806984531090016e-15
0.9902483082527526,0.9881199015122706,0.8227500244930029,0.9908067150952866,0.00012077236489940866,0.799363091102991,0.9898969353997961,0.0001208061701217405,0.7994740852577068,0.8233097217607501,0.8062104109532255,0.8093704751392138,0.2849862155191081,0.8228859967146799,0.824018953822989,0.8233097217607501,0.8233097217607501,0.16103870849897906,0.015362076391071788,0.34937361156070557,0.8752668064885558,0.8386938105994801,0.9188749564408827,0.8181196356621985,0.8232662192393736,0.24,0.0019221363175053513,0.0019221363175053513,0.9999999999999994,5.89874643716966e-15
0.9657400730981278,0.9636643435422122,0.33590805129052276,0.967573060114361,1.9383094236641138e-06,0.3263597571710044,0.966684614052597,1.9721186636928566e-06,0.32936628821572606,0.33918606257368544,0.3289473151177548,0.33430757417966755,0.0015792471557138285,0.33575123266796436,0.34035807580360333,0.33918606257368544,0.33918606257368544,0.01073280971311874,0.01644914806664488,0.009926530196658234,0.48674656597338206,0.4391984569939176,0.5649051168333692,0.3234939216151441,0.33892617449664425,0.7200000000000001,0.002724197674140941,0.002724197674140941,0.9999999999999993,2.9493593823504994e-15
0.9941106399189382,0.9919739316113808,0.9082561175632473,0.994358263999984,0.00027685806663741927,0.8824386460467781,0.9934452231971231,0.0002768918665826019,0.8807231499875199,0.9069811579080028,0.8901046950674254,0.8903330009654243,0.6625656689992703,0.9085155428778876,0.9064467886395551,0.9069811579080028,0.9069811579080028,0.5334366723971202,0.31561891543539744,0.6528318507063564,0.9608557647208862,0.9400755968722851,0.9781036876292379,0.909545675932957,0.9060402684563758,0.07999999999999996,0.0023121604914157204,0.0023121604914157204,0.9999999999999996,2.7035891191853224e-15
0.9617341536090407,0.9596670342430859,0.25227394225314936,0.9637749262750901,1.4268101076159911e-06,0.24510297451340873,0.962889967740202,1.4606193649381705e-06,0.2480161119412369,0.25541050032747686,0.24712223599918665,0.25180470595963733,0.000523060225763672,0.2522336907558852,0.2563620205405647,0.25541050032747686,0.25541050032747686,0.009368127216073496,0.01122388714240774,0.006752688995181,0.36124827932307113,0.3169208757602089,0.4347511807205091,0.23970489261410982,0.25503355704697983,0.84,0.0026681659969775206,0.0026681659969775206,0.9999999999999992,1.5975758917453025e-15
0.9673396665311109,0.9652604988623338,0.4292802689852241,0.9687282552166095,0.00027352015947495025,0.4170778396232919,0.9678387484302539,0.0002735539595329852,0.4136982826407977,0.4260323433299328,0.4203576271529544,0.41461877854506146,0.5758383950700211,0.42905226761757276,0.42212280114777084,0.4260323433299328,0.4260323433299328,9.434833995847214e-06,0.007953450172901277,0.009653567032084975,0.8575229125013308,0.9380008305821015,0.7172324296210064,0.42617553194302715,0.42170022371364646,0.0,0.005882539493623619,0.005882539493623619,0.9999999999999993,0.0
0.9565546905061945,0.9544987037057672,0.1776912598920098,0.9587919695008793,6.524945223545199e-05,0.17264032882501584,0.957911586422362,6.528325933497495e-05,0.17004185440724784,0.17511150695345645,0.17379421695485203,0.17059000357336257,0.11855061645550106,0.17738896136685836,0.17367744511931194,0.17511150695345645,0.17511150695345645,0.004060195551734758,0.013365679031751121,0.01153575714959798,0.6737229664614173,0.7118458297132921,0.5294722837324422,0.17469033664973727,0.17337807606263977,0.16000000000000003,0.004219565125539459,0.004219565125539459,0.9999999999999992,2.642145169770595e-15
0.9775616163581398,0.9754604779707747,0.6023000199432353,0.978822279837728,0.0002239889873587038,0.58517944865441,0.9779235045043326,0.0002240227890913533,0.5815067968663056,0.598843924973074,0.5899738218370598,0.5857398141300704,0.577140981381259,0.6021767888657599,0.5963408892187645,0.598843924973074,0.598843924973074,0.002101235629096365,0.010747035523420045,0.01056465969999243,0.9085836796304534,0.9263437185056471,0.8393783084333553,0.5998738374508009,0.5961968680089486,0.07999999999999996,0.003754210528452788,0.003754210528452788,0.9999999999999994,2.9493593823504994e-15
0.983433153834314,0.9813193953598079,0.688597117589629,0.9842369784605792,2.473027092863847e-06,0.6690235236155097,0.9833332312363102,2.5068363148141563e-06,0.6779707676785653,0.6981838866227102,0.6758706589024579,0.6880555545478437,0.0037829114224169074,0.689850308610594,0.7005084020801355,0.6981838866227102,0.6981838866227102,0.010732835500161464,0.016449185790631482,0.009926548657198442,0.5742450743103511,0.521552024326672,0.7184048113522419,0.6688644538601826,0.697986577181208,0.7200000000000001,0.0023112572054101695,0.0023112572054101695,0.9999999999999994,5.652959570523286e-15
0.949830197492513,0.9477886640934572,0.06501497434422712,0.952248174461187,7.13781509503011e-05,0.06316690284124692,0.9513738000337697,7.1411957842617e-05,0.06103277210185788,0.06285241203443183,0.06338462572645648,0.060302161484569114,0.053674472744320016,0.06469566779177721,0.061393546646525216,0.06285241203443183,0.06285241203443183,9.438057375632525e-06,0.007953456460231934,0.009653569439981524,0.6294780064453658,0.7002219096437869,0.4783194732672218,0.06562111063644023,0.06152125279642058,0.0,0.005575728711759135,0.005575728711759135,0.9999999999999992,6.144533303816033e-16
0.9797763078424295,0.977670409270933,0.6466016499427254,0.980617706949907,9.493603128589191e-06,0.6282217906089006,0.9797172830173384,9.5274121131787e-06,0.633099425256672,0.6519747434802006,0.6336068654555373,0.6421703182650803,0.01683853977462809,0.6467123345494648,0.6537927069083542,0.6519747434802006,0.6519747434802006,0.010050208445255393,0.01900790789060025,0.01233604323467441,0.6977213545535452,0.6465592302345797,0.8030690979490469,0.6347600672539815,0.6521252796420581,0.52,0.004001108514911308,0.004001108514911308,0.9999999999999994,1.5975758917453025e-15
0.9851646575035428,0.9830471773927058,0.707809546554343,0.9860225610001166,1.3091838367392104e-06,0.6876898331234238,0.9851171742161693,1.3429930980382523e-06,0.6967236474206314,0.7174958674452987,0.6940827894918891,0.707178416525479,0.0022657819635378672,0.7084391373192962,0.7199773612341029,0.7174958674452987,0.7174958674452987,0.009368296980767354,0.011224138635648195,0.0067528101926401796,0.49664070437462016,0.44531127193744524,0.6268097525526848,0.6806223222869708,0.7170022371364653,0.84,0.0014079153999312986,0.0014079153999312986,0.9999999999999993,3.440933115643246e-15
0.9524110158067078,0.9503639352827036,0.3205739199949669,0.9522473123459669,9.362847517187211e-05,0.3114615034768182,0.9513729387101619,9.366228131192002e-05,0.31142480597068706,0.3207096703709575,0.3138787055299952,0.31563928232039834,0.03430037852537925,0.3203709452749163,0.32135191385422984,0.3207096703709575,0.3207096703709575,0.010050061244224473,0.019007690977679736,0.012335935681962784,0.5922435030904563,0.5561780834057348,0.6033445585770973,0.3084118933287234,0.319910514541387,0.52,0.01739357367192462,0.01739357367192462,0.9999999999999993,2.8264936214959734e-15
0.9860481892109961,0.9839288100665269,0.7662720085233516,0.9864297486218014,3.627670488860776e-06,0.7444904808558084,0.985523987949562,3.661479671773394e-06,0.7546751967137919,0.777175192646661,0.752388232456868,0.7660193067893258,0.0032907035573909657,0.7679505649767485,0.7798831896853924,0.777175192646661,0.777175192646661,0.049663556462877345,0.0184814319396418,0.17997922913131514,0.6601546938520606,0.604314045178107,0.8241600091121217,0.7517093325265011,0.7774049217002237,0.6,0.0037026174754045986,0.0037026174754045986,0.9999999999999997,5.407172703876912e-15
0.9541086124650329,0.9520578831832978,0.2674894482196076,0.9552363286735289,0.00033129606984126517,0.2598859748415327,0.9543592104596716,0.00033132986794593675,0.25706465829273323,0.2647288213542157,0.2617940561081813,0.25758974266808715,0.25383922216335925,0.2672089815112275,0.26225175835871833,0.2647288213542157,0.2647288213542157,0.0021010787579234247,0.010746799748506675,0.01056454010779806,0.7531385167152855,0.8208126463944385,0.5983706246744713,0.262587038755155,0.261744966442953,0.07999999999999996,0.011939671803734236,0.011939671803734236,0.9999999999999992,1.904801173312671e-15
0.9701440296828638,0.968058834409308,0.4402007613708463,0.9718679782249704,9.883647081548377e-05,0.42768791350948465,0.9709755884784985,9.887027677945295e-05,0.4252573994053304,0.4379360852806675,0.4310994905349677,0.42948456527722145,0.24983923750710774,0.4400163147640612,0.43725763792160194,0.4379360852806675,0.4379360852806675,0.006640644676049412,0.016036716441370835,0.012641484107736467,0.7657803484216288,0.7604424378801031,0.7106468802032548,0.4329156742154191,0.43624161073825496,0.28,0.0032369860227585588,0.0032369860227585588,0.9999999999999993,1.3517945595926612e-15
0.9913632538423334,0.9892324506749265,0.8642261506532175,0.9916785803173267,6.340768756374381e-06,0.8396602450712785,0.9907680000567368,6.3745778475590304e-06,0.8484220970678088,0.8737170767047526,0.8472160906490191,0.8603506639694035,0.011581102280203457,0.8647398343096818,0.8759218130894155,0.8737170767047526,0.8737170767047526,0.38445198775115497,0.10326668657654814,0.5350294640012354,0.7683305280704325,0.7147410460469139,0.909089981121106,0.8558436802798989,0.8747203579418344,0.43999999999999995,0.002965119892003492,0.002965119892003492,0.9999999999999994,0.0
0.9812113979470238,0.9791024148406421,0.6271999497928851,0.9822914747278317,1.4033945633860393e-06,0.6093715900100167,0.9813895139062653,1.4372038214998822e-06,0.6176996999112194,0.6361158884864585,0.6158654755042803,0.6269041372053575,0.0025019859136226944,0.6286039832372029,0.638250229227115,0.6361158884864585,0.6361158884864585,0.006545484044266914,0.003744027035522457,0.001586382435862621,0.40752144021288217,0.35862984361424743,0.5119815507891214,0.5968987855365941,0.6353467561521252,0.9600000000000001,0.001424458374096063,0.001424458374096063,0.9999999999999993,2.5806984531090016e-15
0.9791881336504406,0.9770834992809672,0.676884892696086,0.9798830338429128,0.00011069661785463247,0.6576442224719269,0.9789832845027397,0.00011073042341761833,0.6556825082173768,0.6752311217565328,0.6631612006078726,0.663718659245586,0.2677449023456103,0.6768779689901246,0.6757310428580603,0.6752311217565328,0.6752311217565328,0.005894887718921105,0.015361573404589102,0.012363157754943899,0.8571018939915707,0.8266108288444833,0.8633384571756508,0.6703304164175211,0.674496644295302,0.24,0.006138596042483582,0.006138596042483582,0.9999999999999993,5.161385837230539e-15
0.9625084985798105,0.9604397148625595,0.6839435481383552,0.9592802761390007,0.00013002887264598487,0.664502233368785,0.9583994446869935,0.00013006267755536063,0.6739083854923259,0.6940003879839014,0.6717309024263689,0.68396262076033,0.0025734404446683618,0.6856249257729367,0.6963413918898098,0.6940003879839014,0.6940003879839014,0.010868331363489858,0.017351120716755375,0.010614512789890451,0.596109647762626,0.5422516437880098,0.7473289430976902,0.6622996401417648,0.6935123042505592,0.68,0.02713855572838123,0.02713855572838123,0.9999999999999994,3.68671998228962e-15
0.960145426630562,0.9580817220214733,0.2223089929051913,0.9624985901537367,5.043502431351654e-05,0.21598978846362576,0.961614803577688,5.046883191390503e-05,0.21334347726073588,0.21970413068034356,0.2175193981175797,0.21484382787160422,0.12244286840931931,0.22201855035973564,0.21873220202112648,0.21970413068034356,0.21970413068034356,0.005895073600515666,0.015361850047154846,0.012363297412942842,0.6740863283662062,0.6895792198088628,0.5590329937523197,0.21788308970942538,0.21812080536912748,0.24,0.002563317322157004,0.002563317322157004,0.9999999999999992,1.8433572238979437e-15
0.9664787233267352,0.9644014061406139,0.3359291875034712,0.9683719279853333,1.3844247816496019e-06,0.32638029258031914,0.9674827483861828,1.4182340404047996e-06,0.3305818691172451,0.3404378849807678,0.3295915239872535,0.33538089100114826,0.001891321045330412,0.33640876629748306,0.3414508181651344,0.3404378849807678,0.3404378849807678,0.00936821209842087,0.011224012889027968,0.00675274919259472,0.40756489328927614,0.36402470199826276,0.5075299490147032,0.32097011232444644,0.34004474272930646,0.84,0.0019235614315196306,0.0019235614315196306,0.9999999999999993,2.089138556050585e-15
0.949309847320306,0.9472694323445837,0.0,0.952058177873842,1.412544229421078e-06,0.0,0.9511839779053122,1.4463534872255767e-06,0.0,0.0,0.0,0.0,8.989396245531644e-05,0.0,0.0,0.0,0.0,0.01086858493606968,0.017351494812951174,0.0106146965926599,0.15205869786582937,0.12847188184187708,0.1822149790024863,0.0,0.0,0.68,0.002760102622275634,0.002760102622275634,0.9999999999999991,7.680659711652876e-16
0.0,0.0,0.9063523621799232,0.0,1.0,0.8805890055209628,0.0,1.0,0.9072248759216788,0.9342730101485902,0.9089050034203967,0.9066521693643904,0.6401140105808206,0.9277047151676455,0.9230613112647648,0.9342730101485902,0.9342730101485902,0.587962287525519,0.4010835806350199,0.6873045913703746,0.57365934887493,0.6760348236316247,0.6293231114606712,0.6800787061961855,0.9161073825503356,0.4,1.0,1.0,0.9999999999999991,5.652959570523286e-15
0.9689563463692196,0.9668737038626305,0.4207798744372795,0.9705671240581433,2.577878967156442e-05,0.40881907151735697,0.969675928783499,2.581259810556308e-05,0.4089722659004407,0.4211654244400157,0.41209871676832827,0.4142591109126288,0.05982723428851161,0.42062253065151833,0.4217566240319695,0.4211654244400157,0.4211654244400157,0.009742401418287194,0.018378068217541177,0.01269196806652717,0.6620935763134259,0.627209647263248,0.6755990014098945,0.4105701393312359,0.42058165548098436,0.48,0.003644294412771686,0.003644294412771686,0.9999999999999993,4.055372609790519e-15
0.9653918870855781,0.963316905909084,0.31382033780915536,0.9673492188843179,1.070880211209858e-06,0.30489989403123335,0.9664609783583087,1.10468948056578e-06,0.30880846148943536,0.3180153218153126,0.307672515349506,0.3133169854393738,0.0011119973667515824,0.31403638679850754,0.318987586633078,0.3180153218153126,0.3180153218153126,0.009913335124100087,0.01335474850675844,0.007543744007568076,0.42388609956770296,0.37743735013032165,0.5141598698040344,0.300798222194698,0.3176733780760626,0.7999999999999999,0.0019274780571761911,0.0019274780571761911,0.9999999999999992,0.0
0.944405025329142,0.9423751526144868,0.029410883847268116,0.9461122885986621,2.1329621150333587e-05,0.028574870038698144,0.9452435482715051,2.1363429734755544e-05,0.028368022485231834,0.029213790828117134,0.0284964172517701,0.028722706533569856,0.0006135907905515483,0.029085834658590992,0.029242547530148044,0.029213790828117134,0.029213790828117134,0.009742262812935998,0.018377863879282863,0.012691865329608643,0.34841767750140207,0.311386985230234,0.39434696563391114,0.028215485198240423,0.02908277404921701,0.48,0.01008637958940974,0.01008637958940974,0.9999999999999992,8.602318952873785e-16
0.9645221704249992,0.9624490585885355,0.46422864758336113,0.9645273925533477,2.448607666780521e-05,0.4510327993480996,0.9636417430879975,2.45198851455096e-05,0.45659274582809556,0.4702056682732012,0.4550408583587056,0.463398047903431,0.0016606588001662024,0.4644528837498868,0.47178490736435813,0.4702056682732012,0.4702056682732012,0.010732606640162956,0.016448846274755624,0.009926383314969645,0.5316716805872623,0.48066155343179773,0.652215617432196,0.4479219086270292,0.4697986577181208,0.7200000000000001,0.011713844533961683,0.011713844533961683,0.9999999999999993,1.9662478899742645e-15
0.9729794506324461,0.9708881609995149,0.6067934641939695,0.973262665609569,9.900784778902408e-05,0.5895451653107896,0.972368995231623,9.904165374719913e-05,0.5883863519719341,0.6059285881338905,0.5944598754663997,0.5953918673767542,0.1890943164715059,0.6067556316367557,0.606167631190305,0.6059285881338905,0.6059285881338905,0.00751247555603296,0.01666738918579025,0.012827091996483908,0.7991407736505778,0.7707582258905283,0.8173897306379576,0.5973502079338573,0.605145413870246,0.31999999999999995,0.009540708827634201,0.009540708827634201,0.9999999999999993,1.5975758917453025e-15
0.9729794506324461,0.9708881609995149,0.6067934641939695,0.973262665609569,9.900784778902408e-05,0.5895451653107896,0.972368995231623,9.904165374719913e-05,0.5883863519719341,0.6059285881338905,0.5944598754663997,0.5953918673767542,0.1890943164715059,0.6067556316367557,0.606167631190305,0.6059285881338905,0.6059285881338905,0.00751247555603296,0.01666738918579025,0.012827091996483908,0.7991407736505778,0.7707582258905283,0.8173897306379576,0.5973502079338573,0.23713646532438476,0.7599999999999999,0.009540708827634201,0.009540708827634201,0.9999999999999993,1.5975758917453025e-15
0.9805480638047998,0.9784405064467355,0.7651062077482123,0.9804141403310531,0.0001455772099085835,0.7433578183416992,0.9795139033176622,0.00014561101429228074,0.7424569413931631,0.7645926604871776,0.7496672647415279,0.7515810817520593,0.3161364735022033,0.765173317002713,0.7651836528778224,0.7645926604871776,0.7645926604871776,0.025410674760932395,0.015361499528450118,0.13233500385810837,0.8660059672425913,0.8337637584708943,0.8985532894485448,0.7580907484535863,0.7639821029082774,0.24,0.009684995043557935,0.009684995043557935,0.9999999999999993,3.932506848935993e-15
0.9532439219549736,0.9511950512102285,0.08723836057177584,0.9558211977861243,1.4726588259765213e-05,0.08475858218586425,0.9549435425330695,1.4760397067431128e-05,0.08305199545667434,0.08552811971268391,0.08515551799174872,0.08357374634979049,0.026563456561317422,0.08691686729217948,0.0850863147959246,0.08552811971268391,0.08552811971268391,0.006640669388631615,0.016036751021690776,0.012641501765644492,0.5498955440285105,0.5454602154648143,0.4716415660783255,0.08608771404600683,0.08501118568232661,0.28,0.003018028576377566,0.003018028576377566,0.9999999999999992,1.1060132274400198e-15
0.9747201692794915,0.9726251382038628,0.5367515986881413,0.9757772608344708,4.8549160546106564e-06,0.5214942623018709,0.9748812815019697,4.888725196030953e-06,0.5281388002049422,0.543884807107443,0.5266965525643132,0.5354090301190108,0.006190492474748312,0.5375906980792092,0.5450991880945042,0.543884807107443,0.543884807107443,0.010868502202643349,0.017351372209996718,0.01061463639524618,0.5768211443454607,0.5282315186794087,0.7142382404575383,0.522137260248582,0.5436241610738255,0.68,0.0037787531130730515,0.0037787531130730515,0.9999999999999993,4.301159476436893e-15
0.9809895989712274,0.9788810925921787,0.6366522175702236,0.9819662045290714,2.1255692422417246e-06,0.6185551740434326,0.9810645423774855,2.159378475939343e-06,0.6267151880828126,0.6454001657319169,0.6247579703981134,0.6360503507507752,0.0031783105994206765,0.6376804097191436,0.6475619765030958,0.6454001657319169,0.6454001657319169,0.010808733211560728,0.017622598239547038,0.010758180739391499,0.6213333215192609,0.5673545508253692,0.7657556732317854,0.6225154513072882,0.645413870246085,0.64,0.0021879169637287676,0.0021879169637287676,0.9999999999999994,0.0
0.9904758503453586,0.9883469545334793,0.931850149067506,0.9897484821714139,1.3910002077892023e-05,0.9053620096364026,0.9888396741677907,1.394381091316615e-05,0.9172918963527246,0.9446401701890216,0.9149135741881111,0.9305748657059908,0.007922613967528549,0.9338375666885971,0.9474169751016994,0.9446401701890216,0.9446401701890216,0.7300910787579244,0.6160258660798492,0.7873466358123302,0.6404354904832239,0.5870188896611648,0.7989217981942041,0.9093680220810798,0.9451901565995526,0.64,0.008028768070952475,0.008028768070952475,0.9999999999999991,2.9493593823504994e-15
0.9500104161787065,0.9479684954236076,0.22892525382769402,0.9503017517527735,4.4105907757225974e-05,0.22241798004686486,0.9494291645718816,4.41397155715975e-05,0.22422352626042652,0.23090855904125934,0.22408473988551958,0.22755778937698817,0.0016098040676767044,0.22871968908367743,0.23167626852764223,0.23090855904125934,0.23090855904125934,0.010732590523261365,0.016448822697264553,0.009926372078119083,0.420179277441731,0.37537561946133735,0.4918879098519682,0.21692654275627354,0.23042505592841162,0.7200000000000001,0.015108010395630658,0.015108010395630658,0.9999999999999992,2.8264936214959734e-15
0.9702131700613317,0.9681278261797485,0.44350369746075335,0.9716791712636497,5.944271277214932e-06,0.43089696258143173,0.9707869548837257,5.978080381804885e-06,0.43362535500917804,0.44655352432835016,0.43446282599238356,0.4400212552069753,0.009236365304291427,0.4434492171584735,0.44798502726846384,0.44655352432835016,0.44655352432835016,0.010873212635650553,0.018481455517132872,0.011839683455738381,0.6022862294826457,0.5540205178105992,0.677712175593328,0.43129558884650765,0.44630872483221473,0.6,0.0035791688275607454,0.0035791688275607454,0.9999999999999993,3.1951462489968728e-15
0.9849406695527014,0.9828236708741076,0.7580605986204352,0.9851959424868569,4.895609122595645e-06,0.7365124829136585,0.9842913147215233,4.929418262640137e-06,0.7472384649845099,0.7695167411174023,0.7448258261843927,0.7583009602489932,0.003668045509231673,0.7602317385530988,0.7720251518192169,0.7695167411174023,0.7695167411174023,0.03755313849790465,0.017351318767682145,0.15000777413475852,0.6076600022048417,0.554461077324067,0.760046836798141,0.7393290356991835,0.7695749440715883,0.68,0.004560970705524009,0.004560970705524009,0.9999999999999993,0.0
0.970063966245534,0.9679789430576644,0.4083550871824211,0.9718532102886992,2.862138869816329e-06,0.3967474628261741,0.9709608341024589,2.895948078611039e-06,0.3998948567808634,0.4118173801264359,0.3999609982106154,0.40548120948836786,0.005579035934324513,0.4082337565827284,0.412819854813724,0.4118173801264359,0.4118173801264359,0.010868697754378154,0.017351661427223775,0.010614777658509933,0.5412182825868399,0.49728022589052934,0.6168732636392704,0.39510832924460515,0.4116331096196868,0.68,0.0017792689538033274,0.0017792689538033274,0.9999999999999993,3.68671998228962e-15
0.9616487790455572,0.9595818431808463,0.24893930698512895,0.9637126187236165,1.4646313564418617e-06,0.24186312732265547,0.9628277174008408,1.4984406124853309e-06,0.24473024683990285,0.2520266699667333,0.24392628060098875,0.24827754632243149,0.0008287419750358845,0.24897163049522417,0.25277102422491937,0.2520266699667333,0.2520266699667333,0.009368135811754108,0.011223899717069052,0.0067526946136067245,0.3597434307721734,0.3181182432667242,0.4335927365551271,0.2365203065349381,0.25167785234899326,0.84,0.0025764950313689706,0.0025764950313689706,0.9999999999999992,1.6590198411600297e-15
0.9762488899299576,0.9741505730730661,0.5326692733065275,0.9776741950001367,2.373700154057143e-06,0.5175279783288672,0.9767764738625376,2.4075093793656273e-06,0.5225461313874509,0.538125397649481,0.5219013332441826,0.5304113564525612,0.004446381638038198,0.532696294861263,0.5400110634931365,0.538125397649481,0.538125397649481,0.010873407112925726,0.018481743162526598,0.011839825521633873,0.6276115673803151,0.5751355273675056,0.7450401371151951,0.5206348225206142,0.5380313199105146,0.6,0.0016865335193424233,0.0016865335193424233,0.9999999999999994,2.2120292221269054e-15
0.9536013543879692,0.9515517153898544,0.3180797093127863,0.9540530374928438,0.00030710287570418187,0.3090381915334383,0.9531770058019922,0.00030713667462680847,0.30627131593352713,0.31540253343327523,0.311387052754044,0.308554105037207,0.21661512500217303,0.31782775537045793,0.3141385047271653,0.31540253343327523,0.31540253343327523,0.005894803911034252,0.015361447657968874,0.012363094347001446,0.7212484033204163,0.7375245264986958,0.6279872043325181,0.3096137535402142,0.3131991051454138,0.24,0.015466310596979225,0.015466310596979225,0.9999999999999993,2.2120292221269054e-15
0.9800799062623071,0.9779733551464761,0.6353202442509096,0.9809381023220443,2.7416228533187634e-06,0.6172610624930263,0.980037384195664,2.775432066188037e-06,0.625304006154864,0.6439469106209915,0.6233538015388211,0.6346133160425083,0.002551118555186934,0.6362471971537436,0.6460989334674454,0.6439469106209915,0.6439469106209915,0.006545270226710365,0.003743711097139446,0.0015862331462774826,0.40826330005139333,0.36081488097306647,0.5138139465369793,0.6039801883780277,0.6431767337807606,0.9600000000000001,0.0031579626491034856,0.0031579626491034856,0.9999999999999994,1.720466557821623e-15
0.9758282128354666,0.9737308001679144,0.5352047157360276,0.9771245924615825,1.727042487621527e-06,0.5199913499939216,0.9762273759806661,1.760851734793058e-06,0.5258323717441097,0.5415096144534661,0.5244876144567563,0.5337759702806456,0.0018341410973571456,0.5353360704886665,0.5434365721468337,0.5415096144534661,0.5415096144534661,0.010808719243580178,0.01762257623388841,0.01075817030517312,0.6029984293291655,0.5500861251086011,0.7305052019633358,0.5220044952310436,0.5413870246085011,0.64,0.002355263244512581,0.002355263244512581,0.9999999999999994,1.8433572238979437e-15
0.9838852694312068,0.9817705391944913,0.7106747857289567,0.9846094708394801,3.445469517765704e-06,0.690473626955311,0.9837053815848253,3.4792787068384105e-06,0.6981387927323005,0.7189532041048425,0.6965756233648643,0.7085399439739668,0.0046508126024735925,0.7109835327504864,0.7213635304337036,0.7189532041048425,0.7189532041048425,0.01050561727731747,0.018370710468405882,0.012149383095141797,0.6813324915939472,0.6262327732406607,0.8271539955637408,0.6979506833590162,0.7192393736017897,0.5599999999999999,0.0029583502572930196,0.0029583502572930196,0.9999999999999994,3.440933115643246e-15
0.9479049241835217,0.9458675289028086,0.21093964657538894,0.9480572706278779,5.159235667876358e-05,0.20494361945061157,0.9471867443770576,5.162616424002347e-05,0.2081194762706225,0.21432438056591463,0.20734803387382617,0.21099415717351716,0.0005129341678917861,0.21163680250588066,0.214812857643442,0.21432438056591463,0.21432438056591463,0.005396234017405632,4.964790946182518e-05,0.0,0.2192555069461033,0.18446314856646318,0.2734897147892692,0.1941681908384325,0.21364653243847875,1.0,0.01652855594779516,0.01652855594779516,0.9999999999999992,2.33491712095636e-15
0.9506799204722979,0.9486365607069634,0.06013361579569418,0.9531980004416251,3.990000132082169e-05,0.05842429847542903,0.9523227538638901,3.993380927739199e-05,0.056367453339968523,0.05804800078132884,0.05859372949137795,0.055912300969256576,0.04214389057230305,0.05980567707719697,0.05692423576804956,0.05804800078132884,0.05804800078132884,0.002101203395293183,0.010746986796604574,0.010564634818394758,0.5962301563316856,0.6399976924413551,0.4624813486797752,0.06063932612785454,0.0570469798657718,0.07999999999999996,0.004396925412123152,0.004396925412123152,0.9999999999999991,1.290350610177934e-15
0.9674208094637667,0.965341467389072,0.36331284655503643,0.969455643981943,3.515518959377218e-05,0.35298556233847966,0.9685654692918283,3.518899771076127e-05,0.3517135215815541,0.3621995596010615,0.3557595488452241,0.3557697728290679,0.08727875110375012,0.3631180482972598,0.36220871036595026,0.3621995596010615,0.3621995596010615,0.009288410873535824,0.018669894687205257,0.012789364270912706,0.6574445201847965,0.632583004344049,0.6364185284802204,0.35405501709249604,0.3612975391498881,0.43999999999999995,0.0021023340663141312,0.0021023340663141312,0.9999999999999993,3.440933115643246e-15
0.9876569438862567,0.9855341069380568,0.7600791617653015,0.9883510036273254,1.9526003989053615e-06,0.7384736677535633,0.987443478818078,1.986409638450936e-06,0.7482025810863692,0.7705096015167623,0.7456794228543024,0.7591746585283194,0.003682736332290748,0.7611029909420135,0.7729146628209169,0.7705096015167623,0.7705096015167623,0.039091752444396555,0.01762277428481518,0.15434615998307954,0.6340126998663518,0.5795082971329286,0.7946101802138745,0.7433152763370552,0.7706935123042505,0.64,0.0014884034858132515,0.0014884034858132515,0.9999999999999991,4.669839776406453e-15
0.9500348568613783,0.9479928835742899,0.18484494923279277,0.9508573720665559,3.023767433501898e-05,0.1795906722513349,0.9499842747033325,3.0271482618265846e-05,0.1819196208063314,0.18734339880523104,0.1813949078419762,0.18448033030739874,0.0012830067087275813,0.18514686428078417,0.18781916742722193,0.18734339880523104,0.18734339880523104,0.005396249059847591,4.966991512045382e-05,1.0434218378208016e-08,0.19901002593958417,0.16495238575151916,0.24351343196308406,0.16961459540474322,0.18680089485458612,1.0,0.012512218475256057,0.012512218475256057,0.9999999999999991,2.027691839388992e-15
0.953183978445503,0.951135236541341,0.08632067685424255,0.9556179321342595,1.8634019109407361e-06,0.08386698392240104,0.9547404635240283,1.89721115350205e-06,0.08483223555392654,0.08736143614677895,0.08457094644268606,0.08603585133506968,0.0002260860537813077,0.08632020451622663,0.08759298045335812,0.08736143614677895,0.08736143614677895,0.010732782851616385,0.016449107198994284,0.00992651013085366,0.28857837903200334,0.25077987315378003,0.35740834836995283,0.0820497992066639,0.087248322147651,0.7200000000000001,0.00317955940122041,0.00317955940122041,0.9999999999999992,8.602318952873785e-16
0.9904827313917954,0.9883538207900241,0.8486352616024788,0.9907570210413645,3.4058376963114265e-06,0.8245125320434702,0.989847286976006,3.4396468867240574e-06,0.8344241222331418,0.8593017642151317,0.8318807274563214,0.8469543124277737,0.004004391903169195,0.8490872758034176,0.8622830062371147,0.8593017642151317,0.8593017642151317,0.31344313742344454,0.01900796290474638,0.4799027941478622,0.7178249982956224,0.6591859287576014,0.8761306154884707,0.8365824262467709,0.860178970917226,0.52,0.0031689278732265256,0.0031689278732265256,0.9999999999999994,5.161385837230539e-15
0.9822781550146968,0.9801668790561946,0.6672982103382215,0.9833849162119981,3.983833429268585e-05,0.6483300446355574,0.982481951369319,3.987214225134107e-05,0.6496195871870254,0.6689874399179313,0.6538646619841164,0.658254387932569,0.09533503523797951,0.6673891415730224,0.6701678758423832,0.6689874399179313,0.6689874399179313,0.008839659396152832,0.018266205595724117,0.01281876870078813,0.7692996515669215,0.7250054092093823,0.8310571536713365,0.6575620140971674,0.668903803131991,0.4,0.002181391987480922,0.002181391987480922,0.9999999999999993,4.424052909760079e-15
0.9580266010543597,0.9559674505784118,0.3438121793081739,0.9585119635875717,5.2085692903850304e-05,0.3340392078140558,0.95763183761641,5.211950044843083e-05,0.33412430478229155,0.34408593533727766,0.3366418858240734,0.3385214170839199,0.03692113974343457,0.3436049572030695,0.3446481833973344,0.34408593533727766,0.34408593533727766,0.010050083807886523,0.019007723986167235,0.012335951734606443,0.6057541947029819,0.568533181581234,0.6169918523237854,0.3322885687528589,0.34340044742729303,0.52,0.012181921988115766,0.012181921988115766,0.9999999999999992,1.8433572238979437e-15
0.9967429466585102,0.9946005805584972,0.9577210657878779,0.9967226524421738,4.802032992691841e-06,0.930497537249432,0.9958074406078049,4.835842135900077e-06,0.943827192456367,0.9719665934650016,0.9410564104839036,0.9575194519690146,0.009460400355942322,0.9605211391281746,0.9748492208601465,0.9719665934650016,0.9719665934650016,0.8698423369506827,0.8177833511474368,0.8946173734737135,0.7195315909581002,0.6632076629018258,0.8877370491256276,0.9456599528511267,0.9731543624161074,0.52,0.002226892145910554,0.002226892145910554,0.9999999999999997,8.602318952873785e-15
0.9702440569595592,0.9681586466907055,0.4439702889215137,0.9715679799285487,2.84102508326447e-06,0.43135029103023437,0.9706758656468618,2.8748342927730233e-06,0.43704566196681544,0.45007580481442877,0.4354741286757254,0.4436100718642645,0.0012842472671192367,0.4444814375382351,0.4516387965104088,0.45007580481442877,0.45007580481442877,0.009913172880627208,0.013354508016346855,0.007543628428534177,0.47451863121037974,0.42546419982623895,0.5960524952967194,0.4268958765548948,0.44966442953020136,0.7999999999999999,0.0037123174047606336,0.0037123174047606336,0.9999999999999993,2.33491712095636e-15
0.9442149907573134,0.9421855264966392,0.07638771044586093,0.9453874664029975,3.308640421150809e-05,0.07421636527074076,0.944519391622921,3.312021239844138e-05,0.07530888102708465,0.07755415094478797,0.07494213650175596,0.07639238222113941,0.00013398357092611032,0.07649223311103201,0.07777497797542202,0.07755415094478797,0.07755415094478797,0.009367913398516947,0.011223571204023841,0.0067525372976993125,0.18151379900614018,0.14490568201563825,0.22918259160635657,0.06909083695901953,0.07718120805369126,0.84,0.012985889360846433,0.012985889360846433,0.9999999999999992,9.831225613636991e-16
0.968877423596902,0.9667949507242918,0.39310227025040523,0.9707042069939806,0.0001418449205894318,0.3819282121086581,0.9698128858468833,0.00014187872509931518,0.37854347599598215,0.38982942617350447,0.3849089620013797,0.38018266076178703,0.3615539691461702,0.3928703853705189,0.3870634375792909,0.38982942617350447,0.38982942617350447,0.004060395401310757,0.013365977679973717,0.011535907241815302,0.7897845763422353,0.8300522884448291,0.6676504197661259,0.3877725637624858,0.3870246085011185,0.16000000000000003,0.0022269350275272797,0.0022269350275272797,0.9999999999999992,2.7035891191853224e-15
0.9506578908073914,0.9486145783918851,0.05343251066139701,0.9530538023418341,3.4380730596817365e-06,0.05191367440433432,0.9521786881698462,3.471882249004512e-06,0.05227852312854463,0.053837162610656505,0.052103795626207206,0.05300123062582833,0.000318513367057478,0.05318150598650234,0.05396047910459545,0.053837162610656505,0.053837162610656505,0.009913156763725617,0.013354484438855785,0.00754361719168406,0.17868454612364282,0.14358740225890543,0.22158894489754744,0.04903183622017214,0.05369127516778523,0.7999999999999999,0.00423176174283335,0.00423176174283335,0.9999999999999992,9.216786119489719e-16
0.969592934499796,0.9675089237318761,0.41262840249851185,0.9713979643790495,1.7045698752752806e-05,0.40089930778349636,0.9705060062092384,1.7079507482011204e-05,0.40126613846897147,0.41322954540597456,0.4041115290366229,0.4066281076125504,0.04038588874623374,0.4124701366260175,0.41398751019708596,0.41322954540597456,0.41322954540597456,0.010050327710325213,0.019008085507701722,0.01233613072158235,0.636575272048832,0.5970614509122498,0.6549688340103348,0.40173363641123394,0.412751677852349,0.52,0.0024336765329737056,0.0024336765329737056,0.9999999999999993,2.5806984531090016e-15
0.9622760842521199,0.9602078000784859,0.28654440295918865,0.9641239324915059,5.375823177741829e-06,0.2783992863796822,0.9632386534917233,5.409632301550617e-06,0.2795374765343512,0.28787164746310995,0.2805196886370316,0.28365310750324507,0.006477853135352185,0.2863219333886373,0.2887868338084123,0.28787164746310995,0.28787164746310995,0.01080861609541195,0.01762242533794378,0.010758095660380551,0.5086344861382166,0.4647082953953081,0.5404661041405312,0.27596746095370633,0.2874720357941834,0.64,0.003902617533178158,0.003902617533178158,0.9999999999999993,2.2120292221269054e-15
0.9900662875102711,0.9879382719991121,0.9878464078784632,0.9891899825644506,0.00040046854894800995,0.959766556826678,0.9882816873869867,0.000400502344714008,0.9573038784443053,0.985845075326499,0.9681320009029475,0.9667776075970352,0.9485347821967139,0.9881567586958634,0.9842749362145642,0.985845075326499,0.985845075326499,0.9193580820887508,0.8799444419993723,0.9415975081057582,1.0,0.9911348479582962,1.0,0.9905673727719331,0.9843400447427293,0.0,0.011178439837564507,0.011178439837564507,0.9999999999999996,0.0
0.9616815097456671,0.9596145035306792,0.3747563779016817,0.9627497462658479,0.0002951018266763274,0.364103807635434,0.9618657290729414,0.0002951356260047012,0.36084496918662895,0.3716032535113946,0.36692079805201705,0.36193371442259986,0.414507040862606,0.37451015580831704,0.36848421072004284,0.3716032535113946,0.3716032535113946,0.002101100247124954,0.010746832756994174,0.010564556963073901,0.805023592556017,0.8687781615986108,0.6653213462008356,0.3694217684464074,0.36800894854586125,0.07999999999999996,0.00936042585385494,0.00936042585385494,0.9999999999999993,2.9493593823504994e-15
0.9665135888565195,0.9644361967315893,0.3359664179541873,0.9686344119409762,2.4597543406453077e-05,0.3264164647435298,0.9677449913235022,2.4631351880388853e-05,0.32549495338506645,0.33519930720406554,0.32894141780697317,0.32968411665152575,0.06031554092385853,0.33574521337772123,0.33565094013161195,0.33519930720406554,0.33519930720406554,0.009742636725045273,0.018378415592580133,0.012692140632445614,0.6241867942082813,0.593075266724588,0.6120701707789902,0.3266390109385122,0.3344519015659955,0.48,0.0016618968463547493,0.0016618968463547493,0.9999999999999992,2.9493593823504994e-15
0.9520532783925982,0.95000696677748,0.04556568274465014,0.9547689648283588,8.160519733155009e-07,0.04427046359485283,0.9538922757578756,8.498612512869886e-07,0.04462838092699069,0.04595893795830734,0.04437792765470444,0.04537045458247484,2.585650150944126e-05,0.04529583683631208,0.046191596639467064,0.04595893795830734,0.04595893795830734,0.007621180831631769,0.006154440427537544,0.00332495516970166,0.0846538421957046,0.049246224152911466,0.10810223609977498,0.04061511719684628,0.04586129753914987,0.92,0.0021469441530941615,0.0021469441530941615,0.9999999999999992,3.68671998228962e-16
0.9693957476781305,0.9673121607369992,0.42314077853955945,0.9711914133824734,0.00011640978118803135,0.4111128661631356,0.9702996448721589,0.00011644358655785912,0.4082621902056534,0.42043417844532416,0.41436710475681265,0.41146117715662156,0.2947425543440071,0.42293783777913607,0.41890805157064454,0.42043417844532416,0.42043417844532416,0.005895015579670648,0.015361762024520331,0.012363253268173224,0.7742615039585008,0.7846867906168544,0.6982200154009206,0.416432999124814,0.41834451901565994,0.24,0.0031270270075186312,0.0031270270075186312,0.9999999999999993,1.720466557821623e-15
0.9704867435532611,0.9684008116619238,0.40880650052850154,0.9722191310305035,7.466909078320151e-07,0.3971860446030757,0.9713264188480937,7.805001881485522e-07,0.4025271126607954,0.4145281144655124,0.40112387729328175,0.4086007186906786,0.0009820978446358948,0.4094206885548263,0.4159958227891894,0.4145281144655124,0.4145281144655124,0.0065454947888676784,0.0037440427538504295,0.0015863896595518234,0.35536111114956626,0.31012718331885303,0.4494104683304787,0.38725669667471135,0.4138702460850111,0.9600000000000001,0.0014329637723237412,0.0014329637723237412,0.9999999999999992,1.720466557821623e-15
0.9835137663882382,0.981399834647793,0.7002200127216556,0.9845274012075791,9.992819233102815e-05,0.6803160342247045,0.9836233873109973,9.996199825808698e-05,0.6794037953864757,0.6996596388268543,0.6861649737685993,0.6881275427246237,0.24611511386163223,0.7003575501867773,0.7005816931426836,0.6996596388268543,0.6996596388268543,0.006640713441495194,0.016036817038666662,0.012641534673563992,0.838071696773163,0.8030907888792349,0.8658902029509363,0.6932962753412338,0.6991051454138703,0.28,0.0025572759572469136,0.0025572759572469136,0.9999999999999994,4.9156266430528266e-15
0.9833698397779159,0.9812562173885345,0.6881289059374442,0.9842791947042792,2.8695281573156292e-06,0.6685686210297437,0.9833754087161617,2.903337365860513e-06,0.6753746669330414,0.6955103853524706,0.6744536751499575,0.6852753322610778,0.004677460123189081,0.6884040160898535,0.6976778616409849,0.6955103853524706,0.6955103853524706,0.010505686042763251,0.01837081263753504,0.012149432858336695,0.6787051466406595,0.6256671763683741,0.8127210785288472,0.6753381957909126,0.6957494407158836,0.5599999999999999,0.0022472458783764425,0.0022472458783764425,0.9999999999999994,3.68671998228962e-15
0.9562284727982459,0.9541731871592977,0.1256650565677293,0.9589376539827924,3.216602381658068e-05,0.12209298702058759,0.9580571371337004,3.219983203463139e-05,0.11962548970884336,0.12319202143485848,0.12282474097959598,0.11984041763409646,0.07877023446635219,0.1253652371999462,0.12200936233505782,0.12319202143485848,0.12319202143485848,0.004060477060276568,0.013366098711096619,0.011535969044492944,0.633952821822314,0.6677395256298873,0.5014253920219112,0.12422800576379138,0.12192393736017897,0.16000000000000003,0.0016677016716020326,0.0016677016716020326,0.9999999999999992,1.4746852256689816e-15
0.9502645273026075,0.9482220603695203,0.02797770783450268,0.9529916622694067,1.2339034536131506e-05,0.027182432513868135,0.9521166051557485,1.2372843424518956e-05,0.02544733886969329,0.026206029527029925,0.02708064330153301,0.02513714754612141,0.015591207281228958,0.02764077696355821,0.025592094917332275,0.026206029527029925,0.026206029527029925,0.004060263242720019,0.013365781200880278,0.011535807715425062,0.5220120984288261,0.5304114074717639,0.4309540949668751,0.029371905367220716,0.02572706935123041,0.16000000000000003,0.00311709184827302,0.00311709184827302,0.9999999999999991,1.1674599441016133e-15
0.9763447533599962,0.9742462304574402,0.6593489435663173,0.9762961030876667,1.4757206656293125e-05,0.6406067383218236,0.9753996473432278,1.4791015462923854e-05,0.6480565861212061,0.6673778393113067,0.6462606547864194,0.6578406233020146,0.0026147053343276304,0.6596278537542454,0.6697466226481157,0.6673778393113067,0.6673778393113067,0.008461656817448926,0.009144287959760966,0.004713563418249134,0.46311062168723893,0.41392113292788935,0.5774387950140945,0.6293176071241903,0.6666666666666666,0.88,0.008926997284278504,0.008926997284278504,0.9999999999999996,0.0
0.9725437774434008,0.9704534242319152,0.4599219026991064,0.9742364626487195,6.619776205765722e-05,0.44684847506881276,0.9733418981097225,6.623156912511848e-05,0.4453183714672317,0.4585951580775176,0.45046387584677344,0.45023590683193815,0.16229743905491653,0.4597812313312286,0.4583845498656038,0.4585951580775176,0.4585951580775176,0.00825862039325198,0.017545713612070912,0.012940778423572219,0.7368724521711805,0.714294835794961,0.7203792968450706,0.45147972740735487,0.4574944071588367,0.36,0.001772261640106759,0.001772261640106759,0.9999999999999993,2.089138556050585e-15
0.9909672593929363,0.9888373073628132,0.855640999780763,0.9914437404800381,0.0001745689593047952,0.8313191298665482,0.9905333758543572,0.0001746027627083015,0.8302492337262872,0.8550024049759231,0.838458498782902,0.8397366171100229,0.428652671154822,0.8558011011779059,0.8549346806835749,0.8550024049759231,0.8550024049759231,0.2831207026968947,0.013365842502357062,0.4635412046013543,0.9196715210972979,0.8911108966116412,0.9564517308793423,0.853621447762129,0.8545861297539149,0.16000000000000003,0.0028037917141983523,0.0028037917141983523,0.9999999999999997,5.89874643716966e-15
0.9572208511968757,0.9551634325728418,0.18846872881744253,0.9594005576266382,2.806502303385401e-05,0.1831114447387579,0.9585196157296234,2.8098831390556705e-05,0.18120677948934882,0.18660930473368237,0.18436518017888703,0.18302198567199757,0.0533185467478721,0.18817857347141967,0.1863344287844268,0.18660930473368237,0.18660930473368237,0.00825835285269072,0.017545315938384043,0.012940579370792182,0.5970832069364818,0.5863577949609038,0.5205693482137193,0.18327806482657027,0.1856823266219239,0.36,0.004107232684582138,0.004107232684582138,0.9999999999999992,1.290350610177934e-15
0.9547583353036643,0.9527062095292943,0.11503524933938933,0.9572395935091423,6.24263930520706e-06,0.11176533547282756,0.9563606358551154,6.2764483997093965e-06,0.11106914810219264,0.11438057981672177,0.11240437703614983,0.11249622804052496,0.010786736831125809,0.11472933935834675,0.11453225313542764,0.11438057981672177,0.11438057981672177,0.00974246373697163,0.018378159383841464,0.012692013013929415,0.4724818830167603,0.4398441529105135,0.46543711043357483,0.11154527365986398,0.11409395973154361,0.48,0.0028800788190669734,0.0028800788190669734,0.9999999999999992,1.4132412762542544e-15
0.9677209604695436,0.9656409732602714,0.3857724561490079,0.9696455443535461,0.00012356781733182228,0.3748067503245472,0.9687551952928911,0.0001236016224596418,0.3715943015746071,0.38267306805654944,0.3777212955919045,0.3740684095983196,0.3126465868688364,0.38553404989648243,0.38083852698286125,0.38267306805654944,0.38267306805654944,0.005001030407219886,0.014182098396729792,0.012001303076552894,0.7746821498281555,0.7995810912250221,0.6682039019485941,0.37981237220700004,0.3803131991051454,0.19999999999999996,0.0029503075768287546,0.0029503075768287546,0.9999999999999992,9.831225613636991e-16
0.9632324290163261,0.9611620893071003,0.2897690002424797,0.9653894550434516,7.970786062867298e-05,0.28153222345072304,0.9645030140140781,7.97416672393672e-05,0.27887125644240035,0.2871855645885679,0.2836360265376583,0.28073240310487574,0.1977798575267657,0.2895027293503577,0.2858132687270365,0.2871855645885679,0.2871855645885679,0.005895048887933463,0.015361812323168245,0.012363278952402634,0.710479711000211,0.7318315777584719,0.6086299502275949,0.2842818485978997,0.28523489932885904,0.24,0.0027818499265456747,0.0027818499265456747,0.9999999999999991,2.5806984531090016e-15
0.9902483082527526,0.9881199015122706,0.8227500244930029,0.9908067150952866,0.00012077236489940866,0.799363091102991,0.9898969353997961,0.0001208061701217405,0.7994740852577068,0.8233097217607501,0.8062104109532255,0.8093704751392138,0.2849862155191081,0.8228859967146799,0.824018953822989,0.8233097217607501,0.8233097217607501,0.16103870849897906,0.015362076391071788,0.34937361156070557,0.8752668064885558,0.8386938105994801,0.9188749564408827,0.8181196356621985,0.8232662192393736,0.24,0.0019221363175053513,0.0019221363175053513,0.9999999999999994,5.89874643716966e-15
0.9657400730981278,0.9636643435422122,0.33590805129052276,0.967573060114361,1.9383094236641138e-06,0.3263597571710044,0.966684614052597,1.9721186636928566e-06,0.32936628821572606,0.33918606257368544,0.3289473151177548,0.33430757417966755,0.0015792471557138285,0.33575123266796436,0.34035807580360333,0.33918606257368544,0.33918606257368544,0.01073280971311874,0.01644914806664488,0.009926530196658234,0.48674656597338206,0.4391984569939176,0.5649051168333692,0.3234939216151441,0.33892617449664425,0.7200000000000001,0.002724197674140941,0.002724197674140941,0.9999999999999993,2.9493593823504994e-15
0.9941106399189382,0.9919739316113808,0.9082561175632473,0.994358263999984,0.00027685806663741927,0.8824386460467781,0.9934452231971231,0.0002768918665826019,0.8807231499875199,0.9069811579080028,0.8901046950674254,0.8903330009654243,0.6625656689992703,0.9085155428778876,0.9064467886395551,0.9069811579080028,0.9069811579080028,0.5334366723971202,0.31561891543539744,0.6528318507063564,0.9608557647208862,0.9400755968722851,0.9781036876292379,0.909545675932957,0.9060402684563758,0.07999999999999996,0.0023121604914157204,0.0023121604914157204,0.9999999999999996,2.7035891191853224e-15
0.9617341536090407,0.9596670342430859,0.25227394225314936,0.9637749262750901,1.4268101076159911e-06,0.24510297451340873,0.962889967740202,1.4606193649381705e-06,0.2480161119412369,0.25541050032747686,0.24712223599918665,0.25180470595963733,0.000523060225763672,0.2522336907558852,0.2563620205405647,0.25541050032747686,0.25541050032747686,0.009368127216073496,0.01122388714240774,0.006752688995181,0.36124827932307113,0.3169208757602089,0.4347511807205091,0.23970489261410982,0.25503355704697983,0.84,0.0026681659969775206,0.0026681659969775206,0.9999999999999992,1.5975758917453025e-15
0.9673396665311109,0.9652604988623338,0.4292802689852241,0.9687282552166095,0.00027352015947495025,0.4170778396232919,0.9678387484302539,0.0002735539595329852,0.4136982826407977,0.4260323433299328,0.4203576271529544,0.41461877854506146,0.5758383950700211,0.42905226761757276,0.42212280114777084,0.4260323433299328,0.4260323433299328,9.434833995847214e-06,0.007953450172901277,0.009653567032084975,0.8575229125013308,0.9380008305821015,0.7172324296210064,0.42617553194302715,0.42170022371364646,0.0,0.005882539493623619,0.005882539493623619,0.9999999999999993,0.0
0.9565546905061945,0.9544987037057672,0.1776912598920098,0.9587919695008793,6.524945223545199e-05,0.17264032882501584,0.957911586422362,6.528325933497495e-05,0.17004185440724784,0.17511150695345645,0.17379421695485203,0.17059000357336257,0.11855061645550106,0.17738896136685836,0.17367744511931194,0.17511150695345645,0.17511150695345645,0.004060195551734758,0.013365679031751121,0.01153575714959798,0.6737229664614173,0.7118458297132921,0.5294722837324422,0.17469033664973727,0.17337807606263977,0.16000000000000003,0.004219565125539459,0.004219565125539459,0.9999999999999992,2.642145169770595e-15
0.9775616163581398,0.9754604779707747,0.6023000199432353,0.978822279837728,0.0002239889873587038,0.58517944865441,0.9779235045043326,0.0002240227890913533,0.5815067968663056,0.598843924973074,0.5899738218370598,0.5857398141300704,0.577140981381259,0.6021767888657599,0.5963408892187645,0.598843924973074,0.598843924973074,0.002101235629096365,0.010747035523420045,0.01056465969999243,0.9085836796304534,0.9263437185056471,0.8393783084333553,0.5998738374508009,0.5961968680089486,0.07999999999999996,0.003754210528452788,0.003754210528452788,0.9999999999999994,2.9493593823504994e-15
0.983433153834314,0.9813193953598079,0.688597117589629,0.9842369784605792,2.473027092863847e-06,0.6690235236155097,0.9833332312363102,2.5068363148141563e-06,0.6779707676785653,0.6981838866227102,0.6758706589024579,0.6880555545478437,0.0037829114224169074,0.689850308610594,0.7005084020801355,0.6981838866227102,0.6981838866227102,0.010732835500161464,0.016449185790631482,0.009926548657198442,0.5742450743103511,0.521552024326672,0.7184048113522419,0.6688644538601826,0.697986577181208,0.7200000000000001,0.0023112572054101695,0.0023112572054101695,0.9999999999999994,5.652959570523286e-15
0.949830197492513,0.9477886640934572,0.06501497434422712,0.952248174461187,7.13781509503011e-05,0.06316690284124692,0.9513738000337697,7.1411957842617e-05,0.06103277210185788,0.06285241203443183,0.06338462572645648,0.060302161484569114,0.053674472744320016,0.06469566779177721,0.061393546646525216,0.06285241203443183,0.06285241203443183,9.438057375632525e-06,0.007953456460231934,0.009653569439981524,0.6294780064453658,0.7002219096437869,0.4783194732672218,0.06562111063644023,0.06152125279642058,0.0,0.005575728711759135,0.005575728711759135,0.9999999999999992,6.144533303816033e-16
0.9797763078424295,0.977670409270933,0.6466016499427254,0.980617706949907,9.493603128589191e-06,0.6282217906089006,0.9797172830173384,9.5274121131787e-06,0.633099425256672,0.6519747434802006,0.6336068654555373,0.6421703182650803,0.01683853977462809,0.6467123345494648,0.6537927069083542,0.6519747434802006,0.6519747434802006,0.010050208445255393,0.01900790789060025,0.01233604323467441,0.6977213545535452,0.6465592302345797,0.8030690979490469,0.6347600672539815,0.6521252796420581,0.52,0.004001108514911308,0.004001108514911308,0.9999999999999994,1.5975758917453025e-15
0.9851646575035428,0.9830471773927058,0.707809546554343,0.9860225610001166,1.3091838367392104e-06,0.6876898331234238,0.9851171742161693,1.3429930980382523e-06,0.6967236474206314,0.7174958674452987,0.6940827894918891,0.707178416525479,0.0022657819635378672,0.7084391373192962,0.7199773612341029,0.7174958674452987,0.7174958674452987,0.009368296980767354,0.011224138635648195,0.0067528101926401796,0.49664070437462016,0.44531127193744524,0.6268097525526848,0.6806223222869708,0.7170022371364653,0.84,0.0014079153999312986,0.0014079153999312986,0.9999999999999993,3.440933115643246e-15
0.9524110158067078,0.9503639352827036,0.3205739199949669,0.9522473123459669,9.362847517187211e-05,0.3114615034768182,0.9513729387101619,9.366228131192002e-05,0.31142480597068706,0.3207096703709575,0.3138787055299952,0.31563928232039834,0.03430037852537925,0.3203709452749163,0.32135191385422984,0.3207096703709575,0.3207096703709575,0.010050061244224473,0.019007690977679736,0.012335935681962784,0.5922435030904563,0.5561780834057348,0.6033445585770973,0.3084118933287234,0.319910514541387,0.52,0.01739357367192462,0.01739357367192462,0.9999999999999993,2.8264936214959734e-15
0.9860481892109961,0.9839288100665269,0.7662720085233516,0.9864297486218014,3.627670488860776e-06,0.7444904808558084,0.985523987949562,3.661479671773394e-06,0.7546751967137919,0.777175192646661,0.752388232456868,0.7660193067893258,0.0032907035573909657,0.7679505649767485,0.7798831896853924,0.777175192646661,0.777175192646661,0.049663556462877345,0.0184814319396418,0.17997922913131514,0.6601546938520606,0.604314045178107,0.8241600091121217,0.7517093325265011,0.7774049217002237,0.6,0.0037026174754045986,0.0037026174754045986,0.9999999999999997,5.407172703876912e-15
0.9541086124650329,0.9520578831832978,0.2674894482196076,0.9552363286735289,0.00033129606984126517,0.2598859748415327,0.9543592104596716,0.00033132986794593675,0.25706465829273323,0.2647288213542157,0.2617940561081813,0.25758974266808715,0.25383922216335925,0.2672089815112275,0.26225175835871833,0.2647288213542157,0.2647288213542157,0.0021010787579234247,0.010746799748506675,0.01056454010779806,0.7531385167152855,0.8208126463944385,0.5983706246744713,0.262587038755155,0.261744966442953,0.07999999999999996,0.011939671803734236,0.011939671803734236,0.9999999999999992,1.904801173312671e-15
0.9701440296828638,0.968058834409308,0.4402007613708463,0.9718679782249704,9.883647081548377e-05,0.42768791350948465,0.9709755884784985,9.887027677945295e-05,0.4252573994053304,0.4379360852806675,0.4310994905349677,0.42948456527722145,0.24983923750710774,0.4400163147640612,0.43725763792160194,0.4379360852806675,0.4379360852806675,0.006640644676049412,0.016036716441370835,0.012641484107736467,0.7657803484216288,0.7604424378801031,0.7106468802032548,0.4329156742154191,0.43624161073825496,0.28,0.0032369860227585588,0.0032369860227585588,0.9999999999999993,1.3517945595926612e-15
0.9913632538423334,0.9892324506749265,0.8642261506532175,0.9916785803173267,6.340768756374381e-06,0.8396602450712785,0.9907680000567368,6.3745778475590304e-06,0.8484220970678088,0.8737170767047526,0.8472160906490191,0.8603506639694035,0.011581102280203457,0.8647398343096818,0.8759218130894155,0.8737170767047526,0.8737170767047526,0.38445198775115497,0.10326668657654814,0.5350294640012354,0.7683305280704325,0.7147410460469139,0.909089981121106,0.8558436802798989,0.8747203579418344,0.43999999999999995,0.002965119892003492,0.002965119892003492,0.9999999999999994,0.0
0.9812113979470238,0.9791024148406421,0.6271999497928851,0.9822914747278317,1.4033945633860393e-06,0.6093715900100167,0.9813895139062653,1.4372038214998822e-06,0.6176996999112194,0.6361158884864585,0.6158654755042803,0.6269041372053575,0.0025019859136226944,0.6286039832372029,0.638250229227115,0.6361158884864585,0.6361158884864585,0.006545484044266914,0.003744027035522457,0.001586382435862621,0.40752144021288217,0.35862984361424743,0.5119815507891214,0.5968987855365941,0.6353467561521252,0.9600000000000001,0.001424458374096063,0.001424458374096063,0.9999999999999993,2.5806984531090016e-15
0.9791881336504406,0.9770834992809672,0.676884892696086,0.9798830338429128,0.00011069661785463247,0.6576442224719269,0.9789832845027397,0.00011073042341761833,0.6556825082173768,0.6752311217565328,0.6631612006078726,0.663718659245586,0.2677449023456103,0.6768779689901246,0.6757310428580603,0.6752311217565328,0.6752311217565328,0.005894887718921105,0.015361573404589102,0.012363157754943899,0.8571018939915707,0.8266108288444833,0.8633384571756508,0.6703304164175211,0.674496644295302,0.24,0.006138596042483582,0.006138596042483582,0.9999999999999993,5.161385837230539e-15
0.9625084985798105,0.9604397148625595,0.6839435481383552,0.9592802761390007,0.00013002887264598487,0.664502233368785,0.9583994446869935,0.00013006267755536063,0.6739083854923259,0.6940003879839014,0.6717309024263689,0.68396262076033,0.0025734404446683618,0.6856249257729367,0.6963413918898098,0.6940003879839014,0.6940003879839014,0.010868331363489858,0.017351120716755375,0.010614512789890451,0.596109647762626,0.5422516437880098,0.7473289430976902,0.6622996401417648,0.6935123042505592,0.68,0.02713855572838123,0.02713855572838123,0.9999999999999994,3.68671998228962e-15
0.960145426630562,0.9580817220214733,0.2223089929051913,0.9624985901537367,5.043502431351654e-05,0.21598978846362576,0.961614803577688,5.046883191390503e-05,0.21334347726073588,0.21970413068034356,0.2175193981175797,0.21484382787160422,0.12244286840931931,0.22201855035973564,0.21873220202112648,0.21970413068034356,0.21970413068034356,0.005895073600515666,0.015361850047154846,0.012363297412942842,0.6740863283662062,0.6895792198088628,0.5590329937523197,0.21788308970942538,0.21812080536912748,0.24,0.002563317322157004,0.002563317322157004,0.9999999999999992,1.8433572238979437e-15
0.9664787233267352,0.9644014061406139,0.3359291875034712,0.9683719279853333,1.3844247816496019e-06,0.32638029258031914,0.9674827483861828,1.4182340404047996e-06,0.3305818691172451,0.3404378849807678,0.3295915239872535,0.33538089100114826,0.001891321045330412,0.33640876629748306,0.3414508181651344,0.3404378849807678,0.3404378849807678,0.00936821209842087,0.011224012889027968,0.00675274919259472,0.40756489328927614,0.36402470199826276,0.5075299490147032,0.32097011232444644,0.34004474272930646,0.84,0.0019235614315196306,0.0019235614315196306,0.9999999999999993,2.089138556050585e-15
0.949309847320306,0.9472694323445837,0.0,0.952058177873842,1.412544229421078e-06,0.0,0.9511839779053122,1.4463534872255767e-06,0.0,0.0,0.0,0.0,8.989396245531644e-05,0.0,0.0,0.0,0.0,0.01086858493606968,0.017351494812951174,0.0106146965926599,0.15205869786582937,0.12847188184187708,0.1822149790024863,0.0,0.0,0.68,0.002760102622275634,0.002760102622275634,0.9999999999999991,7.680659711652876e-16
0.0,0.0,0.9063523621799232,0.0,1.0,0.8805890055209628,0.0,1.0,0.9072248759216788,0.9342730101485902,0.9089050034203967,0.9066521693643904,0.6401140105808206,0.9277047151676455,0.9230613112647648,0.9342730101485902,0.9342730101485902,0.587962287525519,0.4010835806350199,0.6873045913703746,0.57365934887493,0.6760348236316247,0.6293231114606712,0.6800787061961855,0.9161073825503356,0.4,1.0,1.0,0.9999999999999991,5.652959570523286e-15
0.9689563463692196,0.9668737038626305,0.4207798744372795,0.9705671240581433,2.577878967156442e-05,0.40881907151735697,0.969675928783499,2.581259810556308e-05,0.4089722659004407,0.4211654244400157,0.41209871676832827,0.4142591109126288,0.05982723428851161,0.42062253065151833,0.4217566240319695,0.4211654244400157,0.4211654244400157,0.009742401418287194,0.018378068217541177,0.01269196806652717,0.6620935763134259,0.627209647263248,0.6755990014098945,0.4105701393312359,0.42058165548098436,0.48,0.003644294412771686,0.003644294412771686,0.9999999999999993,4.055372609790519e-15
0.9653918870855781,0.963316905909084,0.31382033780915536,0.9673492188843179,1.070880211209858e-06,0.30489989403123335,0.9664609783583087,1.10468948056578e-06,0.30880846148943536,0.3180153218153126,0.307672515349506,0.3133169854393738,0.0011119973667515824,0.31403638679850754,0.318987586633078,0.3180153218153126,0.3180153218153126,0.009913335124100087,0.01335474850675844,0.007543744007568076,0.42388609956770296,0.37743735013032165,0.5141598698040344,0.300798222194698,0.3176733780760626,0.7999999999999999,0.0019274780571761911,0.0019274780571761911,0.9999999999999992,0.0
0.944405025329142,0.9423751526144868,0.029410883847268116,0.9461122885986621,2.1329621150333587e-05,0.028574870038698144,0.9452435482715051,2.1363429734755544e-05,0.028368022485231834,0.029213790828117134,0.0284964172517701,0.028722706533569856,0.0006135907905515483,0.029085834658590992,0.029242547530148044,0.029213790828117134,0.029213790828117134,0.009742262812935998,0.018377863879282863,0.012691865329608643,0.34841767750140207,0.311386985230234,0.39434696563391114,0.028215485198240423,0.02908277404921701,0.48,0.01008637958940974,0.01008637958940974,0.9999999999999992,8.602318952873785e-16
0.9645221704249992,0.9624490585885355,0.46422864758336113,0.9645273925533477,2.448607666780521e-05,0.4510327993480996,0.9636417430879975,2.45198851455096e-05,0.45659274582809556,0.4702056682732012,0.4550408583587056,0.463398047903431,0.0016606588001662024,0.4644528837498868,0.47178490736435813,0.4702056682732012,0.4702056682732012,0.010732606640162956,0.016448846274755624,0.009926383314969645,0.5316716805872623,0.48066155343179773,0.652215617432196,0.4479219086270292,0.4697986577181208,0.7200000000000001,0.011713844533961683,0.011713844533961683,0.9999999999999993,1.9662478899742645e-15
0.9729794506324461,0.9708881609995149,0.6067934641939695,0.973262665609569,9.900784778902408e-05,0.5895451653107896,0.972368995231623,9.904165374719913e-05,0.5883863519719341,0.6059285881338905,0.5944598754663997,0.5953918673767542,0.1890943164715059,0.6067556316367557,0.606167631190305,0.6059285881338905,0.6059285881338905,0.00751247555603296,0.01666738918579025,0.012827091996483908,0.7991407736505778,0.7707582258905283,0.8173897306379576,0.5973502079338573,0.605145413870246,0.31999999999999995,0.009540708827634201,0.009540708827634201,0.9999999999999993,1.5975758917453025e-15
0.9729794506324461,0.9708881609995149,0.6067934641939695,0.973262665609569,9.900784778902408e-05,0.5895451653107896,0.972368995231623,9.904165374719913e-05,0.5883863519719341,0.6059285881338905,0.5944598754663997,0.5953918673767542,0.1890943164715059,0.6067556316367557,0.606167631190305,0.6059285881338905,0.6059285881338905,0.00751247555603296,0.01666738918579025,0.012827091996483908,0.7991407736505778,0.7707582258905283,0.8173897306379576,0.5973502079338573,0.23713646532438476,0.7599999999999999,0.009540708827634201,0.009540708827634201,0.9999999999999993,1.5975758917453025e-15
0.9956786637988517,0.9935385852329789,0.8956217235964608,0.9959795373380846,1.7420935448374722e-06,0.870163388781697,0.9950650078477318,1.7759027915001372e-06,0.8798801021387092,0.9061129753081735,0.8767385626057276,0.892853597096361,0.004035650710011559,0.8948729464991579,0.9090130040509432,0.9061129753081735,0.9061129753081735,0.5322875255184272,0.33527192706695974,0.6302273551641648,0.5094548272228323,0.456820156385751,0.6425965640138731,0.8600452923953344,0.9060402684563758,0.84,0.00010110372813870285,0.00010110372813870285,0.9999999999999991,0.0
0.9960236844659924,0.993882864324186,0.9149258843811303,0.9961502974822753,0.00023411923084694887,0.8889188226031561,0.9952356111963441,0.00023415303223710187,0.8867932027787389,0.9132321841348264,0.8956536042786611,0.8965603464089121,0.5330195427938372,0.9141792252428526,0.9127868403650083,0.9132321841348264,0.9132321841348264,0.5675298162673261,0.36607984910405467,0.6776629169392847,0.9427614594226057,0.9188531711555168,0.9784225285931534,0.91410342825584,0.912751677852349,0.12,0.0008223761098912946,0.0008223761098912946,0.9999999999999991,0.0
0.956157594783233,0.9541024614871303,0.09057031479258129,0.9589639234641054,1.6922579814021134e-07,0.08799582453902978,0.9580833824938196,2.030350979804429e-07,0.08800543048270222,0.09062923717007391,0.08791478952193088,0.08934290710915584,0.00045517066778033994,0.0897332113538194,0.09095988933242,0.09062923717007391,0.09062923717007391,0.010852046846459906,0.017604526878339577,0.010755839461325856,0.34923758473932587,0.3068635968722848,0.39866663803173985,0.08700134862603422,0.09060402684563758,0.64,1.857007251527195e-05,1.857007251527195e-05,0.9999999999999991,0.0
0.9781750600639403,0.9760726031611004,0.5474289863075531,0.9794962662467493,0.0001140083523830671,0.5318681417528224,0.9785968720447688,0.0001140421578340855,0.5291643749173092,0.5449409584532513,0.5355644390839804,0.535045549580623,0.25959884095935326,0.5466420071895208,0.5447291290644589,0.5449409584532513,0.5449409584532513,0.006661652519608374,0.016032694121345337,0.012682156690772217,0.803426464274029,0.7824500434404875,0.7935042744552678,0.540022808229684,0.5436241610738255,0.28,0.0005406851548287152,0.0005406851548287152,0.9999999999999991,0.0
0.9985674970643305,0.9964212093364291,0.9552803109460675,0.9986687861010469,3.825148390588803e-06,0.9281261616470109,0.9977517872855639,3.858957566824829e-06,0.9377629972766379,0.9657215994893479,0.9351945959165524,0.9512300470029261,0.008777521930746318,0.9545380793000234,0.9684459864211414,0.9657215994893479,0.9657215994893479,0.8160524336520902,0.7585664885256209,0.8356209297538983,0.43096638034327306,0.3843614248479579,0.5392135205920834,0.9074249172987148,0.965324384787472,0.9600000000000001,0.00016120975995141885,0.00016120975995141885,0.9999999999999991,0.0
0.9988095833887883,0.9966627753286021,0.9707430407404207,0.9987671296395861,0.00017973034614807162,0.943149358386411,0.9978500405229846,0.00017976414937707504,0.9426136259025153,0.9707168454616403,0.9503456393470329,0.9533648240939242,0.4092085506792996,0.970002505590199,0.970619400005158,0.9707168454616403,0.9707168454616403,0.856452132803267,0.7898459603898145,0.8930091305478252,0.9254795995592175,0.8941789748045181,0.981575824035211,0.9689596251741155,0.970917225950783,0.16000000000000003,0.0007775208622698647,0.0007775208622698647,0.9999999999999991,0.0
0.9751642305404672,0.9730682450143504,0.47768179231671204,0.976760527811023,8.565263384681459e-07,0.4641035341265448,0.975863645621974,8.903356150712234e-07,0.4688370685033479,0.48281504496320515,0.4672231578636828,0.4756599323219497,0.0020197433235718256,0.47688716087436256,0.48426871481818007,0.48281504496320515,0.48281504496320515,0.006554206511228067,0.0037723986167863544,0.0016058326214545282,0.3762404907758725,0.33379669852302385,0.47231861014268794,0.45219408866144994,0.4821029082774049,0.9600000000000001,6.073400527941599e-05,6.073400527941599e-05,0.9999999999999991,0.0
0.9583306531287598,0.9562708491334075,0.1345915618482748,0.961002316808372,6.094996966914392e-08,0.13076575352485004,0.9601199041421765,9.475927317010606e-08,0.13154650633703335,0.13546845298435228,0.13104868857307284,0.13359101408620644,0.00020869130312252632,0.13375928820753127,0.1360088254374905,0.13546845298435228,0.13546845298435228,0.00988503277103181,0.013360578434453707,0.00754531074558118,0.2943316757983503,0.251607298001737,0.36533180050140146,0.12708081501149998,0.13534675615212527,0.7999999999999999,8.701918038557385e-06,8.701918038557385e-06,0.9999999999999991,0.0
0.9961046976060669,0.9939637033373149,0.9077668538991774,0.9963469845593538,1.0780615517538167e-05,0.8819632898593185,0.9954321176711856,1.081442445861468e-05,0.8884164446417293,0.914903821566499,0.8886388802813623,0.9008299005909083,0.024610964561082693,0.9070194093067486,0.9171336675330415,0.914903821566499,0.914903821566499,0.587944557859676,0.40113171958503546,0.6872945030865174,0.7938854374744491,0.7400521285838391,0.9306726261848315,0.8992762938667505,0.9161073825503356,0.4,0.00029398129291085114,0.00029398129291085114,0.9999999999999991,0.0
0.9982663188024066,0.9961206784170328,0.9487809201291184,0.9983844838714518,3.326792756235214e-06,0.9218115180990822,0.9974677461082931,3.360601949320299e-06,0.9317283569389323,0.9595070415080705,0.9288262150517959,0.9450586005034954,0.007643063927851084,0.9480379754013927,0.9621628453328026,0.9595070415080705,0.9595070415080705,0.7970344901686905,0.7214712354605464,0.8298419780655588,0.5368177720065326,0.4858384013900956,0.6734538122683063,0.9135153832659044,0.9597315436241611,0.7999999999999999,0.0001459589757601327,0.0001459589757601327,0.9999999999999991,0.0
0.9531734519411962,0.9511247326623521,0.029611849279584823,0.9561680166634364,4.158939106835701e-08,0.028770122964130188,0.9552900429539484,7.539869522388688e-08,0.028212839035372902,0.029053980716343394,0.028185080038154814,0.02865119441208107,0.00016461883394530133,0.02876805777322769,0.02916974113882928,0.029053980716343394,0.029053980716343394,0.010852046846459906,0.01744734360264033,0.010595313025538289,0.22268396511471522,0.18679409209383202,0.26803011257501197,0.02792802906564952,0.02908277404921701,0.68,5.382629714571581e-06,5.382629714571581e-06,0.9999999999999991,0.0
0.9970377783605715,0.9948947785591155,0.9241802408578008,0.9972213480201839,3.896854237258384e-06,0.8979101210281171,0.9963056782729807,3.930663411070085e-06,0.9071123715107601,0.9341571515148229,0.9047214182263892,0.9198100096363274,0.008940753298069374,0.9234345970626942,0.9364572901254795,0.9341571515148229,0.9341571515148229,0.6663801439776513,0.533794404275385,0.7287905867375106,0.4837120568013251,0.4361424847958304,0.6020541940445447,0.883651098419891,0.9340044742729305,0.88,0.00017556343919027638,0.00017556343919027638,0.9999999999999991,0.0
0.9884065431074619,0.9862820949956561,0.7474550141366408,0.9891786346320159,1.1576908944803864e-06,0.7262083655711595,0.9882703498744638,1.1915001609012995e-06,0.7341702737314518,0.7560589329121454,0.7315584889814124,0.7452240577216136,0.0027053150663286585,0.7466899809055936,0.7587115755635436,0.7560589329121454,0.7560589329121454,0.02213387772644193,0.01744734360264033,0.10113222280952439,0.6072053470751282,0.5522154648132069,0.7621965554233956,0.7273571407377298,0.756152125279642,0.68,7.419057956584495e-05,7.419057956584495e-05,0.9999999999999991,0.0
0.9705874646741429,0.9685013162961822,0.38469200071779674,0.9724861600132428,3.689265811149946e-07,0.37375700718558563,0.9715932026391695,4.027358742034814e-07,0.37713345172593626,0.38837736323506267,0.37610778626733055,0.3828747571213887,0.0009097700257750492,0.38388716688589153,0.38980425713469674,0.38837736323506267,0.38837736323506267,0.010422262812936012,0.015246777742847328,0.00882952223187905,0.4817318436919784,0.4319721980886193,0.5754764181757608,0.3700358029247374,0.38814317673378074,0.7599999999999999,4.9968745850272826e-05,4.9968745850272826e-05,0.9999999999999991,0.0
0.9597955613204592,0.9577326087002181,0.16542001560389274,0.9623675039297296,7.884057841320439e-07,0.16071789859248709,0.961483837719826,8.222150630382301e-07,0.1608985386125189,0.16569559101353903,0.1612557249733657,0.1632256015221522,0.0018646735246149232,0.16459112431178344,0.16617975764470216,0.16569559101353903,0.16569559101353903,0.010852046846459906,0.01744734360264033,0.010595313025538289,0.4019832611973797,0.3619461337966978,0.44911936510468387,0.15818839497909165,0.16554809843400448,0.68,6.432242508913038e-05,6.432242508913038e-05,0.9999999999999991,0.0
0.952956908583256,0.9509086547354949,0.02510883850760315,0.95596587599013,8.246172367001828e-09,0.024395111717938525,0.9550880878904864,4.205547764984276e-08,0.02387400902041499,0.02458579219309602,0.02377283765394589,0.024263257136856883,8.871624814008061e-05,0.024264552952713597,0.02470238830840979,0.02458579219309602,0.02458579219309602,0.01074460083807871,0.016504243948443076,0.009953207282389354,0.1850599160371278,0.14908774978279737,0.22658680105080897,0.023286673966515195,0.02460850111856823,0.7200000000000001,0.0,0.0,0.9999999999999991,0.0
0.9536743037660095,0.9516245079729304,0.04137477659993166,0.9566168208120426,5.00829486063689e-06,0.040198685301769135,0.9557384350010867,5.042103996871556e-06,0.03824829314127247,0.039388633308625534,0.039710898898757424,0.03839354077281766,0.011470839491576732,0.0405322756649886,0.03908841040406846,0.039388633308625534,0.039388633308625534,0.006661652519608374,0.016032694121345337,0.012682156690772217,0.48965269612936524,0.47645525629887153,0.44056042033338194,0.041881496612549265,0.03914988814317673,0.28,9.895067625287421e-05,9.895067625287421e-05,0.9999999999999991,0.0
0.9916880518283604,0.9895565505509776,0.8273102159353339,0.9920717227294049,0.00031925558259774246,0.8037936576406334,0.9911607814771318,0.00031928938110949455,0.7999211176641106,0.8237700820562508,0.8098040282033165,0.8080253183258836,0.7268241452165008,0.8265539440302644,0.8226494515442488,0.8237700820562508,0.8237700820562508,0.15364779198452716,0.0108456460232631,0.34432977302714596,0.9492421568713763,0.9405734144222428,0.92954644924124,0.8263587151147397,0.8221476510067114,0.07999999999999996,0.00086364293770301,0.00086364293770301,0.9999999999999991,0.0
0.9669037495401689,0.9648255188168569,0.3099199045729563,0.969033407778349,4.011942121163062e-07,0.3011103318610588,0.9681436207944527,4.350035041138467e-07,0.3033236893676074,0.31236702590077065,0.3028428911844301,0.30792467416289326,0.0009832241410704242,0.30910686710880664,0.3134976820304063,0.31236702590077065,0.31236702590077065,0.01074460083807871,0.016504243948443076,0.009953207282389354,0.4738109912545916,0.4253692441355348,0.5455201114762005,0.298172504833254,0.31208053691275167,0.7200000000000001,5.7145585469701605e-05,5.7145585469701605e-05,0.9999999999999991,0.0
0.9531217941507016,0.9510731859033923,0.02844195893253401,0.956118129668432,1.7926461667395288e-09,0.02763348712550305,0.9552402017662386,3.56019516677697e-08,0.02717778363567784,0.027988066024617994,0.02703877148249864,0.027568280215011162,7.40254250810056e-05,0.02759803907147415,0.02806722770257361,0.027988066024617994,0.027988066024617994,0.006554206511228067,0.0037723986167863544,0.0016058326214545282,0.025022692927198165,0.01198957428323233,0.03130771903187046,0.023920922491374272,0.027964205816554802,0.9600000000000001,1.345657428642892e-06,1.345657428642892e-06,0.9999999999999991,0.0
0.9700708867691975,0.9679858487065847,0.3793760810645309,0.9719586810338053,3.516060338519573e-05,0.36859219425384704,0.9710662080020948,3.519441150200179e-05,0.36678289772898565,0.37771821631780883,0.3708990210227237,0.37142458908785375,0.08010962945092152,0.3785706639956681,0.3781468570022443,0.37771821631780883,0.37771821631780883,0.009347802729128496,0.018704809808236078,0.01284268312655934,0.6667917597291062,0.6366637706342324,0.64755174256568,0.3698677900704701,0.3769574944071588,0.43999999999999995,0.0003334539108177094,0.0003334539108177094,0.9999999999999991,0.0
0.9902612674672843,0.988132832872698,0.7861021380392152,0.9908862360739236,3.2371604478982377e-06,0.7637569325785433,0.9899763833605874,3.2709696440137292e-06,0.7713329639123853,0.7943295969360864,0.7694265925115467,0.7822915508471252,0.007439024718697265,0.7853413449834225,0.7964499387041948,0.7943295969360864,0.7943295969360864,0.08230364241968413,0.015246777742847328,0.23669679783182218,0.5558998256056924,0.5056472632493492,0.691022172588351,0.75898556055355,0.7941834451901566,0.7599999999999999,0.00014775318566498987,0.00014775318566498987,0.9999999999999991,0.0
0.9754606433235631,0.9733640206976804,0.4928147022785635,0.9768758579607644,0.00018977274997414648,0.47880628626799027,0.975978869873131,0.0001898065528636232,0.47477622402558334,0.48893127133085457,0.482051029727892,0.47816344363775654,0.4320691036728936,0.4920217311458016,0.48681753620307217,0.48893127133085457,0.48893127133085457,0.004082948318470336,0.013360578434453707,0.01155847164026147,0.8388902808686929,0.8559513466550825,0.7662507924203279,0.4877708105525519,0.4865771812080537,0.16000000000000003,0.0006447493293104326,0.0006447493293104326,0.9999999999999991,0.0
0.9829891467758944,0.9808763426353754,0.6423394934016265,0.9840540422419561,2.5802990394815405e-05,0.6240807872348112,0.9831504629935948,2.5836798827995852e-05,0.6256231355051279,0.6442755545400584,0.6285618098015593,0.6339827642161512,0.058807936015262796,0.6415629274047514,0.6454569695309718,0.6442755545400584,0.6442755545400584,0.009347802729128496,0.018704809808236078,0.01284268312655934,0.7434800128728973,0.6976542137271942,0.8137754594399311,0.6318838363003334,0.6442953020134228,0.43999999999999995,0.00035588153462842427,0.00035588153462842427,0.9999999999999991,0.0
0.9882521415934377,0.9861280253471049,0.744874658976479,0.9890105565843308,2.2942285641932466e-06,0.7237013578342207,0.9881024261595993,2.3280377921886104e-06,0.731076565710223,0.7528729886306045,0.7290301467276434,0.7415755296024533,0.005292532238399086,0.7441093426413611,0.7549970141654063,0.7528729886306045,0.7528729886306045,0.019125389491779998,0.016504243948443076,0.08812958151076034,0.5800224216650065,0.5277150304083413,0.7245822455074062,0.7218127165469087,0.7527964205816554,0.7200000000000001,0.00012353135194941776,0.00012353135194941776,0.9999999999999991,0.0
0.9846399086418823,0.9825235564087754,0.680191169472873,0.9855676387032909,9.509593532396509e-05,0.6608565172706575,0.9846626696386247,9.512974141439917e-05,0.6586990755839445,0.6783376255007295,0.6656504995542158,0.6668389243530576,0.21654656782789738,0.679418756378569,0.6789077804195174,0.6783376255007295,0.6783376255007295,0.006661652519608374,0.016032694121345337,0.012682156690772217,0.837090087132923,0.803996524761077,0.8558944771302901,0.6728369695279891,0.6778523489932886,0.28,0.0005873346123550023,0.0005873346123550023,0.9999999999999991,0.0
0.9593628558428849,0.9573008332653893,0.15632086846016408,0.9619651894538875,4.979971051202406e-07,0.1518773976253871,0.9610818926576503,5.318063938449425e-07,0.1522285173678407,0.15676708049613453,0.15233999176270657,0.15449242251352385,0.0012035864869565488,0.15549097885370014,0.15728852025554352,0.15676708049613453,0.15676708049613453,0.010852046846459906,0.01744734360264033,0.010595313025538289,0.39334233126568563,0.34943527367506455,0.44168659727697346,0.14959873780467564,0.1565995525727069,0.68,4.727743099298704e-05,4.727743099298704e-05,0.9999999999999991,0.0
0.975912410716449,0.9738148170767749,0.5023794774211183,0.9772880067904605,0.00021694926586191769,0.4880991796086731,0.9763906402590488,0.0002169830678325753,0.48382818453214166,0.49825310830277036,0.4914230051497576,0.48711010035548474,0.4939337918883316,0.5015875556891599,0.4959261149506325,0.49825310830277036,0.49825310830277036,0.00311593424304224,0.012103112228858848,0.011157155550793885,0.8572522569735437,0.8811468288444821,0.7712059709721348,0.49806159787642434,0.49552572706935116,0.12,0.0006734566877881476,0.0006734566877881476,0.9999999999999991,0.0
0.9680541361292262,0.9659734328032852,0.33289088584838206,0.970103564284089,6.880175987946303e-07,0.3234283556244837,0.9692127946598401,7.218268810948713e-07,0.32637372382207136,0.33610427743052246,0.32535084027061434,0.3311549303258449,0.0016361496103626453,0.33208036864904233,0.33714837348556836,0.33610427743052246,0.33610427743052246,0.006554206511228067,0.0037723986167863544,0.0016058326214545282,0.32475494993285814,0.28218940052128616,0.40722558280304355,0.31333146460952177,0.3355704697986577,0.9600000000000001,4.548322108812986e-05,4.548322108812986e-05,0.9999999999999991,0.0
0.9623527172595153,0.9602842683734472,0.21887022963581676,0.96476440417358,4.327089317275871e-06,0.21264877314336178,0.963878537079144,4.3608984765416225e-06,0.21213569059373405,0.21846033488621835,0.213628528801438,0.21525594134911397,0.009920141502007707,0.21804720264231495,0.21915177417877846,0.21846033488621835,0.21846033488621835,0.010852046846459906,0.018547626532535944,0.01187952451183616,0.4912728704915583,0.4498696785403986,0.5092572138925231,0.21058320358235094,0.21812080536912748,0.6,0.00013070819156884656,0.00013070819156884656,0.9999999999999991,0.0
0.9855281938954046,0.983409932411552,0.6914632472777904,0.9864321678102672,9.310645660811754e-06,0.6718081826478112,0.9855264049166778,9.34445465158693e-06,0.676497445187557,0.696666638280952,0.6766953630838384,0.6856055556893769,0.021264721530960057,0.6906920709012689,0.698014061653554,0.696666638280952,0.696666638280952,0.010099924787794201,0.01901917635963546,0.012361103819197972,0.7024355956973487,0.6552562988705475,0.8252624642645738,0.6790114419223127,0.6968680089485458,0.52,0.0002410521007175639,0.0002410521007175639,0.9999999999999991,0.0
0.9982901461965462,0.9961444545973648,0.9491107399616203,0.9984211391903619,2.4914196425345946e-06,0.9221319626970368,0.9975043677695136,2.5252288638630645e-06,0.9322057810162825,0.9599986995762096,0.9291493866180671,0.9458542901465038,0.005741418498537488,0.948367831420129,0.9629729358504815,0.9599986995762096,0.9599986995762096,0.7901579456323198,0.7183275699465579,0.8194077597393905,0.4576092476326643,0.40799304952215465,0.5761521243419168,0.9050307341254056,0.9597315436241611,0.92,0.00012442845690184638,0.00012442845690184638,0.9999999999999991,0.0
0.9581714861359076,0.9561120242487898,0.13272904985297004,0.9608449671467094,2.5595401968706964e-06,0.12895618403051828,0.9599626989623034,2.593349415896058e-06,0.12835731350033458,0.13218417708918367,0.1292237197282471,0.13017537074060964,0.005896488297494391,0.13189657186643106,0.132531363703064,0.13218417708918367,0.13218417708918367,0.010529708821317207,0.018390443256836697,0.012200577383410849,0.44518791085585363,0.4071242397914858,0.4633091945939487,0.12808469181574716,0.1319910514541387,0.5599999999999999,8.047031423284513e-05,8.047031423284513e-05,0.9999999999999991,0.0
0.9641388187242158,0.9620665308511329,0.25875902820192775,0.9663039275678025,0.00010122319992188078,0.25140371981363346,0.965416646850403,0.00010125700580515632,0.24792339943189923,0.2553150236739191,0.2527132782281228,0.2486749063554654,0.23049468816565244,0.25794037761421074,0.25317557592129225,0.2553150236739191,0.2553150236739191,0.00311593424304224,0.012103112228858848,0.011157155550793885,0.7386194897863199,0.7925282363162456,0.5939457200506784,0.25517801542625057,0.25279642058165547,0.12,0.0004303412456799978,0.0004303412456799978,0.9999999999999991,0.0
0.9638690926225562,0.9617973844897748,0.2476809620631878,0.9661814451607127,7.453822761302952e-07,0.24064055125880607,0.9652942769092517,7.791915564910763e-07,0.24251895887629582,0.24974945434258544,0.2418585156198363,0.24601613852394966,0.00176673470422109,0.24686109604370857,0.25046868809392614,0.24974945434258544,0.24974945434258544,0.009347802729128496,0.01131719585036084,0.006742678566645566,0.3591386502860612,0.3186794092093823,0.43200147556207824,0.23486946166668993,0.2494407158836689,0.84,4.099769632598687e-05,4.099769632598687e-05,0.9999999999999991,0.0
0.9633277342277057,0.9612571896726321,0.23648648892474122,0.9656870453715112,1.1186112080454647e-07,0.22976428461058296,0.9648003310884002,1.4567042258423796e-07,0.23167188383890103,0.23857898303446695,0.23088969245874819,0.23528403187556846,0.0003245855739218956,0.2356653947018876,0.23954234525791562,0.23857898303446695,0.23857898303446695,0.009347802729128496,0.01131719585036084,0.006742678566645566,0.3519378753429816,0.30547350130321504,0.43920900800107,0.2242090460634294,0.23825503355704697,0.84,1.946717746770055e-05,1.946717746770055e-05,0.9999999999999991,0.0
0.9685440273527354,0.9664622710709109,0.34288248665652765,0.9705711431082343,3.22317780779767e-07,0.3331359419742843,0.9696799441432132,3.561270754440649e-07,0.3361895628523898,0.34621276731146056,0.33514103771941917,0.34130482504031745,0.0008036696370150633,0.34207306568723617,0.34748196716230156,0.34621276731146056,0.34621276731146056,0.006554206511228067,0.0037723986167863544,0.0016058326214545282,0.32889539552512836,0.2839270199826238,0.4137574090758793,0.32290819730275816,0.34563758389261745,0.9600000000000001,3.830638146870108e-05,3.830638146870108e-05,0.9999999999999991,0.0
0.963785220195185,0.9617136923350063,0.2514447883870329,0.965999062598331,7.61942741418635e-05,0.24429738961193487,0.9651120618143987,7.622808087134963e-05,0.2408384261240234,0.24801881794273611,0.24554647349375502,0.24205709737337144,0.17351877940153995,0.25062533531634856,0.24643799381084092,0.24801881794273611,0.24801881794273611,0.0050499623938966565,0.014146494812951715,0.012040050947623282,0.7071160994103494,0.7374456993918326,0.5820082444485966,0.2468907813895157,0.24608501118568232,0.19999999999999996,0.00039804546739256836,0.00039804546739256836,0.9999999999999991,0.0
0.9745389997182454,0.9724443580424391,0.4662545051788525,0.9761686785154509,2.555954904537217e-06,0.4530010712915302,0.9752723397749511,2.589764123683795e-06,0.45630946071368056,0.46991393725523734,0.4560262135969915,0.4628124556470342,0.005888326729128238,0.4654586199899041,0.47118871670346224,0.46991393725523734,0.46991393725523734,0.010852046846459906,0.017604526878339577,0.010755839461325856,0.585783041619468,0.5383145091225021,0.6849408170929507,0.45320216578705363,0.4697986577181208,0.64,0.00012622266680670355,0.00012622266680670355,0.9999999999999991,0.0
0.9919596841215512,0.9898275990067622,0.825855128439002,0.9924561565618764,3.308113383177788e-05,0.8023799314731866,0.9915448623143219,3.3114942018889355e-05,0.8053637521459021,0.8293749840330356,0.8083782712932963,0.8163703560452398,0.0753759197985529,0.8250986968887798,0.8311455228272226,0.8293749840330356,0.8293749840330356,0.18674116256581108,0.017604526878339577,0.3737061107762045,0.8113473167114158,0.7621198957428312,0.8984639655980882,0.8178740659742408,0.8299776286353467,0.36,0.00041060493672656867,0.00041060493672656867,0.9999999999999991,0.0
0.978276088215092,0.9761734141657081,0.5422294736539939,0.9796849070343109,1.982308131180569e-06,0.5268164269144796,0.9787853396183667,2.0161173697217456e-06,0.5311886530052737,0.5470255886621608,0.5304697343921752,0.5391404401824466,0.004582475790543795,0.5414419240706161,0.5488981314847088,0.5470255886621608,0.5470255886621608,0.010852046846459906,0.018547626532535944,0.01187952451183616,0.6302478268929814,0.5774109470026065,0.7502590798213156,0.5296480144786778,0.546979865771812,0.6,0.00011097188261541742,0.00011097188261541742,0.9999999999999991,0.0
0.9653949989432528,0.9633200110782354,0.2785288169854234,0.9676208369520589,1.9109608137443357e-07,0.27061154600867576,0.9667323470205914,2.2490538047524604e-07,0.27309319678979765,0.28123523702620806,0.2720845621122628,0.2772615123103757,0.0005049562348138719,0.2777123354431805,0.28227955964180484,0.28123523702620806,0.28123523702620806,0.0076286665950355825,0.006130147752278603,0.003371623415114211,0.32295475619708824,0.2776715899218072,0.40677511202560623,0.2625537797285853,0.28076062639821026,0.92,2.3055597277414934e-05,2.3055597277414934e-05,0.9999999999999991,0.0
0.9882550008807345,0.9861308784887447,0.7445448391439771,0.9890051923913196,2.079111024184503e-06,0.7233809132362661,0.9880970668921036,2.1129202594528416e-06,0.731133856599505,0.7529319875987812,0.7287069751613722,0.7414590872156716,0.00480283813642992,0.7437794866226245,0.7548784643335507,0.7529319875987812,0.7529319875987812,0.018803051466638188,0.015246777742847328,0.08692563324235625,0.5533795543756153,0.5028670721112078,0.6923735849206611,0.7195025398007332,0.7527964205816554,0.7599999999999999,0.0001136631974727032,0.0001136631974727032,0.9999999999999991,0.0
0.9791767637135669,0.9770721537822572,0.566849554091929,0.9804636090531075,6.850740737888442e-05,0.5507366736676774,0.9795633266164889,6.854121436825818e-05,0.5492352831291084,0.5656102636378156,0.5545935413097156,0.5560439933302584,0.15602037682450842,0.5660647057045343,0.5661076154090581,0.5656102636378156,0.5656102636378156,0.00827334264532098,0.017604526878339577,0.012922946344453123,0.7694028026679813,0.7372719374456995,0.7899005082357711,0.557664157927751,0.5648769574944071,0.36,0.0004680196536819989,0.0004680196536819989,0.9999999999999991,0.0
0.954090330067686,0.952039640081527,0.05061943249329351,0.9569647781320375,1.773608264448753e-05,0.04918055888561372,0.9560860728193061,1.776989135040453e-05,0.04658411753180562,0.047972983178332776,0.048769207800418574,0.045946770262058054,0.04044440719141906,0.04977794583722028,0.04677834283042523,0.047972983178332776,0.047972983178332776,0.0010744600838075158,0.009430996541967218,0.010193996936070704,0.6005446302527808,0.6542137271937456,0.4619577822616385,0.05194546658316086,0.04697986577181208,0.03999999999999998,0.00017726793859989073,0.00017726793859989073,0.9999999999999991,0.0
0.9894721041733825,0.9873453657801027,0.7702319837458891,0.9901710103390932,1.9356993308453413e-06,0.7483378925122582,0.9892618143611639,1.9695085709623293e-06,0.7555206784705493,0.7780458817193222,0.7538763371462607,0.7667658992762303,0.00447637540178381,0.7694694494936314,0.7806432944568016,0.7780458817193222,0.7780458817193222,0.050821961964112816,0.01901917635963546,0.18492702229044733,0.71179660312335,0.6557775847089484,0.8558944771302901,0.7582295027093472,0.7785234899328859,0.52,0.00013160529652127512,0.00013160529652127512,0.9999999999999991,0.0
0.9577940602127372,0.9557354095523312,0.1235911003760059,0.9604980826653167,1.649234473400365e-08,0.12007798369895316,0.959616132997583,5.030164973804722e-08,0.12079491611510863,0.1243963132898616,0.12026996633332077,0.12264542972872554,0.00010748785538223197,0.12275761981790825,0.12486514124307829,0.1243963132898616,0.1243963132898616,0.006554206511228067,0.0037723986167863544,0.0016058326214545282,0.170298327403815,0.13049522154648052,0.21172126539538638,0.11372379309724916,0.12416107382550336,0.9600000000000001,6.0106031812715944e-06,6.0106031812715944e-06,0.9999999999999991,0.0
0.9743255062667551,0.9722313234666645,0.4636353476854551,0.9759550048271702,8.270910884102829e-06,0.45045636419012614,0.9750588622863733,8.304719910030715e-06,0.45203174098062354,0.46550868096471176,0.4534598511589552,0.4581741672402293,0.018897866704775754,0.4628391751352319,0.46646648173455346,0.46550868096471176,0.46550868096471176,0.010529708821317207,0.018390443256836697,0.012200577383410849,0.6336681949909444,0.5907906168549086,0.7054372374663345,0.4519840725936157,0.46532438478747196,0.5599999999999999,0.00021952158185927764,0.00021952158185927764,0.9999999999999991,0.0
0.9680636670868821,0.965982943275418,0.339720096497833,0.9699033010783364,0.00018325110321954806,0.33006344377036684,0.9690127153400016,0.00018328490632951714,0.32656469345301137,0.33630094065777805,0.3320423927016421,0.32680774788599426,0.4172232108148617,0.3389103285664098,0.33272251309629824,0.33630094065777805,0.33630094065777805,0.0,0.008016347060672224,0.009632154410815108,0.8124274329528767,0.9059947871416174,0.6653453382744416,0.33714728670191235,0.3322147651006711,0.0,0.0005622156736870016,0.0005622156736870016,0.9999999999999991,0.0
0.9902479241265661,0.9881195182117122,0.796559366846187,0.990755707377317,0.00022609176131228927,0.7739169113019269,0.9898459745181926,0.00022612556297384542,0.7710656064290693,0.7940542684179286,0.7796730321715579,0.779458119435437,0.5147457912220211,0.7957997211068913,0.7935652261290456,0.7940542684179286,0.7940542684179286,0.07403029977436315,0.013360578434453707,0.23862311506126854,0.9098179140580207,0.8886185925282373,0.9270688599653365,0.7930501667562464,0.7930648769574944,0.16000000000000003,0.0007622700780785787,0.0007622700780785787,0.9999999999999991,0.0
0.9773010712469018,0.9752004928665231,0.5289202733542117,0.9786603461691663,9.452587384294192e-05,0.5138855449029006,0.9777617195266926,9.455967995264939e-05,0.5116524597601068,0.5269069405139122,0.5174288111885246,0.5168999443071395,0.2152488784576791,0.5281312635498376,0.5262551136003182,0.5269069405139122,0.5269069405139122,0.007521220586655275,0.016661427224142322,0.01284268312655934,0.7778637132260986,0.7621198957428312,0.7824677404080607,0.5207013299889438,0.5257270693512304,0.31999999999999995,0.0005236401607325719,0.0005236401607325719,0.9999999999999991,0.0
0.9809085387196292,0.9788002065687862,0.6049146429959709,0.9820219071228692,0.00017317284647013842,0.5877197502080826,0.9811201938239829,0.00017320664992084638,0.5839344650709153,0.6013439720301594,0.5918913420758418,0.5898705066903458,0.39428104213760623,0.6041339709257695,0.6005463415630659,0.6013439720301594,0.6013439720301594,0.004082948318470336,0.013360578434453707,0.01155847164026147,0.8783145236820502,0.8684622067767158,0.8385513521989658,0.6007174518337481,0.5995525727069351,0.16000000000000003,0.0006644856382638616,0.0006644856382638616,0.9999999999999991,0.0
0.9834104151042816,0.9812967055036449,0.6551830657025824,0.9843794699513039,0.00011699131560452166,0.6365592768728072,0.9834755918883324,0.00011702512095468814,0.634063993192678,0.6529680691847561,0.6411464907940034,0.6410469356809083,0.26638926583999234,0.6544079088402548,0.6526489926635355,0.6529680691847561,0.6529680691847561,0.005909530460942669,0.015403961018547463,0.012361103819197972,0.8534718501284289,0.8304083405734151,0.8583720664061936,0.6493571731441331,0.6521252796420581,0.24,0.0006232188104521462,0.0006232188104521462,0.9999999999999991,0.0
0.9879728845341222,0.9858493685136139,0.7387826926585028,0.9887709559631627,1.1792026484812608e-06,0.7177825576131772,0.9878630455447925,1.2130119141748764e-06,0.7254811555236795,0.7471107560720152,0.7230609777976924,0.7363744363262034,0.0027542844765255747,0.7380167079423458,0.7497017883425294,0.7471107560720152,0.7471107560720152,0.015472225206833556,0.01744734360264033,0.06830456669103979,0.6064852695808209,0.5515204170286712,0.7601694369249294,0.7187464819565305,0.7472035794183445,0.68,8.226452413770233e-05,8.226452413770233e-05,0.9999999999999991,0.0
0.9555128254978169,0.9534590780473466,0.07863859732265999,0.958336759897876,3.4307662339061068e-06,0.07640326996596701,0.9574567948024502,3.464575423475921e-06,0.07508633494960791,0.07732496984623212,0.07622358285976594,0.07572885138792733,0.007879749410469514,0.07780018479364631,0.07709943815798714,0.07732496984623212,0.07732496984623212,0.009347802729128496,0.018704809808236078,0.01284268312655934,0.4559890732704712,0.43440486533449096,0.4504707774369958,0.07689957576321245,0.07718120805369126,0.43999999999999995,9.616965090034557e-05,9.616965090034557e-05,0.9999999999999991,0.0
0.9959884199226658,0.9938476755772947,0.912539540887146,0.9961905289298596,0.00013783620523136886,0.8866003116885435,0.9952758057025617,0.0001378700098767841,0.8860866151442606,0.9125045301939806,0.893315362946228,0.897433664309775,0.3138406243208045,0.9117926199308178,0.913675964103924,0.9125045301939806,0.9125045301939806,0.5690340603846566,0.36938069789374417,0.6775023905034976,0.9033372166092501,0.863596872284969,0.9628812867715748,0.9090630426278208,0.912751677852349,0.19999999999999996,0.0006716624778832903,0.0006716624778832903,0.9999999999999991,0.0
0.9918291100016665,0.9896973055385428,0.8295801524296115,0.9922147678763711,0.0002621562168947551,0.80599907046185,0.9913036952770165,0.000262190017336997,0.8027474682020234,0.8266806978196337,0.8120282089829478,0.8111304486400627,0.5968430074171518,0.8288241295709802,0.8258107803937276,0.8266806978196337,0.8266806978196337,0.16611152895669878,0.012103112228858848,0.35709162467222866,0.9325003551287203,0.9152041702867066,0.9313483323509857,0.827492801881044,0.8255033557046979,0.12,0.0008250674247485805,0.0008250674247485805,0.9999999999999991,0.0
1.0,0.9978506332979882,0.9848864912047666,1.0,7.2670290307286945e-06,0.9568907767339927,0.9990817788357409,7.300838090597127e-06,0.9664657328069273,0.9952800825458655,0.9642039965124285,0.9801271659892544,0.016612627562252978,0.9841475078054286,0.9978661030266018,0.9952800825458655,0.9952800825458655,0.9863543569356397,0.9897830870795357,0.9807368277055346,0.7197174555607369,0.6646394439617733,0.8822470176103554,0.9687076058927144,0.9966442953020134,0.52,0.00019440264319127692,0.00019440264319127692,0.9999999999999991,0.0
0.9731817913480568,0.9710900668107291,0.445825076730353,0.974714982209408,0.00022465405908656417,0.43315235590057877,0.9738199782836229,0.00022468786079672806,0.4291153852678176,0.44190909369403886,0.436008586580309,0.43125656882919017,0.5114730023071938,0.4450269501234613,0.4390617122706357,0.44190909369403886,0.44190909369403886,0.0021489201676159198,0.0108456460232631,0.010595313025538289,0.8432107458345399,0.8894874022589043,0.7257084224509978,0.4420293109782778,0.4384787472035794,0.07999999999999996,0.0006402638045482895,0.0006402638045482895,0.9999999999999991,0.0
0.9984207203164309,0.996274748065584,0.9645346674227382,0.9983853779036204,0.00029928550430026414,0.9371174600719718,0.9974686393195424,0.00029931930348719066,0.9348220649601613,0.9626929857896115,0.9442624098642804,0.9450780075679589,0.6813642094170299,0.963793451119865,0.9621826036381118,0.9626929857896115,0.9626929857896115,0.8103577952079082,0.7211568689091479,0.8595393686861925,0.9629236292632264,0.9397046046915722,0.9926123580824182,0.9653473488073683,0.9619686800894853,0.07999999999999996,0.0008735110921797247,0.0008735110921797247,0.9999999999999991,0.0
0.9894225431935723,0.9872959113250122,0.7815622650506598,0.9898518408549251,0.00043384511086806655,0.7593461069361097,0.9889429379451712,0.00043387890550562616,0.7545276363896609,0.7770232329375929,0.7649782309522839,0.7598375772627184,0.9876760317671095,0.7808009739019909,0.7735895794614023,0.7770232329375929,0.7770232329375929,0.03352315461480515,0.008016347060672224,0.16702832470017315,0.9733647529306921,0.995308427454388,0.9261679184104601,0.7823813505102724,0.774049217002237,0.0,0.0009757810567565848,0.0009757810567565848,0.9999999999999991,0.0
0.9938420482585755,0.9917059172529893,0.8588953151890444,0.9942325984807613,5.402677017319586e-06,0.8344809403153426,0.9933196730666399,5.436486140220465e-06,0.8430802542565616,0.8682159714160179,0.8407524581968198,0.85493219313445,0.012368612011853537,0.8581425086480885,0.8704052754766853,0.8682159714160179,0.8682159714160179,0.3473729450950902,0.06271612700408635,0.4937798847450372,0.5078346528606392,0.4601216333622933,0.6329114422989779,0.824090541582131,0.8680089485458613,0.84,0.00015582713023684728,0.00015582713023684728,0.9999999999999991,0.0
0.971129776164759,0.9690424621605382,0.4034529288371689,0.9727829786931974,0.0002030956962853546,0.3919846499045314,0.9718897487739302,0.00020312949872439178,0.3879996237264251,0.39956750086590676,0.39449054536052325,0.3893179025233102,0.4623974917215173,0.4026501533634319,0.39636401449736497,0.39956750086590676,0.39956750086590676,0.0021489201676159198,0.0108456460232631,0.010595313025538289,0.818908130401649,0.8804517810599481,0.6775080492652403,0.3992700395672486,0.3959731543624161,0.07999999999999996,0.0006196303906424317,0.0006196303906424317,0.9999999999999991,0.0
0.9904871511637272,0.9883582310622453,0.7999545710042948,0.9910274931565526,0.0001447629900196504,0.7772156056926358,0.9901175107379735,0.00014479679443087586,0.7758589441656644,0.7989905154220442,0.7829997982949384,0.7853578670323771,0.3296087744042117,0.7991952977703553,0.7995717509430549,0.7989905154220442,0.7989905154220442,0.0890727409476737,0.015403961018547463,0.25949155171360605,0.8709337293653938,0.8370112945264996,0.9128790304760717,0.7941422503089838,0.7986577181208053,0.24,0.0006465435392152897,0.0006465435392152897,0.9999999999999991,0.0
0.9958349715044073,0.9936945569759568,0.9007630327501666,0.996129734742399,3.3518898025695675e-06,0.8751585545733418,0.9952150673376107,3.385698994806139e-06,0.8830120040861259,0.9093382522351653,0.881776237021132,0.896113983926249,0.007700194906414153,0.900014819732403,0.9123323993428958,0.9093382522351653,0.9093382522351653,0.5608681637477169,0.3621502672115682,0.6666668560878608,0.7695828220415581,0.7113814074717641,0.9151313843632547,0.8911696736483529,0.9105145413870246,0.43999999999999995,0.00018812290852427674,0.00018812290852427674,0.9999999999999991,0.0
0.9643990138682197,0.9623261667403583,0.26424955835475333,0.9665587267358358,9.404902996258919e-05,0.2567381798854656,0.9656712120564476,9.408283608841844e-05,0.25313687035656257,0.2606839297779972,0.25809313430193204,0.25420591972759676,0.21416338986498076,0.2634315101614123,0.25880669293442604,0.2606839297779972,0.2606839297779972,0.004082948318470336,0.013360578434453707,0.01155847164026147,0.7274582886245469,0.7701129452649873,0.5896662476650274,0.2599285788806586,0.2583892617449664,0.16000000000000003,0.00042854703577514065,0.00042854703577514065,0.9999999999999991,0.0
0.9581266906349253,0.9560673250297658,0.13439755018209726,0.9607206966752826,4.213399697381249e-05,0.1305772567025238,0.9598385425986535,4.216780485485295e-05,0.12745975623491634,0.13125985992108224,0.1308585876517368,0.12747778878016663,0.09598387992308866,0.13356525525533333,0.12978495926507944,0.13125985992108224,0.13125985992108224,0.00311593424304224,0.012103112228858848,0.011157155550793885,0.655630558567335,0.7039096437880108,0.5099329200586773,0.1328520565555819,0.12975391498881433,0.12,0.0002823189285292794,0.0002823189285292794,0.9999999999999991,0.0
0.9797629176093998,0.9776570478184241,0.5716416422465154,0.9810599285095223,2.1723286248549586e-06,0.5553925451791352,0.9801590985197582,2.2061378569716747e-06,0.5609799154319214,0.5777050521140354,0.5592890340667152,0.5689885053274921,0.005015038913949892,0.5708573196238234,0.5792864050503221,0.5777050521140354,0.5777050521140354,0.008488234662081595,0.009116629990568725,0.004736098119305421,0.45130856955747056,0.40642919200695005,0.5635389425736808,0.5459032581290397,0.5771812080536912,0.88,9.123557366198828e-05,9.123557366198828e-05,0.9999999999999991,0.0
0.9584955386962054,0.9564353803013049,0.13948065583594987,0.9611453619553382,2.6886107208759425e-06,0.1355158734474709,0.9602628179420613,2.722419935537519e-06,0.13485028095229623,0.1388707268158743,0.13583923179074042,0.13669614440038547,0.006190304758675891,0.13864891860291925,0.1391701542869691,0.1388707268158743,0.1388707268158743,0.010529708821317207,0.018390443256836697,0.012200577383410849,0.45274872454608683,0.41633362293657683,0.4714176685878151,0.13456578766910843,0.13870246085011184,0.5599999999999999,9.123557366198828e-05,9.123557366198828e-05,0.9999999999999991,0.0
0.9818244637503534,0.9797141629407478,0.6132959469748424,0.9830026604117554,9.210616004707688e-07,0.5958628129325755,0.9821000465644423,9.54870874891954e-07,0.602286646604254,0.6202433081694232,0.6001037018775577,0.6111600564069355,0.0021666515541625755,0.6125161944607203,0.6222212024873037,0.6202433081694232,0.6202433081694232,0.008488234662081595,0.009116629990568725,0.004736098119305421,0.45850934450054837,0.40920938314509137,0.5770530658967914,0.5863523527938935,0.6196868008948545,0.88,6.791084489884477e-05,6.791084489884477e-05,0.9999999999999991,0.0
0.9765319229640772,0.9744329977654066,0.5122740723961751,0.9779674712385493,7.215006438969913e-05,0.4977125175473106,0.9770694808085011,7.21838712559172e-05,0.4962412105432448,0.5110362180743847,0.5011181521378945,0.501859469347835,0.16431253028451964,0.5114832362512547,0.510942426985656,0.5110362180743847,0.5110362180743847,0.00827334264532098,0.017604526878339577,0.012922946344453123,0.7533810784196309,0.7280625543006085,0.7547637875956852,0.5036480252808123,0.5100671140939597,0.36,0.00044918044968099836,0.00044918044968099836,0.9999999999999991,0.0
0.9551365432895652,0.9530836046075439,0.07109736385833734,0.9579872827231944,4.470501010615032e-06,0.06907639848214668,0.9571076385251069,4.504310165032135e-06,0.06754685392009478,0.06956070563418072,0.06883436004743501,0.06814262988909879,0.010246604236653818,0.07025812394171249,0.06937591661260467,0.06956070563418072,0.06956070563418072,0.008810572687224294,0.01823325998113745,0.01284268312655934,0.4666102163115138,0.44309296264118103,0.44641654044006174,0.06983043491991557,0.06935123042505593,0.4,9.814328179568848e-05,9.814328179568848e-05,0.9999999999999991,0.0
0.9575024129084692,0.9554443891050677,0.12116595454878612,0.9601690788272946,2.372352084139755e-05,0.11772177341987537,0.9592874312578482,2.3757329344883423e-05,0.11495124540834313,0.11837841853584004,0.11789370481662056,0.11550363000611387,0.05407422636289418,0.12033220791543406,0.11759408488927747,0.11837841853584004,0.11837841853584004,0.005909530460942669,0.015403961018547463,0.012361103819197972,0.5971242621548196,0.6099044309296264,0.4928150305160717,0.1190119976853126,0.11744966442953018,0.24,0.0002240071066214206,0.0002240071066214206,0.9999999999999991,0.0
0.9632524396622246,0.961182056942783,0.24059953624770603,0.9654966165196126,7.997317226135044e-05,0.2337604172438989,0.9646100770923037,8.000697886307464e-05,0.23016322375447468,0.23702534353914767,0.23491983199107175,0.2311503271448177,0.182121072459465,0.23977889328848387,0.23533382622704718,0.23702534353914767,0.23702534353914767,0.004082948318470336,0.013360578434453707,0.01155847164026147,0.7146769131005826,0.7556907037358815,0.5684941211254877,0.23657899245885977,0.2348993288590604,0.16000000000000003,0.00040073678224985415,0.00040073678224985415,0.9999999999999991,0.0
0.95382908651834,0.951778958040367,0.04392797012682867,0.9567692532967783,2.1974256711893123e-06,0.042679303483582245,0.9558907275190888,2.2312349024575144e-06,0.04134963994773887,0.04258244411925659,0.042212627023539395,0.04170244526386467,0.005072169892512962,0.04308574931591344,0.04245720145929413,0.04258244411925659,0.04258244411925659,0.008810572687224294,0.01823325998113745,0.01284268312655934,0.42880614786034954,0.401737619461338,0.4252444139005238,0.043830445722049985,0.0425055928411633,0.4,6.405329360340181e-05,6.405329360340181e-05,0.9999999999999991,0.0
0.9975858084257812,0.9954416307067512,0.9347538766644792,0.9977711778038347,2.0755257318510243e-06,0.9081831978448962,0.9968550031912875,2.1093349672405787e-06,0.918093125289813,0.9454652870820203,0.9150819184392021,0.931745354281453,0.004794676568063767,0.9340093929574816,0.948608647890663,0.9454652870820203,0.9454652870820203,0.7188137960674768,0.612700408676516,0.7665945623653982,0.4574292282590875,0.40695047784535276,0.5768278305080727,0.8913796897161871,0.9451901565995526,0.92,0.00011276609252027462,0.00011276609252027462,0.9999999999999991,0.0
0.9753110072883667,0.9732147062851955,0.4851706426311668,0.9768669176390791,2.3938638381406294e-05,0.4713795114683371,0.9759699377606382,2.3972446877619192e-05,0.4717780008198245,0.48584365866294144,0.474561053427253,0.47796937299312037,0.05456392046486335,0.48437683282920296,0.4866199531499798,0.48584365866294144,0.48584365866294144,0.009777586762651502,0.018390443256836697,0.012682156690772217,0.6847936970868034,0.6465682015638574,0.7306636010028065,0.4747498143468357,0.4854586129753915,0.48,0.0003002610275778513,0.0003002610275778513,0.9999999999999991,0.0
0.9953069564502748,0.9931676768197999,0.894477054766013,0.9955790109265795,3.9678071725379334e-05,0.8690512575299721,0.9946648492080545,3.971187968945292e-05,0.8724322865320471,0.8984431094452047,0.875616967169845,0.8841592322166597,0.09039320559227401,0.89372815208119,0.9001612832724029,0.8984431094452047,0.8984431094452047,0.5046739013645647,0.2769569317824576,0.6276589321915691,0.8392503196158465,0.7920069504778446,0.9403577478997267,0.8881874454851082,0.8993288590604027,0.31999999999999995,0.000450077554633427,0.000450077554633427,0.9999999999999991,0.0
0.9568819475650753,0.9548252573692226,0.10774034724929737,0.9596067325932842,1.0852321364207747e-05,0.10467779331490064,0.9587256013820515,1.0886130302859937e-05,0.10251912243414597,0.10557564244150004,0.10473872106016827,0.1032965864584977,0.024774195928405747,0.10690512762333682,0.1051661108497646,0.10557564244150004,0.10557564244150004,0.00827334264532098,0.017604526878339577,0.012922946344453123,0.5306971133049156,0.520243266724588,0.4783999656380882,0.10520974170725346,0.10514541387024608,0.36,0.00016748949461841903,0.00016748949461841903,0.9999999999999991,0.0
0.9704845303314601,0.968398603197148,0.3822862560571947,0.9723878164747036,3.22317780779767e-07,0.37141964658874044,0.9714949494017487,3.561270754440649e-07,0.3750709797117838,0.3862534003807022,0.37375053484276394,0.3807399800303907,0.0008036696370150633,0.38148115827863716,0.38763084355068017,0.3862534003807022,0.3862534003807022,0.00988503277103181,0.013360578434453707,0.00754531074558118,0.4534688020403941,0.4046915725456124,0.5585837640218738,0.366507532985124,0.3859060402684563,0.7999999999999999,3.7409276516272486e-05,3.7409276516272486e-05,0.9999999999999991,0.0
0.9712165078794269,0.9691290074569466,0.4048692140002652,0.9729465865800399,0.00012379978574579838,0.39336067670751285,0.9720532064325483,0.0001238335908657752,0.3897374473679796,0.40135713623393277,0.3958782820862761,0.3928693953201524,0.2818880841673164,0.40406659391447686,0.39997978436895615,0.40135713623393277,0.40135713623393277,0.005909530460942669,0.015403961018547463,0.012361103819197972,0.7674225895586346,0.7775847089487407,0.6752556953780555,0.39813595280094427,0.3993288590604026,0.24,0.0005209488458752861,0.0005209488458752861,0.9999999999999991,0.0
0.957919868853794,0.955860947784484,0.13010989235957265,0.9605177513730244,4.522451896527143e-05,0.12641147692911425,0.9596357836450672,4.525832674182349e-05,0.1233157152435173,0.12699226788963563,0.12665735729021085,0.12307238514692519,0.10301915185471233,0.1292771270117589,0.12529982395988165,0.12699226788963563,0.12699226788963563,0.0021489201676159198,0.0108456460232631,0.010595313025538289,0.6624712947632609,0.7263249348392709,0.5025001522309687,0.12893315672979705,0.12527964205816555,0.07999999999999996,0.00028770155824385096,0.00028770155824385096,0.9999999999999991,0.0
0.9981347915867563,0.9959894339016002,0.94608415796925,0.9982780940433958,2.4878343502011153e-06,0.9191914122687477,0.9973614539696289,2.521643571650802e-06,0.9290929760319597,0.9567930889719433,0.9261838122452253,0.9427491598323249,0.005733256930171336,0.9453409173658412,0.959811607001003,0.9567930889719433,0.9567930889719433,0.7714623401740628,0.6930210625589437,0.803274852942776,0.43096638034327306,0.3829713292788881,0.542366816034141,0.8990662777989162,0.9563758389261745,0.9600000000000001,0.00012801687671156072,0.00012801687671156072,0.9999999999999991,0.0
0.9543118295236072,0.9522606634538932,0.053019356803910206,0.9572337030083338,2.441584079099236e-07,0.05151226457778911,0.9563547507630894,2.7796770521673565e-07,0.05102225175485235,0.052543436579753064,0.051120756197345074,0.051784415252714586,0.0006257474466329329,0.05217813345590877,0.05272164106744506,0.052543436579753064,0.052543436579753064,0.010529708821317207,0.018390443256836697,0.012200577383410849,0.34743739100355775,0.30651607298001693,0.3901076932604379,0.05165564440954977,0.052572706935123045,0.5599999999999999,1.8390651524786234e-05,1.8390651524786234e-05,0.9999999999999991,0.0
0.9687813481983653,0.9666990818270175,0.3546395936268891,0.9706793210006275,0.00011230892381699801,0.3445588494072535,0.969788022704376,0.00011234272932547292,0.340944706662797,0.35110968167012524,0.34666115355238175,0.3436530798404154,0.2557302575537968,0.3538314625904311,0.3498727221047198,0.35110968167012524,0.35110968167012524,0.005909530460942669,0.015403961018547463,0.012361103819197972,0.7422198772578579,0.7570807993049513,0.6498040964528649,0.3480681222292872,0.348993288590604,0.24,0.0004734022833965704,0.0004734022833965704,0.9999999999999991,0.0
0.9521423929419897,0.9500958897870263,0.008617846882508606,0.9551937898093806,9.28590714371075e-08,0.008372881820209455,0.9543167106556087,1.2666837385924508e-07,0.007553744360278419,0.007778952791831842,0.007614259340384552,0.0075033162660757685,0.00028132926158128596,0.00777175201588895,0.007639115843348865,0.007778952791831842,0.007778952791831842,0.009347802729128496,0.01131719585036084,0.006742678566645566,0.06588709072917176,0.06446568201563885,0.06712014583811232,0.006397181791294282,0.00782997762863534,0.84,1.2200627353028913e-05,1.2200627353028913e-05,0.9999999999999991,0.0
0.959793655128928,0.9577307066057916,0.16877641742876487,0.962235187168786,6.585070575977644e-05,0.16397889361873075,0.9613516424549328,6.588451283897144e-05,0.16086034468633092,0.16565625836808795,0.16454447091247876,0.16035335598153666,0.14997265466518922,0.1679478943848077,0.16325552845893443,0.16565625836808795,0.16565625836808795,0.0010744600838075158,0.009430996541967218,0.010193996936070704,0.703155673191656,0.7895742832319712,0.5322312235418103,0.16729469168037964,0.16331096196868006,0.03999999999999998,0.00035229311481870993,0.00035229311481870993,0.9999999999999991,0.0
0.9871560814630185,0.9850343210518334,0.7220200847007597,0.9880047703947256,9.174763081372898e-07,0.7014964321641916,0.9870975635041601,9.512855826796912e-07,0.7091150581521173,0.7302567174962097,0.7066362581942609,0.7197425820808822,0.0021584899857964228,0.7212522608724441,0.7327689206925094,0.7302567174962097,0.7302567174962097,0.010852046846459906,0.017604526878339577,0.010755839461325856,0.6313279431344441,0.5756733275412689,0.7912519205680812,0.7048854214794776,0.7304250559284116,0.64,7.598478947070213e-05,7.598478947070213e-05,0.9999999999999991,0.0
0.9734562829285444,0.9713639684081535,0.44442819273387435,0.9751593161971714,1.8102140991735743e-06,0.43179517877983,0.9742639042745147,1.844023343533131e-06,0.4346153106388911,0.44757299463900035,0.4346398599466897,0.44090187986760865,0.004190720508968462,0.4436299128676362,0.44888159000932865,0.44757299463900035,0.44757299463900035,0.010852046846459906,0.017604526878339577,0.010755839461325856,0.5791223247971224,0.5304952215464809,0.6653453382744416,0.4315705108001382,0.44742729306487694,0.64,0.00012981108661641794,0.00012981108661641794,0.9999999999999991,0.0
0.9658848901667618,0.9638088493458611,0.2916828079522636,0.9680642769076538,9.02382227413343e-06,0.28339163056239375,0.9671753798002339,9.057631274605904e-06,0.2829090358201162,0.29134372690714627,0.2849734045788447,0.2868874162843307,0.020611796061667836,0.2908677696022006,0.2920796790751886,0.29134372690714627,0.29134372690714627,0.010529708821317207,0.018390443256836697,0.012200577383410849,0.5582400774621927,0.5192006950477843,0.5642146487398367,0.28214407853615314,0.29082774049217,0.5599999999999999,0.00018632869861941957,0.00018632869861941957,0.9999999999999991,0.0
0.960666690850201,0.9586018658531557,0.1825318445607555,0.9631882254604475,2.846722112782369e-07,0.17734331832166,0.9623038056466645,3.184815072153054e-07,0.1783531628804394,0.18367060998470153,0.17802262623520226,0.18104128669975422,0.0007179731691704592,0.1817048306956414,0.18431788191858584,0.18367060998470153,0.18367060998470153,0.010422262812936012,0.015246777742847328,0.00882952223187905,0.36417919274621546,0.32041702867072175,0.43132576939592226,0.1737127827133907,0.18344519015659955,0.7599999999999999,3.20266468017009e-05,3.20266468017009e-05,0.9999999999999991,0.0
0.9603941054612446,0.9583298663501577,0.17777855873940474,0.96292985016374,1.2222261564830095e-06,0.1727251461746675,0.9620456675956227,1.25603542072203e-06,0.17289143143555397,0.17804604168519117,0.1733651536624699,0.1754326450697684,0.002852223296919408,0.17695102336679194,0.178607731684215,0.17804604168519117,0.17804604168519117,0.010852046846459906,0.01744734360264033,0.010595313025538289,0.41188432674411324,0.36907037358818506,0.4621830176503572,0.1700080992767966,0.17785234899328856,0.68,7.149926470855916e-05,7.149926470855916e-05,0.9999999999999991,0.0
0.9819817245516744,0.9798710857309388,0.6244322166134356,0.9830849113712609,6.377840679102555e-05,0.6066825305341008,0.982182221999376,6.381221394028353e-05,0.6054376455147648,0.6234882514191407,0.611015494762245,0.6129455063375885,0.14525526814955292,0.623653685916882,0.624038966575754,0.6234882514191407,0.6234882514191407,0.00827334264532098,0.017604526878339577,0.012922946344453123,0.7830842750598315,0.7483927019982612,0.8173792256594279,0.6149145380193354,0.6230425055928411,0.36,0.0005003154319694284,0.0005003154319694284,0.9999999999999991,0.0
0.955402361698586,0.9533488516753276,0.07486313029884423,0.9582573698413098,0.0,0.07273512180349868,0.9573774776435142,3.380930556163829e-08,0.07287299692701275,0.07504564304233961,0.07252421893056707,0.07400550406355798,6.994464089792922e-05,0.07402430354387446,0.07534490064652652,0.07504564304233961,0.07504564304233961,0.00988503277103181,0.013360578434453707,0.00754531074558118,0.21638328703952148,0.1760208514335364,0.27095817262835276,0.06983463524127224,0.0749440715883669,0.7999999999999999,1.2559469334000333e-06,1.2559469334000333e-06,0.9999999999999991,0.0
0.9893129371805304,0.987186540895485,0.766138337589542,0.9900252830956214,1.3943201884900038e-06,0.7443606095611748,0.9891162209275314,1.4281294469106447e-06,0.7523314856338503,0.7747616058241535,0.7498652077060708,0.7636025477686604,0.0032439785784947406,0.7653753542022548,0.7774226906913952,0.7747616058241535,0.7747616058241535,0.0396475770925111,0.0037723986167863544,0.15522963166981363,0.42304552790588623,0.37393570807993015,0.5333574004854018,0.7279871889412323,0.774049217002237,0.9600000000000001,8.854425880470249e-05,8.854425880470249e-05,0.9999999999999991,0.0
0.972718586805984,0.9706278578650752,0.4324188705974821,0.9744217396581276,2.7990018718237627e-05,0.42012722547783676,0.9735270049938592,2.8023827077476167e-05,0.4198342612041313,0.43235126084941644,0.4228726129159904,0.4248910516851232,0.06378649271861599,0.431619273126584,0.43258098812920437,0.43235126084941644,0.43235126084941644,0.009777586762651502,0.018390443256836697,0.012682156690772217,0.6662517016083758,0.634404865334492,0.6876436417575729,0.42220379417473586,0.43176733780760623,0.48,0.00031461470681670885,0.00031461470681670885,0.9999999999999991,0.0
0.9664453104769241,0.9643680651072694,0.3045457814198373,0.9685425841178216,3.07148408916817e-05,0.2958889698826224,0.9676532478185984,3.07486491587959e-05,0.2941380501193911,0.302907524669776,0.2975770956634225,0.2972701957723666,0.06998928467689208,0.3037321543329239,0.30265037241563275,0.302907524669776,0.302907524669776,0.009347802729128496,0.018704809808236078,0.01284268312655934,0.629707768772251,0.6107732406602953,0.6000270755460768,0.2963285637576704,0.3020134228187919,0.43999999999999995,0.0003011581325302799,0.0003011581325302799,0.9999999999999991,0.0
0.9763822869288808,0.9742836833529217,0.5061045014117279,0.9778825381825382,1.1174997674220863e-05,0.4917183185973366,0.9769846257398196,1.120880660196359e-05,0.493242987337486,0.5079486054064717,0.4950729428394091,0.5000157982237913,0.0255087370813595,0.5053129883713603,0.5090653879812781,0.5079486054064717,0.5079486054064717,0.010099924787794201,0.01901917635963546,0.012361103819197972,0.6696720697063387,0.6250217202432662,0.7477814905454121,0.494995363286046,0.5078299776286354,0.52,0.0002491260452894213,0.0002491260452894213,0.9999999999999991,0.0
0.9902717515207057,0.9881432943920442,0.7862573473721572,0.9908862360739236,3.5132279575761245e-06,0.7639077300364042,0.9899763833605874,3.547037144357965e-06,0.7715430305064193,0.7945459264860676,0.7695786732486154,0.7822915508471252,0.008067465482891027,0.7854965713451808,0.7964499387041948,0.7945459264860676,0.7945459264860676,0.08101429031911422,0.01131719585036084,0.2329244265908228,0.503694207268369,0.4578627280625547,0.6317852653553864,0.754155190993365,0.7941834451901566,0.84,0.0001549300252844186,0.0001549300252844186,0.9999999999999991,0.0
0.9699355471704849,0.967850800002299,0.3733423182464081,0.9718540792700864,4.040265930597546e-06,0.3627299430795015,0.970961702285929,4.074075099560598e-06,0.36407112896963695,0.37492559849077917,0.36498688236917365,0.3691539625456103,0.009267216032715485,0.37253623918231227,0.37583513528106305,0.37492559849077917,0.37492559849077917,0.010852046846459906,0.017604526878339577,0.010755839461325856,0.5526594768813062,0.5082536924413557,0.6052074894866024,0.3611311216485702,0.37472035794183445,0.64,0.00015941555004656162,0.00015941555004656162,0.9999999999999991,0.0
0.9689357497123895,0.9761810225434143,0.5244192026988918,0.9690986721266522,1.7520965104478788e-05,0.5255911975693591,0.9781243632939,3.134620981181375e-07,0.5154336584527197,0.5308008724135732,0.5137978835910066,0.5231102049354974,0.0013096868757165349,0.524425234162857,0.5325777712992754,0.5308008724135732,0.5308008724135732,0.009347802729128496,0.011160012574661593,0.006742678566645566,0.4666102163115138,0.41754995655951355,0.5826839506147525,0.5011698356803695,0.5302013422818792,0.84,0.00991004927799298,0.0007165177255047202,0.9852699999399257,0.0
0.9890918189629153,0.9929755652827174,0.8644634500083409,0.988907742884949,7.302881954063485e-06,0.8588912788065887,0.9937787836487695,1.3241559727550235e-06,0.8510818817929497,0.8764561606380279,0.8482234244053253,0.8636071509496878,0.0042886593293622955,0.8657680036694674,0.8792372379499165,0.8764561606380279,0.8764561606380279,0.38057376168475354,0.11804464005029836,0.5121601616426723,0.4284461091131959,0.379496090356211,0.5403396975356749,0.8225364226801585,0.8758389261744967,0.9600000000000001,0.005756453348248576,0.0008564660980835814,0.9905099031015893,0.0
0.9650757118617829,0.9789295489897921,0.5765307362341905,0.9637505716944579,5.849727118381089e-05,0.5801798773150336,0.9805244219207135,1.0122355502881591e-06,0.567281913252943,0.5841949386134705,0.565828505760674,0.5751599518269228,0.007953203525764889,0.5775320531794323,0.585569546138661,0.5841949386134705,0.5841949386134705,0.010852046846459906,0.017604526878339577,0.010755839461325856,0.6084654826901676,0.5605560382276273,0.7491329028777223,0.5603523635960279,0.5838926174496644,0.64,0.017686155005644057,0.000904012660562297,0.97484726335582,0.0
0.9606018803381414,0.9731310141304269,0.4712406049996164,0.9602870910735416,0.00023285362265323075,0.46811851644209335,0.9756769644708746,1.9921066677762217e-05,0.4556028730792024,0.4691862833143916,0.4615391403157359,0.46040597965354546,0.23394703158453506,0.4710855756036443,0.46873868684511627,0.4691862833143916,0.4691862833143916,0.006661652519608374,0.016032694121345337,0.012601893472878434,0.7782237519732522,0.766811468288445,0.7412496642725745,0.4616028085004189,0.4675615212527964,0.28,0.016292951014522446,0.0004393122952042838,0.9769543382012811,0.0
0.9474839467685551,0.9593741161903386,0.1869553105496044,0.9478064020007511,4.6862997561671356e-05,0.192121469192036,0.9625878468239353,9.260809784274836e-08,0.18408225180864085,0.1895705068023697,0.18345951258541232,0.1867275565875945,0.0008281543421135215,0.18725417312850243,0.19010706537419353,0.1895705068023697,0.1895705068023697,0.009347802729128496,0.011160012574661593,0.006742678566645566,0.30837318693735405,0.26880973066898406,0.3838011023763208,0.17456544794879725,0.18903803131991048,0.84,0.015671257282489425,0.000450077554633427,0.9780078756240117,0.0
0.9553504179793617,0.9609519035171694,0.22746494644748366,0.9569456458436308,0.00014733722991508837,0.22571160293056913,0.9644528719124306,1.536774556818845e-05,0.2182085248576276,0.22471422551294667,0.22256327210423077,0.219020911855056,0.16484303222831956,0.227166751395618,0.22298488540877132,0.22471422551294667,0.22471422551294667,0.004082948318470336,0.013360578434453707,0.01155847164026147,0.7060359831688867,0.7464813205907905,0.5657912964608656,0.22276833583808725,0.22259507829977626,0.16000000000000003,0.008373757046959007,0.00017556343919027638,0.9879118783153005,0.0
0.9893672636391685,0.9952580785945883,0.916380971877462,0.9889256235283197,4.195114706480506e-05,0.9083339953027572,0.9961716965855888,1.7196244596442482e-05,0.895176769577007,0.9218656998113476,0.8983340272694991,0.9075447448953203,0.07880377851233708,0.9169150898688435,0.9239700411700389,0.9218656998113476,0.9218656998113476,0.6206081444074361,0.4468720528135801,0.7138616282093002,0.8397903777365787,0.7892267593397051,0.9480157511161558,0.9095670811906229,0.9228187919463087,0.31999999999999995,0.00813916410189893,0.0008062282207475799,0.9873395289043202,0.0
0.9926411475939423,0.9940939968055341,0.9047402719068072,0.9930122445707069,0.00016454663311578783,0.8901063525838113,0.9954883899798901,0.00012769495057838226,0.8788679630947268,0.9050706602037187,0.8867758912522692,0.8890692195259554,0.4109796110147548,0.9051178863752088,0.905160134515641,0.9050706602037187,0.9050706602037187,0.529601375308907,0.3109085193335428,0.6488484217154808,0.923319367076294,0.8922675933970456,0.9743682915962211,0.903224595942032,0.9049217002237135,0.16000000000000003,0.003500234392890656,0.0006250130203570033,0.9943365792999036,0.0
0.9447706737430965,0.9551600259882971,0.10649867258576085,0.9459134676903055,6.210048997895734e-05,0.10916401768626476,0.9588836997731739,5.712446081798334e-07,0.10257641332342797,0.10563464140967672,0.10403534765122499,0.10380117013455177,0.01089952970594604,0.10618720570020443,0.10567982678780488,0.10563464140967672,0.10563464140967672,0.0092403567207473,0.018704809808236078,0.012762419908666,0.4793915918354781,0.4498696785403986,0.4606063699293266,0.10145885473573586,0.10514541387024608,0.43999999999999995,0.013850403360545105,0.00022221289671656342,0.980387083015444,0.0
0.9685144813840023,0.9792823875059189,0.592944123192814,0.9680419261034403,9.682763152103546e-05,0.5902833069917193,0.9812800786376038,1.343168777356653e-05,0.5762956798333133,0.5934774429399351,0.58090350882262,0.5831750694503974,0.11491055696419691,0.5929188662887287,0.5937297262313777,0.5934774429399351,0.5934774429399351,0.008810572687224294,0.01823325998113745,0.01284268312655934,0.7521209428045932,0.7211120764552579,0.7964323345086068,0.5807659253895056,0.5928411633109619,0.4,0.014139002023741385,0.0006259101253094319,0.9797087040363315,0.0
0.9721171833779019,0.9850809223652841,0.6999997605896041,0.9706480298747286,4.8085582247387726e-05,0.7020242232667049,0.9862079250998779,6.680474979109292e-07,0.688604919789156,0.7091350868889574,0.6863144697034407,0.6988217665891013,0.0036520569968023797,0.7005101382824847,0.7114694675691473,0.7091350868889574,0.7091350868889574,0.010852046846459906,0.018547626532535944,0.01187952451183616,0.6531102873372561,0.598262380538662,0.8065679270009394,0.6835897922010967,0.7091722595078299,0.6,0.01647416621491302,0.000994620260757585,0.9762289517790732,0.0
0.9559860375454283,0.9644165685151467,0.2976195649372975,0.9570010758380801,0.0003010924916363376,0.2945883418085714,0.9676827237898246,2.2359065382100928e-05,0.286308295250849,0.29484433235229607,0.29132277535146756,0.28741140702484835,0.27775833057404314,0.2973484702056117,0.29261315331853816,0.29484433235229607,0.29484433235229607,0.00311593424304224,0.012103112228858848,0.011157155550793885,0.7562613883968616,0.8088618592528238,0.6252534390825488,0.292006433081644,0.2919463087248322,0.12,0.01156206804789024,0.00020965342738256306,0.9834422664496005,0.0
0.9388649111412449,0.9751472342225795,0.5043583964161298,0.9346998904099838,0.0005330860026587667,0.5061571751875255,0.9772016760733944,2.4176700974951805e-06,0.49095135176620547,0.5055886466794044,0.494122438232729,0.49739584452120267,0.06574526912649264,0.5043428236103706,0.5063980167645306,0.5055886466794044,0.5055886466794044,0.0092403567207473,0.018704809808236078,0.012762419908666,0.703155673191656,0.6625543006081678,0.7471057843792561,0.4868887430676485,0.5044742729306487,0.43999999999999995,0.0434994529068245,0.0007183119354095775,0.9395185416579052,0.0
0.8816569580749933,0.9900434867241766,0.7999351698376769,0.8690430619847209,0.00569985078443543,0.8012489505392293,0.9908106426674143,2.682981721202628e-06,0.7788380704083291,0.8020584617672317,0.7848627873240313,0.7885794397333377,0.2583909288411626,0.8010968207018949,0.802851629624389,0.8020584617672317,0.8020584617672317,0.09186633716557413,0.015403961018547463,0.2637455022619668,0.8518516757662358,0.817202432667246,0.9178342090278768,0.7711664924879298,0.7997762863534675,0.24,0.12304933745847788,0.0010941989104771594,0.8258501889308728,0.0
0.9812573717698322,0.9858712425995194,0.7199053575394241,0.9813343963852634,1.1139144750886072e-05,0.7181595512578298,0.9871243598416385,2.3387936688253983e-06,0.7090768642259293,0.7302173848507586,0.7070544802212,0.7191021489535828,0.009267216032715485,0.7216791333672794,0.7321168966173046,0.7302173848507586,0.7302173848507586,0.006554206511228067,0.0037723986167863544,0.0016058326214545282,0.4169248692042675,0.37324066029539615,0.5189423356074183,0.6846398725402674,0.7293064876957495,0.9600000000000001,0.006671500399725745,0.0008421124188447238,0.9893835266695894,0.0
0.9563158086803196,0.9613855810464248,0.23173320310339046,0.9577504536017487,1.7485112181144e-05,0.23321377645915287,0.964649378387272,1.3098148039059722e-06,0.22527440120240938,0.23199076492140414,0.2267835125578903,0.22851096637776558,0.010981145389607566,0.23147428293441222,0.23264669670499033,0.23199076492140414,0.23199076492140414,0.010852046846459906,0.018547626532535944,0.01187952451183616,0.4979335873139057,0.45664639443961796,0.5214199248833218,0.22216348956272497,0.23154362416107382,0.6,0.007763546258317076,0.0003352481207225666,0.9887482503619414,0.0
0.9725918250691616,0.9767573571546617,0.537320978499701,0.9732684381607135,7.553852417407019e-06,0.5370329546845609,0.9787174555634215,4.959534717223144e-07,0.5287442417292412,0.544508299353289,0.5268958370710581,0.5365593006087852,0.001872835092981076,0.5377941045692949,0.5462702768785797,0.544508299353289,0.544508299353289,0.005372300419039355,0.0,5.682635824122428e-07,0.3632790958783314,0.31763683753258043,0.45767830987598757,0.5075123209289603,0.5436241610738255,1.0,0.006322526573231021,0.0006653827432162902,0.9901209277737386,0.0
0.9704225791066973,0.9738262296433342,0.48980752145281103,0.9716475578391541,0.00012813440417697457,0.4839710991997288,0.9765130102002001,5.468764526007468e-05,0.4731529821625929,0.4872596338991818,0.479712788395459,0.47748419638152995,0.2991824475351942,0.489635125833767,0.4861259955172487,0.4872596338991818,0.4872596338991818,0.005909530460942669,0.015403961018547463,0.012361103819197972,0.8039665223947612,0.8020851433536063,0.7556647291505598,0.48273042492453266,0.4854586129753915,0.24,0.005751967823486433,0.0003540873247235671,0.9913314069793279,0.0
0.962417527771575,0.9693125595691097,0.38863043754120163,0.9630424982169757,1.9457022964557478e-05,0.390061982316804,0.971872777760194,8.150444786137044e-07,0.3804563233042932,0.39179930338931035,0.38063218819512773,0.3856111532107589,0.005651641246509808,0.3885051511482024,0.3925901781832997,0.39179930338931035,0.39179930338931035,0.010852046846459906,0.017290160326941084,0.010595313025538289,0.5328573457878392,0.49209383145091223,0.6043065479317278,0.37423612428142006,0.39149888143176736,0.68,0.009708200663696546,0.0005451706795908583,0.985845202837867,0.0
0.950019372124156,0.9514532243698188,0.03080696114323872,0.9525467393647733,2.4878343502011153e-06,0.03504518217937018,0.9553975855883616,9.967112350090614e-09,0.030536939443913294,0.03144737219204412,0.03033322044925177,0.030807319273989123,6.831232722469868e-05,0.030960630133064382,0.03136488885868599,0.03144737219204412,0.03144737219204412,0.005372300419039355,0.0,5.682635824122428e-07,0.0,0.0,0.0,0.025945477385295332,0.031319910514541374,1.0,0.0036943679045962044,0.00019601743210564834,0.9945112427386257,0.0
0.9591922517008458,0.9897039628690358,0.7846664517095012,0.954301366898746,0.0002467251186914612,0.7936525285994825,0.9901058989917328,8.43726816311807e-07,0.7734909207420079,0.7965518914040748,0.7712705714485062,0.7848338762918592,0.005643479678143656,0.7872234646197426,0.7990382766997053,0.7965518914040748,0.7965518914040748,0.08155152036101843,0.006130147752278603,0.2326033737192481,0.4446478527351232,0.39878366637706364,0.555655703968533,0.7438644036694926,0.7953020134228188,0.92,0.036791978598506365,0.0014404814221145978,0.9485621429386702,0.0
0.9633401244726582,0.9662520896367761,0.3360144736738412,0.9650263555989617,0.00011372152899638876,0.3323819546849794,0.9694191264584237,3.809849819393466e-05,0.3235473732841586,0.33319366166713943,0.32898176786813227,0.3259150229206678,0.24098230351615876,0.33578639803602306,0.3318136310520731,0.33319366166713943,0.33319366166713943,0.005909530460942669,0.015403961018547463,0.012361103819197972,0.7332189085790102,0.7504778453518686,0.6369656792959102,0.32929268576491577,0.33109619686800895,0.24,0.005284576143271134,0.0002643768294807074,0.9921318851636691,0.0
0.9559955685030841,0.9857105156204752,0.724328823528273,0.9523456715300691,0.0009929355973507903,0.7180841525288992,0.9873289052177234,2.7306768635023602e-05,0.7004259399443451,0.7213085406560796,0.7096398527513699,0.7064099287943761,0.5445600004635771,0.7243179815171714,0.7191949649450606,0.7213085406560796,0.7213085406560796,0.00311593424304224,0.012103112228858848,0.011157155550793885,0.9137783402767123,0.912945264986968,0.8854003130524131,0.7149241895219491,0.7192393736017897,0.12,0.035964399279890986,0.0006330869649288607,0.9498311937187235,0.0
0.9718017086794942,0.9740269006053363,0.48621830562852575,0.9729921822206353,4.685618550623776e-06,0.4837449030129374,0.9763665235553183,9.978943814391079e-07,0.4770105687075819,0.4912322310897451,0.47632899199567785,0.4837720852677424,0.003888742479420809,0.4861813392846437,0.492527686437443,0.4912322310897451,0.4912322310897451,0.010852046846459906,0.017604526878339577,0.010755839461325856,0.5908235840796241,0.543179843614249,0.7011577650806835,0.47298567937702896,0.49105145413870244,0.64,0.004236757558834533,0.0004904472774927138,0.9931876753392637,0.0
0.9716196673882681,0.9950688201991457,0.893351787102183,0.9676405056597668,0.00014234650298688555,0.8999835860737055,0.9951096684101957,8.867503228589607e-07,0.8803002353267771,0.9065456344081356,0.8773088653697356,0.8934358090302695,0.0042315283507992265,0.8954550453557516,0.9096057532102204,0.9065456344081356,0.9065456344081356,0.532180079510046,0.33527192706695974,0.6302273551641648,0.5060344591248711,0.4549087749782803,0.6371909146846306,0.8549209003401816,0.9060402684563758,0.84,0.028432575230786215,0.0014754685152593128,0.9596727200639172,0.0
0.9507991950795551,0.9814688450492485,0.6216190474538607,0.9464619564257035,0.0002533328124620631,0.6301692345959482,0.9825993516527894,4.1349175084026984e-07,0.6128090732690507,0.6310794519912072,0.6106733131038402,0.6218145347974623,0.0014729182430395903,0.6233044266029256,0.6330685121020774,0.6310794519912072,0.6310794519912072,0.0076286665950355825,0.006130147752278603,0.0032913601972204276,0.4261058572566956,0.37845351867940913,0.5385378144259274,0.5872764234923636,0.6297539149888143,0.92,0.03711906306416183,0.0011991601899113051,0.948341222974474,0.0
0.9750536714316597,0.9765614414287261,0.546633538476225,0.9764654971954054,0.00010059218847118846,0.5392383675057778,0.9790952839218666,6.431415485000033e-05,0.5291070840280272,0.5448819594850747,0.5354693886233124,0.5352396202252592,0.25466925366619697,0.5465449907134219,0.5449267121175512,0.5448819594850747,0.5448819594850747,0.006661652519608374,0.016032694121345337,0.012601893472878434,0.8043265611419148,0.7829713292788885,0.7959818637311695,0.5393507568126148,0.5436241610738255,0.28,0.003545089640512086,0.00039086862777313957,0.9943095462655356,0.0
0.9561900000392628,0.9574083016004898,0.15071393130763194,0.9584301862594882,1.989478715847527e-06,0.15314032633497288,0.9609184349990323,3.4884893225317137e-08,0.14806537941334763,0.15247982214196226,0.1474163779001038,0.15030049658938216,0.00012136252160469167,0.15046552539177363,0.15302072630874736,0.15247982214196226,0.15247982214196226,0.005372300419039355,0.0,5.682635824122428e-07,0.17065836615096863,0.13292788879235395,0.20631561606614213,0.138648500027804,0.15212527964205813,1.0,0.0033351670816437937,0.0002715536691001362,0.9948306830947409,0.0
0.971612995717909,0.9736208034452659,0.4757028733217007,0.9727865548218716,3.3124515869012977e-06,0.47488555236360486,0.9758815098469595,5.21050517208154e-07,0.46887526242953587,0.48285437760865624,0.46726117804795003,0.4756599323219497,0.0017585731358549371,0.4769259674648021,0.48426871481818007,0.48285437760865624,0.48285437760865624,0.006554206511228067,0.0037723986167863544,0.0016058326214545282,0.3757004326551421,0.33188531711555136,0.4718681393652524,0.451438030817247,0.4821029082774049,0.9600000000000001,0.003956860813676811,0.0005559359390200014,0.9935315956098343,0.0
0.9688309091781755,0.9705051727745622,0.4247748109500853,0.9705264414998075,0.00017465715749619875,0.4182799566190397,0.9733421102652584,8.790896289890186e-05,0.4092927375762406,0.4214954507049069,0.41595293937935945,0.411209071238272,0.4305592135251553,0.424556473666579,0.41865138288618925,0.4214954507049069,0.4214954507049069,0.00311593424304224,0.012103112228858848,0.011157155550793885,0.8192681691488026,0.8616854908774965,0.7074643559648006,0.4199356206421272,0.41834451901565994,0.12,0.0038698416332912378,0.0004123991466314259,0.9940677507914663,0.0
0.99396404451657,0.9969452363509461,0.9455215241373351,0.9936550536998858,5.868765020671864e-06,0.9378148983145786,0.9975115134595078,1.7579763304388235e-06,0.9317665508651205,0.9595463741535218,0.9287691847753952,0.9455243700506221,0.005317016943497545,0.9479797655157333,0.9626370446602244,0.9595463741535218,0.9595463741535218,0.7969270441603094,0.7214712354605464,0.8298419780655588,0.5366377526329558,0.4832319721980891,0.6750304599893369,0.9125913125674343,0.9597315436241611,0.7999999999999999,0.004740930542099404,0.00086364293770301,0.9919186245592104,0.0
0.9898161717447576,0.9914700575440959,0.8551508900318169,0.9902291224300481,0.00038849116284955646,0.8398154003871747,0.9929123687369685,0.0002819521480109896,0.8267905447373755,0.8514405981311146,0.8379389645610467,0.833002210290561,1.0,0.855270820955559,0.8480783904772426,0.8514405981311146,0.8514405981311146,0.2544321478457068,0.008016347060672224,0.4420101092036619,0.9857860897075028,0.9984361424847954,0.9545475773889915,0.856769041737122,0.848993288590604,0.0,0.003999921851393384,0.0008187876900815803,0.994028703075157,0.0
0.9845407866822617,0.9869735063197104,0.7457283103076603,0.9849114190915841,4.25538347060629e-06,0.7399120845542759,0.9883141172256785,9.369444138306399e-07,0.7342084676576397,0.7560982655575964,0.7318246302712828,0.7451270223992955,0.0029175158438486306,0.7469616270386706,0.7586127840369974,0.7560982655575964,0.7560982655575964,0.02213387772644193,0.017290160326941084,0.10113222280952439,0.6066652889543978,0.5527367506516079,0.7617460846459583,0.7265170764663933,0.756152125279642,0.68,0.004276230176741392,0.0006824277373124335,0.992816722034325,0.0
0.9648650776975892,0.9823637804769445,0.6515938498782972,0.9629164396812119,0.00014916572900516267,0.650545741089413,0.9839802562441753,7.731073156068664e-06,0.6347132899378742,0.6536367241574252,0.6384090375267648,0.6429100138694157,0.0891852934740834,0.6516138343286045,0.6545457899732228,0.6536367241574252,0.6536367241574252,0.008810572687224294,0.01823325998113745,0.01284268312655934,0.7640022214606734,0.7223284100781928,0.8230101103773908,0.6386043504710256,0.6532438478747203,0.4,0.021994052987206174,0.0007820063870320078,0.9690922307059218,0.0
0.9420981932164049,0.9511589703620301,0.024447258725937587,0.9436141063560426,3.089410550835565e-05,0.02917162119568502,0.9551055948309722,0.0,0.024084075614449044,0.02480212174307718,0.023886898206747498,0.02445926848793946,0.0,0.024380972724032335,0.02490194719203312,0.02480212174307718,0.02480212174307718,0.01074460083807871,0.016504243948443076,0.009953207282389354,0.17317863738104755,0.15047784535186892,0.21825309166822393,0.02107310461154345,0.02460850111856823,0.7200000000000001,0.012363631322885192,0.00020974313787780588,0.9824941578609051,0.0
0.9523911509368066,0.9543782651789813,0.09441174578289746,0.9548467265215541,5.7091836589087094e-05,0.0949702069651001,0.9583031124611424,7.5518085454555236e-06,0.0894567996778466,0.09212387769721654,0.09219206025199123,0.08889654462649262,0.07227452381941486,0.09409895277827296,0.09050544831030746,0.09212387769721654,0.09212387769721654,0.0010744600838075158,0.009430996541967218,0.010193996936070704,0.6460895317677551,0.7143353605560367,0.4835803795786138,0.09424690296631176,0.09060402684563758,0.03999999999999998,0.004327544580020307,0.00012981108661641794,0.9936295152676562,0.0
0.9638319218876985,0.9652420774962733,0.30937667190765905,0.9656280392483877,2.520101981202427e-06,0.30914029649215596,0.9682240098068878,2.722312376771151e-07,0.3033809802568895,0.3124260248689474,0.30293794164509813,0.3079634882918206,0.00108932452983041,0.3092038835849057,0.31353719864102486,0.3124260248689474,0.3124260248689474,0.01074460083807871,0.016504243948443076,0.009953207282389354,0.4723708362659771,0.42571676802780267,0.5410154037018309,0.29752145502296823,0.31208053691275167,0.7200000000000001,0.003449099410602226,0.0003585728494857101,0.9945017811765969,0.0
0.964605835649351,0.9714761919793206,0.4427790935713649,0.9654313521713094,0.0003969524527565671,0.4360929063288679,0.9742656906970133,6.448624887618894e-05,0.426747361844161,0.4394704696760694,0.43359430487934164,0.42762744777449346,0.5937824192798445,0.4425627316305476,0.43536690917780746,0.4394704696760694,0.4394704696760694,0.0,0.008016347060672224,0.009632154410815108,0.8637329544223142,0.9421372719374457,0.727510305560747,0.43896307638789955,0.43512304250559286,0.0,0.00981495615303555,0.0003325568058652808,0.985876741377963,0.0
0.973910909608727,0.9893739494860279,0.7841426202108217,0.9717762984714235,6.68151493974823e-05,0.7873567347337866,0.9900817822880024,1.091111978957941e-06,0.7716576122849834,0.794663924422421,0.7695026328800811,0.782563249749616,0.006704483565743516,0.7854189581643016,0.7967265549785241,0.794663924422421,0.794663924422421,0.08230364241968413,0.015089594467148082,0.23669679783182218,0.5530195156284599,0.5047784535186803,0.6894455248673204,0.7554992938275036,0.7941834451901566,0.7599999999999999,0.019232763943630955,0.0011650702017190185,0.9722761214203748,0.0
0.9685211530543614,0.9716664014219765,0.4415956224076817,0.9697933351216063,2.8850488878272598e-05,0.43884495993483075,0.9743121376819758,1.1674894589557755e-05,0.42965010023444977,0.4424597507303546,0.43251072962772635,0.4349439110772777,0.05897116738258584,0.44145674380301936,0.4428157902793915,0.4424597507303546,0.4424597507303546,0.009777586762651502,0.018390443256836697,0.012682156690772217,0.6684119340912993,0.6347523892267599,0.6957521157514392,0.4310664722373362,0.441834451901566,0.48,0.00538325768803828,0.00041688467139356885,0.9917459135063038,0.0
0.9772705721824031,0.9871836877538451,0.7423913096494059,0.9762840086651923,2.9782664884977154e-05,0.7439270668698245,0.9881595916795533,1.069600225684364e-06,0.731248438378069,0.7530499855351345,0.7290681669119106,0.7419248567627983,0.005341501648596003,0.7441481492318005,0.7553526636609724,0.7530499855351345,0.7530499855351345,0.019125389491779998,0.016504243948443076,0.088049318292867,0.5782222279292366,0.5263249348392698,0.7218794208427841,0.7194605365871665,0.7527964205816554,0.7200000000000001,0.01277899091585963,0.0010287102489498717,0.9810288172146354,0.0
0.9642703459398662,0.9824341579707272,0.6444348193963444,0.9619043952664269,9.007294076476092e-05,0.6493393614265254,0.9836497680819419,3.9915058199121856e-07,0.6347705808271563,0.653695723125602,0.6324208585046804,0.6442491013174054,0.0016361496103626453,0.6455017963343697,0.6559091130395605,0.653695723125602,0.653695723125602,0.010852046846459906,0.017290160326941084,0.010595313025538289,0.5922637390682404,0.5377932232841012,0.7446281951033527,0.6243652610718714,0.6532438478747203,0.68,0.022678544065909197,0.0010565205024751583,0.9680439497065405,0.0
0.9727395549128268,0.9742570540309499,0.5018168435892034,0.9742947870901951,0.00019396395671198347,0.4938671823718557,0.9768756539674075,0.00011252557922829833,0.48390457238451773,0.49833177359367253,0.4914800354261584,0.48753705577368445,0.4936318138587839,0.5016457655748193,0.49636079766743585,0.49833177359367253,0.49833177359367253,0.00311593424304224,0.012103112228858848,0.011157155550793885,0.855992121358506,0.8764552562988701,0.7714312063608535,0.49734754324578834,0.49552572706935116,0.12,0.00365094802489866,0.0004608428140625701,0.9943020370893223,0.0
0.9658477194319042,0.9788182764658384,0.5848538367132088,0.9650692691430515,0.00017178533833708205,0.5814051066601541,0.9809076095466543,1.8379391026489208e-05,0.5668999739910628,0.5838016121589592,0.5729763004029083,0.5736073866698334,0.18945832242063632,0.5848276921820748,0.5839888817139216,0.5838016121589592,0.5838016121589592,0.007521220586655275,0.016661427224142322,0.01284268312655934,0.7924452824858346,0.7635099913119028,0.8034146315588817,0.5739194015781128,0.5827740492170022,0.31999999999999995,0.016747783225403743,0.0005774664578782877,0.9762394646257718,0.0
0.9579093848003726,0.9622662507659216,0.24707952589803728,0.9593304766532059,8.557734270781154e-06,0.24959415031930177,0.9653559084854519,9.94201530460477e-08,0.24257624976557784,0.24980845331076212,0.24183950552770273,0.2463072444909039,0.0004951623527744885,0.2468416927484888,0.2507650626735648,0.24980845331076212,0.24980845331076212,0.010422262812936012,0.015089594467148082,0.00882952223187905,0.41026415238192016,0.3638575152041703,0.48808508735298517,0.2356549217603896,0.2494407158836689,0.7599999999999999,0.006887702693261037,0.00040522230701199715,0.9898686194529707,0.0
0.9920063858140648,0.9934044875759065,0.8783740864732735,0.9921682782036071,4.470501010615032e-06,0.8680710740538756,0.9944201093257521,2.345964253249924e-06,0.8644115620325651,0.8901832539004692,0.8621578219392552,0.8769009901072664,0.006720806702475821,0.8799906190655761,0.8927716770867467,0.8901832539004692,0.8901832539004692,0.45997636187815605,0.22288588494184136,0.5827917933890445,0.5872231966080861,0.533970460469158,0.7342673672223015,0.8525687203804394,0.890380313199105,0.7200000000000001,0.0031279358376327883,0.0006492348540725755,0.9944251875792209,0.0
0.9373876127045929,0.9565380934003391,0.13230222418737936,0.9373712585295754,0.00013157987010944795,0.13613791296114747,0.9600716707347154,1.4961424401772704e-07,0.12872015579912066,0.1325578372209693,0.12933778028104867,0.13038884844970938,0.003856096205956199,0.13201299163774982,0.13274870506146563,0.1325578372209693,0.1325578372209693,0.010529708821317207,0.018390443256836697,0.012120314165516621,0.4327665740790412,0.3963509991311902,0.46173254687291987,0.1237163576047972,0.1319910514541387,0.5599999999999999,0.02361512163624465,0.0003128204969118517,0.9665771072250281,0.0
0.980033596806825,0.991415847852939,0.8393001369051085,0.9788445167958851,0.00016587677657150854,0.8328410179611044,0.9926220750809528,3.8037548226326195e-05,0.8157525000690408,0.8400734635957406,0.8225978202092303,0.8252393845051135,0.2825491712049748,0.8396123617131854,0.840175068353546,0.8400734635957406,0.8400734635957406,0.22295046739013635,0.015403961018547463,0.41062719100726275,0.8763343105727035,0.844830582102519,0.9297716846299586,0.8321971618005286,0.8400447427293064,0.24,0.01469072156948497,0.0007784179672222935,0.9786994707532596,0.0
0.9601996739250659,0.9616366575107306,0.2357104422600309,0.9621609824987973,2.2978138565267254e-06,0.23713451036353833,0.964831593482125,1.0551514980689448e-07,0.23172917472818305,0.23863798200264363,0.23094672273514905,0.23528403187556846,0.0004004881597271164,0.23572360458754701,0.23954234525791562,0.23863798200264363,0.23863798200264363,0.009347802729128496,0.011160012574661593,0.006742678566645566,0.3504977203543653,0.305994787141616,0.43718188950260384,0.22356219657450033,0.23825503355704697,0.84,0.0035217649117489425,0.00033883654053228096,0.9944717444717436,0.0
0.9484840301553802,0.9594425915896948,0.19405613753170392,0.9493590140259209,0.00012005315525731278,0.19479812406906838,0.9629156553524209,3.0522668190656976e-06,0.1867749236048955,0.19234345830667376,0.18984690354230244,0.18855182064717463,0.05023828923080239,0.19377368032235306,0.19196434607326224,0.19234345830667376,0.19234345830667376,0.00827334264532098,0.017604526878339577,0.012922946344453123,0.5982043783962805,0.5883579496090352,0.5272760449900016,0.18683878695302392,0.1912751677852349,0.36,0.014441649350492696,0.0002482289403369927,0.9794756192066697,0.0
0.9658391415700139,0.9731757133494511,0.46542025501428885,0.9661447898418026,2.0640169434605566e-05,0.46659169218125096,0.9754081078848416,9.01091491708012e-07,0.4564813333815267,0.4700909341597673,0.456140274149793,0.4630065262916704,0.005798549477100558,0.46557503976122283,0.4713862997565546,0.4700909341597673,0.4700909341597673,0.010852046846459906,0.017604526878339577,0.010755839461325856,0.5834427897629677,0.5350130321459599,0.6887698187011644,0.4513540243901133,0.4697986577181208,0.64,0.0101459878804817,0.0006366753847385752,0.9851363366033284,0.0
0.9747162755306437,0.9786356754008888,0.5750174452380054,0.975301467311969,6.8009410273764175e-06,0.5742422274117576,0.9804538582320205,4.923681795100516e-07,0.5664225499137128,0.5833099540908202,0.5643837387585204,0.5748882529244322,0.0017340884307564788,0.576057402742728,0.5852929298643315,0.5833099540908202,0.5833099540908202,0.009347802729128496,0.011160012574661593,0.006742678566645566,0.4781314562204404,0.4295395308427459,0.6013784878783888,0.5519937240962295,0.5827740492170022,0.84,0.006025584833977155,0.0006922958917891482,0.990502393925376,0.0
0.9615492575291298,0.9637622480324104,0.2776751656542421,0.9632624301304361,3.4271809415726275e-06,0.27918815142451897,0.9667636094143162,1.1161014656774126e-07,0.2731504876790797,0.2812942359943848,0.2720845621122628,0.27735854763269385,0.0003988558460538858,0.2777123354431805,0.2823783511683511,0.2812942359943848,0.2812942359943848,0.0076286665950355825,0.006130147752278603,0.0032913601972204276,0.32169462058205056,0.27628149435273563,0.40429752274970276,0.2617557186708156,0.28076062639821026,0.92,0.004356969622459965,0.00039983967729742553,0.9932417414079997,0.0
0.9647430814395948,0.9684651765020775,0.3712857945849257,0.965929328089185,6.478264717363302e-06,0.37253177784046515,0.9710742469033382,1.86542753804034e-07,0.36525514068146525,0.37614491049976395,0.3639603373939591,0.37084237715394514,0.000720421639680305,0.3714884612404433,0.37755410784296706,0.37614491049976395,0.37614491049976395,0.010422262812936012,0.015089594467148082,0.00882952223187905,0.4761512431110919,0.42745438748914033,0.573899770454732,0.3570988131461549,0.3758389261744966,0.7599999999999999,0.00600943694483344,0.0005128749013034288,0.9908478160311892,0.0
0.9481071760896691,0.9522302299430682,0.0500645591280256,0.9504407571885651,7.337264907541549e-05,0.05191564777756723,0.9562855268912702,2.5395700327121158e-06,0.04663758902846883,0.04802804888196434,0.04873308862536474,0.046086501126196125,0.03873047783452698,0.049741079576302666,0.046920602628651775,0.04802804888196434,0.04802804888196434,0.0010744600838075158,0.009430996541967218,0.010193996936070704,0.5974843009019732,0.648653344917463,0.4621830176503572,0.05065596792665929,0.04697986577181208,0.03999999999999998,0.006698054706317631,0.00010711433131997446,0.9902711112980053,0.0
0.9734705793650281,0.9964297687613486,0.9210372518657239,0.969503668699,0.00013655625586831685,0.9269574813485881,0.9963842808629173,9.72797335953268e-07,0.907226953289324,0.9342751494511762,0.9041130952781138,0.9203534074413088,0.0049742310721191275,0.9228136916156607,0.9370105226741383,0.9342751494511762,0.9342751494511762,0.6702482002793602,0.5355234203080794,0.7352116441689991,0.533037365161416,0.4823631624674185,0.6723276353247147,0.8841971401962597,0.9340044742729305,0.7999999999999999,0.027843177277040627,0.0014790569350690273,0.9604401578729198,0.0
0.7170697096039533,0.9735047756852457,0.4625682835214784,0.7234740622068566,0.020853088831884654,0.47211464907540934,0.9752776990424468,2.7689211755305676e-07,0.4573406967207569,0.4709759186824176,0.4565775062688659,0.46259897793793436,0.014164157052407146,0.4660213155512781,0.47097137534506056,0.4709759186824176,0.4709759186824176,0.010529708821317207,0.018390443256836697,0.012120314165516621,0.54347848882888,0.5181581233709807,0.6583630412241686,0.3966658403261054,0.46532438478747196,0.5599999999999999,0.25351889910997844,0.001030504458854729,0.5926196812504876,0.0
0.9555045335646564,0.9576308466483973,0.1594638574522409,0.957712367831369,3.089410550835565e-05,0.15951151892959925,0.9613221664837065,7.014014713616101e-06,0.15293510500231888,0.15749473443698025,0.15593289917595726,0.15425953773996037,0.052033834271356,0.15915820165024117,0.15705142059183264,0.15749473443698025,0.15749473443698025,0.007521220586655275,0.016661427224142322,0.01284268312655934,0.5947840102983175,0.5902693310165077,0.5119600385571452,0.1553993815982544,0.1565995525727069,0.31999999999999995,0.004460046981494011,0.0001692837045232762,0.9933991337414312,0.0
0.9578960414596545,0.9760668968778208,0.528086023189648,0.9564118192357968,0.00029259176351365874,0.5259116421673137,0.9782940734312631,1.36468053063023e-05,0.5118243324279528,0.5270839374184423,0.517314750635723,0.517889704594784,0.19779944529084445,0.5280148437785189,0.5272627871710893,0.5270839374184423,0.5270839374184423,0.007521220586655275,0.016661427224142322,0.01284268312655934,0.7755234613695983,0.7496090356211997,0.7806658572983114,0.5164590054186943,0.5257270693512304,0.31999999999999995,0.02281005965193523,0.000561318568734573,0.9680544625532392,0.0
0.9596240040826544,0.9626086277627023,0.2570129232063295,0.9613456251610907,1.0135262897511935e-05,0.25764296463263153,0.9658141258563323,1.7974145447737144e-06,0.2502532289293678,0.2577143150464375,0.2515726727001067,0.25391481376064245,0.011144376756930622,0.2567761799010231,0.2585103183547874,0.2577143150464375,0.2577143150464375,0.010852046846459906,0.018547626532535944,0.01187952451183616,0.5152154471772956,0.4735013032145954,0.5374116374823359,0.24752923023573148,0.25727069351230425,0.6,0.005324945866130421,0.0003280712811031378,0.9920297603671678,0.0
0.9813774618362955,0.9867214788081913,0.7375410179949664,0.9812968470341848,1.0673056747533794e-05,0.7346718728936068,0.9879362888672334,7.397533421561854e-07,0.7255957373022436,0.7472287540083686,0.7230799878898262,0.7363938433906672,0.002746122908159422,0.7380361112375656,0.7497215466478389,0.7472287540083686,0.7472287540083686,0.015472225206833556,0.017290160326941084,0.06830456669103979,0.6052251339657833,0.5503040834057344,0.7588180245926175,0.7173603759088252,0.7472035794183445,0.68,0.00752464720948534,0.0008125079554145801,0.9882301172032215,0.0
0.959310435575778,0.9609519035171694,0.22915284794322865,0.9614716836968545,0.00010074994133386153,0.2265032895843393,0.9644269687862015,3.146570760124847e-05,0.219831766720618,0.22638586294461932,0.22421715011985405,0.21997185801377334,0.2062058607079818,0.22885483807974008,0.2239530423689241,0.22638586294461932,0.22638586294461932,0.0021489201676159198,0.010688462747562966,0.010595313025538289,0.7312386954696635,0.8015638575152053,0.5648903549059909,0.22615379485157344,0.22371364653243847,0.07999999999999996,0.003910211356150524,0.00023925789081270674,0.9941518535650556,0.0
0.9861057699293473,0.9904676537812993,0.828745902265048,0.9863695855584695,0.00023643174440204286,0.8171203829790974,0.9920798958526402,0.0001287920499953347,0.8027665651651174,0.8267003641423593,0.8120091988908142,0.8108587497375719,0.597920334441484,0.8288047262757604,0.8255341641193981,0.8267003641423593,0.8267003641423593,0.16600408294831848,0.012103112228858848,0.35709162467222866,0.9317802776344095,0.9172893136403122,0.9286455076863636,0.8262327054740392,0.8255033557046979,0.12,0.006651764090772315,0.000574775143021002,0.9897649928212267,0.0
0.9485866785693333,0.9534918891762048,0.07120989062472033,0.9505067367626032,1.1246703520890443e-05,0.07551733490103373,0.9572580552994856,2.9148425685696643e-08,0.06978883738733098,0.07186953192216157,0.06956434758536531,0.07069271815961826,0.00026745459535882624,0.07100321047815258,0.07197215793023898,0.07186953192216157,0.07186953192216157,0.005372300419039355,0.0,5.682635824122428e-07,0.06714722634420944,0.03822762814943559,0.0810847399386585,0.06262268347184814,0.0715883668903803,1.0,0.007609603048480329,0.00025361157005156427,0.9890343499756694,0.0
0.3660731320131101,0.9985429956692558,0.9637586207580278,0.39825198025778497,0.2550827466827047,0.9690488217740341,0.9983529184563289,1.0445031801985244e-06,0.9459746914070601,0.9741781182613388,0.9534062641805428,0.9558101142163401,0.29453851513485324,0.9731264361205857,0.9731089464741223,0.9741781182613388,0.9741781182613388,0.8104652412162885,0.7209996856334477,0.8596998951219801,0.8428507070873863,0.8373588184187657,0.853191652465668,0.8233344837379282,0.9619686800894853,0.07999999999999996,0.603033679891017,0.0015050729786894566,0.0,0.0
0.9881291922396777,0.9898732492729996,0.8046690544924099,0.9883990385810508,7.195323184059113e-06,0.7981576026530792,0.9910267997897398,4.181633865928482e-06,0.7931225988026449,0.8167688711659512,0.7913452287415894,0.8037945782728149,0.012776690430161174,0.8077133443718447,0.8183421409868343,0.8167688711659512,0.8167688711659512,0.14182873106264093,0.013360578434453707,0.31415080309915044,0.5315972101727997,0.488966116420503,0.6574620996692939,0.777172952027986,0.8165548098434005,0.7999999999999999,0.003502028602795513,0.0007299742997911491,0.9938920360680743,0.0
0.9587014073815712,0.9695874122137474,0.40279328917216517,0.9590926640963748,0.0004770837364098239,0.3977715023499465,0.9725257151834171,3.4979293969266015e-05,0.3880378176526131,0.39960683351135784,0.3943954948998552,0.3890850177497467,0.4451765824689349,0.40255313688733296,0.396126914833654,0.39960683351135784,0.39960683351135784,0.0021489201676159198,0.010688462747562966,0.010595313025538289,0.8190881497752258,0.8795829713292775,0.68201275703961,0.3965398306854049,0.3959731543624161,0.07999999999999996,0.01432649695879896,0.00025630288490885005,0.9795555168415795,0.0
0.9693322375508715,0.9708912979431537,0.4216900254578617,0.9707419032524252,2.5810519508715708e-06,0.4207492649915132,0.973394809728966,3.8122412092990457e-07,0.4153082809508521,0.4276903423634586,0.41391885952106394,0.42137837301720815,0.0012852021706180764,0.422480321078061,0.4290047348682317,0.4276903423634586,0.4276903423634586,0.00988503277103181,0.013360578434453707,0.00754531074558118,0.46769033255297465,0.4205039096437879,0.5844858337245,0.4054865151751389,0.4272930648769575,0.7999999999999999,0.0035109996523197988,0.00047699070320628487,0.9942479710205863,0.0
0.9422537384453479,0.9628169071024105,0.26358991868974957,0.942533936690015,0.000806894778166562,0.2619218424994368,0.966116924469838,7.623514389700779e-06,0.2533660339136906,0.2609199256507039,0.2579790737491304,0.25478813166150527,0.19443687912398952,0.2633150903900936,0.25939944209370325,0.2609199256507039,0.2609199256507039,0.004082948318470336,0.013360578434453707,0.01155847164026147,0.7218776880436604,0.7576020851433523,0.5948466616055512,0.2551066099631869,0.2583892617449664,0.16000000000000003,0.02450540859103479,0.000227595526431135,0.9643297609679019,0.0
0.98865720729381,0.992559006603301,0.8709434396586723,0.9888809219198929,0.0002117613478553735,0.8589101284888213,0.9940503198685504,0.00012567284577066603,0.8447416900457401,0.8699269414931418,0.8537363511240696,0.8538842116534147,0.5401609151142208,0.8713949592832075,0.8693383269899864,0.8699269414931418,0.8699269414931418,0.35188567744708354,0.04998428167242963,0.5169759547162887,0.9388010332039141,0.9169417897480461,0.9613046390505477,0.8697060315157046,0.8691275167785234,0.12,0.0060829995509325855,0.0005846432974977166,0.9904828700672212,0.0
0.9549542160696094,0.9567387643623411,0.13887921967079941,0.9571738922562586,5.761206250667492e-06,0.14068068637920944,0.9603744693482211,9.082620761325375e-07,0.13492666880467225,0.13894939210677654,0.135763191422206,0.13669614440038547,0.0059372961393251555,0.13857130542204008,0.1391701542869691,0.13894939210677654,0.13894939210677654,0.010529708821317207,0.018390443256836697,0.012120314165516621,0.45094853081031694,0.41633362293657683,0.4732195516975626,0.13382233078897565,0.13870246085011184,0.5599999999999999,0.004048544939815014,0.0002249042115738492,0.9939406955299367,0.0
0.9626700981494541,0.9670471651070778,0.3451718243174231,0.9638998750666038,1.2250585374264579e-05,0.34557673224781504,0.9698719845618082,1.410202985849331e-06,0.337068023154714,0.34711741815683633,0.33799255153945934,0.34194525816761684,0.00869590624708479,0.34498355997020513,0.3481339912375065,0.34711741815683633,0.34711741815683633,0.010852046846459906,0.017604526878339577,0.010755839461325856,0.5386179657423025,0.4940052128583847,0.5928195431070851,0.3328209557045292,0.3467561521252796,0.64,0.006838361920877464,0.0004375180852994266,0.9898205607252053,0.0
0.9421415590737389,0.9533788096625458,0.0704998079265104,0.9433309663682666,6.767561955751727e-05,0.07363425164599478,0.957226524942386,3.1382062733936374e-07,0.06771872658794083,0.0697377025387108,0.06876022068811397,0.06842403232382126,0.007218662372811139,0.07018245109035531,0.06966241203958867,0.0697377025387108,0.0697377025387108,0.008810572687224294,0.01823325998113745,0.01284268312655934,0.4586893638741252,0.43162467419634964,0.4504707774369958,0.06709182539535848,0.06935123042505593,0.4,0.014777202486899088,0.00019565859012467696,0.9790570577245385,0.0
0.9471162424221936,0.958773054351546,0.18247364106090225,0.9483599867195097,0.00034626717503817366,0.1818672420574894,0.9623815150253517,6.727191336635077e-06,0.17468654596639044,0.17989467602139386,0.17847886844640876,0.1749862825871052,0.12946263336104732,0.1821705097809165,0.17815329066210245,0.17989467602139386,0.17989467602139386,0.00311593424304224,0.012103112228858848,0.011157155550793885,0.6894742007998058,0.7402258905299739,0.5396639913695189,0.17769888768088254,0.17785234899328856,0.12,0.014908538651934634,0.0001692837045232762,0.9783776274607562,0.0
0.9504352078066793,0.9519842891337141,0.04337115664489899,0.9529463717441098,5.761206250667492e-06,0.04614010514149171,0.955977190368019,5.282211016326797e-07,0.04139356296285508,0.04262767666152541,0.0421689038116321,0.04178007352171913,0.004688576179303781,0.04304112173690791,0.04253623468053111,0.04262767666152541,0.04262767666152541,0.008810572687224294,0.01823325998113745,0.01284268312655934,0.426645915377426,0.39721980886185904,0.4283977093425815,0.04312059141277065,0.0425055928411633,0.4,0.003874327158053381,0.000141922003474204,0.9943278686554962,0.0
0.9694504214258037,0.9740259495581229,0.48171723497320573,0.970184921211426,8.772851810789896e-06,0.483066314452563,0.9761575121229868,4.7444171844873756e-07,0.4744133817267973,0.4885576111990688,0.47311628642509934,0.48146264459657173,0.0019626123450087562,0.4829021823924986,0.49017644810564326,0.4885576111990688,0.4885576111990688,0.006554206511228067,0.0037723986167863544,0.0016058326214545282,0.3760604714022957,0.3383145091225028,0.4689400793119116,0.45622639716386526,0.4876957494407158,0.9600000000000001,0.006845538760496893,0.000668074058073576,0.989484149630848,0.0
0.9869835711294482,0.9941776889603027,0.8930995719361523,0.9863418705612449,5.093230436017008e-05,0.8863552658195195,0.9950989498752043,1.7375509207055623e-05,0.8725659652737052,0.8985807737042836,0.8754078561563754,0.884314488732369,0.08905470838022496,0.8935147158337723,0.9003193497148769,0.8985807737042836,0.8985807737042836,0.5046739013645647,0.2769569317824576,0.6276589321915691,0.8381702033743856,0.79044309296264,0.9421596310094742,0.8863393040881677,0.8993288590604027,0.31999999999999995,0.009655271471503258,0.0008376268940825807,0.9852895237980803,0.0
0.9815566438402249,0.9883439653540461,0.7847052540427366,0.9814854878217464,0.00032308467480989813,0.7741242578064857,0.9900916076117444,0.00012172543904496468,0.759034519679846,0.7816644851008253,0.7688752998396724,0.7659119884398311,0.7418087847367573,0.7847786494220486,0.7797739290231951,0.7816644851008253,0.7816644851008253,0.04491243150316926,0.010688462747562966,0.18829807744197868,0.9418613625547216,0.9391833188531713,0.9230146229684024,0.7821293312288714,0.7796420581655481,0.07999999999999996,0.009516220203876824,0.0005254343706374291,0.9859503313048537,0.0
0.9377869598303717,0.9698755795193711,0.4043647836682036,0.9360400446306223,0.0012612588755883626,0.40216347831014765,0.9725980652946088,8.519837442766482e-06,0.39023396840842367,0.4018684606247973,0.3959543224548106,0.3932381295449612,0.2594845790022271,0.40414420709535614,0.4003551921698317,0.4018684606247973,0.4018684606247973,0.005909530460942669,0.015403961018547463,0.012361103819197972,0.7573415046383243,0.7685490877497827,0.6666967506067518,0.39078539042674965,0.3993288590604026,0.24,0.03753101365831705,0.00039266283767799674,0.9461446387485499,0.0
0.9943643447381143,0.9959066927940449,0.942630750311289,0.994622396506244,0.00021850528273464757,0.9268632329374251,0.9971863845647702,0.00016959626066309774,0.915018514231678,0.942299009123205,0.923807550728525,0.9256515360398766,0.5485591689629921,0.942915505463367,0.942404540023561,0.942299009123205,0.942299009123205,0.7112925754808215,0.5763910719899394,0.7854564185703956,0.9425814400490289,0.913640312771502,0.9809001178690568,0.9421615749184802,0.941834451901566,0.12,0.003636594345659803,0.0006689711630260046,0.9941893994461223,0.0
0.941254036296829,0.9525513034822713,0.05254596833843689,0.9423251801786614,4.606706266363901e-05,0.05684483968139799,0.9563996792889281,1.394678670570233e-08,0.051272421971383805,0.05280106540745792,0.05119869757509285,0.05205223274231251,0.00029275545729389986,0.05225768696630989,0.05299430568071259,0.05280106540745792,0.05280106540745792,0.010529708821317207,0.018390443256836697,0.012120314165516621,0.3350160542267471,0.29365768896611577,0.38988245787171927,0.04894643713448947,0.052572706935123045,0.5599999999999999,0.014956264635403836,0.0002270572634596778,0.9789652955912116,0.0
0.7907440122834335,0.9912370509768424,0.8149710739664396,0.7727531153366717,0.013030698018700052,0.8239628176295393,0.9915019881743565,6.967298356090318e-07,0.7997874389224525,0.8236324177971718,0.801762759230803,0.8108587497375719,0.06011378695384724,0.8183463501522916,0.8255341641193981,0.8236324177971718,0.8236324177971718,0.15203610185881544,0.017604526878339577,0.33686529376304053,0.7681426670529437,0.7212858384013909,0.9004910840965525,0.7639839429680024,0.819910514541387,0.36,0.2203654884880272,0.0014808511449738845,0.6807098274090932,0.0
0.9548934085597652,0.9579950977310834,0.1682137835968499,0.9570162743849453,0.00011371435841172181,0.16710794086934605,0.9616794509834182,1.5547010178801587e-05,0.16087944164942491,0.1656759246908135,0.16450645072821157,0.16058624075510008,0.14809549394097407,0.1679090877943681,0.1634926281226453,0.1656759246908135,0.1656759246908135,0.0010744600838075158,0.009430996541967218,0.010193996936070704,0.7026156150709255,0.7845351867940931,0.5322312235418103,0.16623201037713892,0.16331096196868006,0.03999999999999998,0.005563127231000214,0.00017197501938056198,0.991860954085892,0.0
0.9764871274630949,0.9817570123548721,0.6369071667486542,0.9766657604011579,1.5333936781056566e-05,0.6367854730595988,0.9833040953284709,3.163410877645845e-06,0.6272081834419304,0.6459078593262799,0.6259003969028549,0.6353412587286044,0.01473546683803784,0.6388464660739803,0.6468400509026186,0.6459078593262799,0.6459078593262799,0.010422262812936012,0.015089594467148082,0.00882952223187905,0.5395180626101865,0.4981754995655958,0.6655705736631603,0.6154605797957042,0.645413870246085,0.7599999999999999,0.00751836747481834,0.0008062282207475799,0.9883637805398188,0.0
0.9618389986418667,0.9642387226862634,0.29110077295373077,0.9636048444509862,1.2860085070956017e-05,0.29059220917525547,0.9673826048100668,3.8948104889474575e-06,0.2829281327832102,0.29136339322987187,0.2849734045788447,0.28682919509093974,0.021346337214621584,0.2908677696022006,0.2920204041592609,0.29136339322987187,0.29136339322987187,0.010529708821317207,0.018390443256836697,0.012120314165516621,0.5571599612207301,0.520938314509122,0.5594847055767467,0.2812788123366765,0.29082774049217,0.5599999999999999,0.004634175052760401,0.00032089444148370903,0.9929458798651943,0.0
0.9673698133695384,0.9838711903099926,0.688844089784393,0.9657862829422189,0.0003860173111394559,0.6825148021559406,0.9856952218427916,3.592939640551566e-05,0.6662996668953584,0.6861648219455027,0.6748703942390126,0.6732044414971246,0.42502567017290377,0.6888293545601688,0.6853885045609487,0.6861648219455027,0.6861648219455027,0.004082948318470336,0.013360578434453707,0.01155847164026147,0.8936161704360934,0.8797567332754141,0.874138543616489,0.6814476283091885,0.6845637583892618,0.16000000000000003,0.02083678759857329,0.000581054877688002,0.970658644864023,0.0
0.9781636229147533,0.9804664412864519,0.6235397629490187,0.9792110699849856,6.185310480794729e-05,0.6161827703793424,0.9826886727777173,3.76897748817367e-05,0.6054949364040467,0.6235472503873174,0.6109014342094434,0.6125379579838525,0.15128666717213982,0.623537266145563,0.6236240421642598,0.6235472503873174,0.6235472503873174,0.00827334264532098,0.017604526878339577,0.012922946344453123,0.7823641975655242,0.7496090356211997,0.8173792256594279,0.614074473747999,0.6230425055928411,0.36,0.004346204363030822,0.0004437978199664268,0.9930434991559677,0.0
0.992992839931442,0.9953950293933005,0.9317272946721089,0.9933188976045155,0.00026172956710707103,0.9167598032607394,0.9966960115889157,0.00018608860483950663,0.9033884637074292,0.9303222185833385,0.9131048688573076,0.9133668642344058,0.6713907728735912,0.9319914502546233,0.9298975327628114,0.9303222185833385,0.9303222185833385,0.6496185666702488,0.48538195535994966,0.7398669108068283,0.962383571142496,0.9416159860990447,0.9845038840885518,0.9323328229438428,0.9295302013422819,0.07999999999999996,0.004440400383035825,0.0006806335274075763,0.9928362458924798,0.0
0.9658200796547023,0.9712469896009202,0.43166222509938945,0.9666990897862963,3.84698282089969e-05,0.4301552564255918,0.9738539203110955,9.021778352483276e-06,0.4198915520934133,0.43241025981759307,0.42275855236318866,0.4252403788454684,0.05954247716821654,0.43150285335526506,0.4329366376247708,0.43241025981759307,0.43241025981759307,0.009777586762651502,0.018390443256836697,0.012682156690772217,0.6651715853669149,0.6302345786272809,0.689670760256039,0.4207336816998969,0.43176733780760623,0.48,0.008028820192750212,0.00046353412891985595,0.9881520217706028,0.0
0.9702576935392516,0.9748505074920363,0.5091698857373338,0.9712103761087391,0.00011704150969719036,0.5038952133196107,0.9774231924632157,4.1931175568843605e-05,0.4924409148875379,0.5071226198519981,0.4987228805290606,0.49791983526172034,0.2535592803684002,0.5090384210535607,0.5069314910078799,0.5071226198519981,0.5071226198519981,0.006661652519608374,0.016032694121345337,0.012601893472878434,0.7908251081236415,0.7739357080799305,0.7646741446992991,0.5010018228261023,0.5055928411633109,0.28,0.007085962887747756,0.00038817731291585373,0.9894541129259947,0.0
0.9858541526472336,0.9889145936820138,0.7835411840456712,0.9860083965623802,1.0673056747533794e-05,0.7790063255047349,0.9900540927392747,4.79113354201316e-06,0.7717340001373594,0.7947425897133232,0.7699778851834211,0.7821751084603437,0.016694243245914505,0.7859040405447966,0.7963313888723393,0.7947425897133232,0.7947425897133232,0.08101429031911422,0.011160012574661593,0.2329244265908228,0.5015339747854455,0.4590790616854914,0.6196225543645859,0.7532311202948948,0.7941834451901566,0.84,0.004923939952394838,0.0007954629613184368,0.9918210052684372,0.0
0.9853919012009265,0.989731543238221,0.8060853396555063,0.9855131027410101,4.061741831675085e-05,0.7984214982043359,0.9910928974221865,2.0172037132620613e-05,0.7870879584649394,0.8105543131846741,0.7899574920158365,0.7979530518692656,0.08647565277652068,0.8062969038207998,0.8123948910887526,0.8105543131846741,0.8105543131846741,0.12442247770495296,0.017604526878339577,0.30443895373402396,0.8091870842284923,0.7607298001737615,0.9058967334257968,0.7980485491706987,0.8109619686800894,0.36,0.006463372050762311,0.0006761480026454334,0.9898025387022933,0.0
0.993947841888555,0.9957763993258256,0.9307572363412209,0.9940975996233121,1.949287588789227e-05,0.9181358300637208,0.9968326729100555,1.3575099462057044e-05,0.911218218575971,0.9383854109008184,0.9124205055404977,0.9241183779472507,0.04248479928295725,0.9312929316267106,0.9408436339041311,0.9383854109008184,0.9383854109008184,0.7037713548941662,0.5696321911348621,0.7753432531158015,0.8178280141601881,0.7635099913119028,0.9435110433417879,0.9241001930847448,0.9395973154362416,0.36,0.0036141667218490877,0.0006088651312132886,0.9937388488733223,0.0
0.9767177766383657,0.9803827491316832,0.6139167843066107,0.9773443308170783,1.1210850597555652e-05,0.6105090160273231,0.9822447467868255,3.1956785075562103e-06,0.6017710286007159,0.6197123174558331,0.601852630353849,0.6104614020862453,0.013837694317761036,0.6143012976209413,0.6215099034961711,0.6197123174558331,0.6197123174558331,0.010529708821317207,0.018390443256836697,0.012120314165516621,0.6671517984762616,0.6161598609904431,0.7885490959034591,0.6009274679015822,0.6196868008948545,0.5599999999999999,0.005774395447297148,0.0006196303906424317,0.9908973765941972,0.0
0.9595191635484404,0.9645934632968166,0.30148039709423147,0.9609468868139227,0.00015494163495439743,0.29860332412412,0.9678613660396804,2.66614160368163e-05,0.290089493943462,0.2987382642519571,0.2951247937781879,0.2916421470779172,0.23504068174559953,0.30122912924957046,0.2969204638759527,0.2987382642519571,0.2987382642519571,0.0050499623938966565,0.014146494812951715,0.012040050947623282,0.7305186179753562,0.7605560382276284,0.6218749082517725,0.29538349145241677,0.29642058165548096,0.19999999999999996,0.007781219225879919,0.0002213157917641348,0.9887302283390295,0.0
0.9761602156155003,0.9916697774588846,0.8434713877279264,0.9741669404900942,0.0002540068474207572,0.8374214907436317,0.9928150087107971,3.625924328904384e-05,0.8193427291307136,0.843770732268146,0.8266279597415538,0.829179018591228,0.34398129629700674,0.8437258602997817,0.8441860043313221,0.843770732268146,0.843770732268146,0.23562909637906948,0.014146494812951715,0.4229074633449841,0.896676499786901,0.864291920069503,0.9351773339592029,0.8370275313607136,0.843400447427293,0.19999999999999996,0.01957725224536354,0.0008026398009378655,0.9721950223172708,0.0
0.9457506372783102,0.9581101744438901,0.1682525859300854,0.9468297612598401,0.0002713991005304641,0.168408568943397,0.96172679117963,4.396751398664251e-06,0.16120409002202302,0.16601025217714804,0.16454447091247876,0.16209999178326234,0.08872008407721269,0.1679478943848077,0.16503377593676616,0.16601025217714804,0.16601025217714804,0.0050499623938966565,0.014146494812951715,0.012040050947623282,0.6489698417449876,0.6708948740225882,0.5281769865448762,0.1629473590762131,0.16442953020134227,0.19999999999999996,0.01578644555838126,0.00018632869861941957,0.9772725620708497,0.0
0.9634077942720145,0.9649795884654081,0.3084454159100067,0.9653213862145792,3.1682869821721044e-05,0.3063693932039604,0.9681820288781717,1.475824589210377e-05,0.2985494485941062,0.3074504452193805,0.301987437038418,0.3018502629857806,0.07260098655406097,0.3082337188239159,0.3073133324686137,0.3074504452193805,0.3074504452193805,0.0092403567207473,0.018704809808236078,0.012762419908666,0.6302478268929814,0.6118158123370971,0.6016037232671057,0.3000080452661244,0.3064876957494407,0.43999999999999995,0.0037137453715686618,0.0002688623542428504,0.9942479710205863,0.0
0.9571040188784559,0.9587169425659625,0.180727536065304,0.9593099139133296,1.580002478440884e-05,0.1809624573103235,0.9623011260129166,4.79113354201316e-06,0.17434280063069835,0.17954068221233377,0.17676796015438456,0.1763641841640221,0.02926305852978977,0.18042421321113503,0.17955613033905865,0.17954068221233377,0.17954068221233377,0.0092403567207473,0.018704809808236078,0.012762419908666,0.5535595737491921,0.5298001737619469,0.510608626224835,0.1752080971163697,0.17897091722595077,0.43999999999999995,0.003840237169861094,0.00020696211252527728,0.994204417798549,0.0
0.9694380311808511,0.9713230733779825,0.4302459399362931,0.9713838183494354,6.370705947358931e-06,0.42923162199619336,0.973762812763669,3.776388287176417e-07,0.4437245620347314,0.374886265845328,0.441730624312523,0.4300533308324458,0.0008608006155781326,0.42948491065240657,0.3759339268076093,0.43596986423091955,0.43596986423091955,0.005372300419039355,0.0001571832756992464,5.682635824122428e-07,0.3339359379852844,0.28983492615117257,0.4202892353487151,0.405696531242973,0.43512304250559286,1.0,0.0032625015804970776,0.0005110806913985716,0.9937328415323516,0.11547721172205772
0.9706713371015141,0.9696073842052263,0.41039854648632634,0.9724137434075912,0.00015791384229885157,0.4020126808522866,0.9725114238034287,0.0001021067200594626,0.4040219757622952,0.39492624870267445,0.4080827612360483,0.40796809147284774,0.17159264926712792,0.4096353396425577,0.39343978531159723,0.4070013708561686,0.4070013708561686,0.005909530460942669,0.015403961018547463,0.012361103819197972,0.7683226864265205,0.7788010425716774,0.677057578487803,0.4035963705646317,0.40492170022371365,0.24,0.0013112983089648797,0.0004725051784441419,0.9983855271141325,0.02974790381049893
0.980225169055707,0.9790294089471865,0.6039639858317006,0.9814148592804319,0.00013526196533593092,0.5906226012719065,0.9813819047200217,0.00011104843883684605,0.5932346860976956,0.5920614677036947,0.5989060660731407,0.600447356823018,0.22463468207875473,0.6032220160504391,0.5921095451960199,0.6017962974528474,0.6017962974528474,0.005909530460942669,0.015403961018547463,0.012361103819197972,0.84141055209877,0.8192875760208516,0.8302176428163826,0.5982812654468722,0.6006711409395973,0.24,0.0012296617582938775,0.0005397880498762867,0.9985612418375246,0.02653789744583114
0.9558325891271696,0.9553017320230757,0.11449195323227723,0.9585347880232071,9.541144104931123e-05,0.11361254269316366,0.9591704205841926,1.1316365368331474e-05,0.11531408770712924,0.08724662966127746,0.11563150385272197,0.11422276375151504,0.005382309490426767,0.11369628095026463,0.08538804723521393,0.1117902004227772,0.1117902004227772,0.0050499623938966565,0.014146494812951715,0.012040050947623282,0.6072053470751282,0.6293657688966103,0.4892112642965767,0.11275771918521217,0.11073825503355704,0.19999999999999996,0.001555310856025458,0.0001459589757601327,0.9975940599412473,0.04433129479480864
0.9712660688592372,0.9703625156925703,0.4245613981172899,0.9730190031856915,0.00011266745305034592,0.4163949883957775,0.9732626144640726,6.993589303882841e-05,0.4198342612041313,0.40786668905609336,0.423271824850796,0.4243864680090691,0.11360470602561248,0.423799745153007,0.40740890716523087,0.42200677509577145,0.42200677509577145,0.007521220586655275,0.016661427224142322,0.01284268312655934,0.7416798191371274,0.729973935708081,0.6919231141432238,0.41657536355678104,0.42058165548098436,0.31999999999999995,0.0013588448714435953,0.0004025309921547113,0.9981302151228792,0.034452223482856904
0.9637728299502324,0.9624393413587385,0.2634153081901897,0.9659230698640052,0.00014738025342309012,0.2579634092305861,0.9657712517163668,8.605178153294975e-05,0.25857950483835396,0.25102776531974685,0.26138188024104514,0.2601056673245368,0.1338045877318406,0.2626359750574008,0.24857189078423897,0.26013327274168146,0.26013327274168146,0.0021489201676159198,0.0108456460232631,0.010595313025538289,0.7526610009253236,0.8203301476976534,0.5948466616055512,0.26034441069497016,0.25727069351230425,0.07999999999999996,0.0010278131439974433,0.00038638310301099656,0.9988345758516899,0.02147383568088109
0.9961513992985804,0.9949318694004334,0.9335704055007958,0.9961690721578147,0.0004678336821894479,0.9112933954132789,0.996136861346867,0.00041301250483025663,0.9127459756234915,0.9209217163205204,0.9224958543713064,0.9213043536000262,0.8777397058750317,0.9328645985395138,0.9184772322940697,0.9303418849060642,0.9303418849060642,0.6420973460835935,0.4735932096824893,0.735051117733212,0.9949670777599291,0.9939183318853164,0.9874319441418926,0.9368271667954933,0.9284116331096197,0.0,0.0016656547651741752,0.0009820607914235847,0.9985447216498552,0.026786949663779504
0.9777366360117726,0.9780079842401243,0.5741443927402061,0.9791127264464465,3.164701689838625e-05,0.5655902232669839,0.9803886538108231,1.4471422515122747e-05,0.5772887219142016,0.5454326165213903,0.5776527830677742,0.5740149350235694,0.018897866704775754,0.5733991512976162,0.546211001962652,0.5763087432005206,0.5763087432005206,0.009777586762651502,0.018390443256836697,0.012682156690772217,0.7063960219160403,0.6648132059079064,0.782918211185498,0.5630825724778717,0.576062639821029,0.48,0.0021608566989147608,0.00034601338015170975,0.9962529210695461,0.06904280930901845
0.9974571404974276,0.9965096567272641,0.950818042623983,0.9976156162065092,4.864883167297728e-06,0.9305012216083213,0.9977303502155812,4.145780943805855e-06,0.945917400517778,0.9493788853044068,0.9438631979294747,0.9508030915847266,0.009022368981730903,0.9501141279899105,0.9518292516560694,0.9616113380397057,0.9616113380397057,0.8206726120124639,0.7426909776799748,0.8604222640830219,0.7710229770301744,0.7158992180712414,0.9232398583571211,0.9419935620642128,0.9630872483221475,0.43999999999999995,0.0010116652548537283,0.0002957755028157083,0.9981106912647246,0.03481196557544898
0.9618018279070091,0.9608710645040406,0.22760075461380797,0.9642190445507718,1.5298083857721773e-05,0.2246748704077749,0.9644153570399608,7.1574264021066145e-06,0.22842540011292023,0.21173445251407663,0.22946393554872813,0.22736594957441203,0.009348831716377012,0.22681749208166171,0.2119399927409053,0.22642519559007046,0.22642519559007046,0.010099924787794201,0.01901917635963546,0.012361103819197972,0.5436585082024568,0.5127715030408346,0.531105046598217,0.21990791699418638,0.22595078299776283,0.52,0.001081639441143159,0.00016390107480870463,0.9982053068850126,0.03306860004981044
0.983338932921863,0.9827727307786547,0.6680848415033916,0.9844027147876859,2.7961694908803142e-06,0.6569734827307374,0.9847126894685843,1.8762909734434962e-06,0.6712648772997996,0.6592809587796612,0.6691483565067986,0.6679645340919474,0.003798965227393129,0.6673499067518572,0.6611055473358909,0.6766266554236058,0.6766266554236058,0.010852046846459906,0.017604526878339577,0.010755839461325856,0.6257473425535576,0.5741094700260643,0.7772873264675351,0.6530534559380139,0.6767337807606264,0.64,0.0011964688750540195,0.00035229311481870993,0.9975565140601806,0.04502310651133187
0.9897942505421492,0.9986238346823845,0.9792019493857633,0.9902997509713626,0.00010982073093756356,0.9728753072672562,0.9990371182732769,4.647721853522647e-06,0.9999999999999998,0.8032187748080398,0.9962930320339478,0.9791956268950005,0.00344801778764856,0.9785011488964687,0.8029504211509351,0.9876692156510735,0.9876692156510735,0.9474589019017943,0.9280100597296439,0.9558552301585177,0.8160278204244182,0.7614248479582972,0.9459886326176878,0.9709337762117562,0.9888143176733781,0.36,0.00966513962597997,0.0010000028904721568,0.9826973561692379,0.31884218391122665
0.9954117969844889,0.9940835352861881,0.9009958467495798,0.9957122217196918,3.4702044495743758e-06,0.8816239955791313,0.9954356905161826,3.2243608452543125e-06,0.8952913513555709,0.9052083244627976,0.8927260500900864,0.9009463429776899,0.007202339236078834,0.9002864658654802,0.9077484725111518,0.913114186198473,0.913114186198473,0.5608681637477169,0.38116944357120364,0.6474839470112896,0.45634911201762485,0.4074717636837537,0.5720978873449827,0.8609273598802378,0.912751677852349,0.92,0.0006178361807375746,0.00027424498395742204,0.9987189345380045,0.02360461576777264
0.9630113064335325,0.9624583623030041,0.26240644752606634,0.9651488380060513,0.00025843826874493727,0.25756756590370106,0.9658096598000858,6.219166186034073e-05,0.26014545581206233,0.23651401914828307,0.26126781968824353,0.262182223222144,0.048769206924894885,0.2616270037059716,0.2332987207801953,0.2590319586690501,0.2590319586690501,0.0021489201676159198,0.0108456460232631,0.010595313025538289,0.751580884683861,0.8208514335360544,0.5952971323829885,0.2590927149306788,0.25615212527964204,0.07999999999999996,0.0017580565752743208,0.00032896838605556643,0.997604572787946,0.04416525998284306
0.957484304088923,0.9561966674507718,0.13051731685854556,0.9602048401140362,5.33850028455031e-07,0.12969132163759056,0.959964485384802,2.41397724651655e-07,0.13330342694168185,0.1213480332673997,0.1330637583392346,0.1302529989984641,0.00038253270932158025,0.12972340280181419,0.12178284561483668,0.13098453140292443,0.13098453140292443,0.010852046846459906,0.01744734360264033,0.010595313025538289,0.3690397158327947,0.3259774109470026,0.4144331152420353,0.12485884501381488,0.1308724832214765,0.68,0.0006205274955948603,0.0001136631974727032,0.9987835134534392,0.022414699615352685
0.9824668502963556,0.9816324251699325,0.6583454558612771,0.9834094450484402,0.0003162224252836192,0.6439860516724605,0.9837399824181191,0.0002242002610558603,0.6468971523918494,0.639771966635905,0.6532559194831076,0.6534286428086972,0.4036097147801188,0.6576094525515208,0.6379488135134599,0.6544037107437221,0.6544037107437221,0.0021489201676159198,0.0108456460232631,0.010595313025538289,0.9247595220649085,0.9311902693310152,0.8714357189518669,0.6565397226640605,0.6521252796420581,0.07999999999999996,0.0017428057910830348,0.0007111350957901486,0.9979830352690979,0.03716412541162797
0.9858331845403908,0.9844294550241877,0.7050246627436035,0.9867647477769633,1.1684467714808236e-06,0.6895457336287089,0.9864133636872121,1.0588443490475757e-06,0.7008842670586012,0.7069914577118714,0.6984619185768122,0.7049155848306775,0.002370690763316395,0.7042937808503443,0.7094146038169862,0.7140516675703477,0.7140516675703477,0.00988503277103181,0.013360578434453707,0.00754531074558118,0.5224162221203752,0.470547350130321,0.6552097457821091,0.679893509407216,0.7136465324384788,0.7999999999999999,0.000534405420161715,0.00019440264319127692,0.9988706198975139,0.02080969643301879
0.9671124775128314,0.9658859364596635,0.32611987869878445,0.9692175784050678,7.453822761302952e-07,0.32158108676568675,0.9689698412000362,5.318063938449425e-07,0.3288372320611979,0.32103987422274294,0.32765106141878014,0.3259150229206678,0.0010974860981965628,0.32534742520777393,0.3219937533133801,0.3304600428082865,0.3304600428082865,0.0076286665950355825,0.006130147752278603,0.003371623415114211,0.3494176041129027,0.3068635968722848,0.4360557125590123,0.30922355032268606,0.32997762863534674,0.92,0.000621424600547289,0.0002015794828107057,0.9986543556225699,0.02476685945153167
0.9523393978367355,0.9509678098721609,0.025919807272225426,0.9553480997616702,1.1605232754238348e-05,0.02673435728300695,0.9551260493685807,2.9984874358817554e-06,0.027065111553423213,0.013906978953116558,0.02752923185954556,0.0256217516493102,0.0023870139000487004,0.025114417283340545,0.013329507772410404,0.02379913928407358,0.02379913928407358,0.0050499623938966565,0.014146494812951715,0.012040050947623282,0.5040542460155244,0.5000868809730665,0.42501917851180515,0.027331583433000586,0.023489932885906048,0.19999999999999996,0.0006573985091396757,7.320376411817349e-05,0.9989335467941816,0.019650219996125855
0.9743274124582862,0.9729427067821975,0.4749074254903727,0.9759567928915074,1.436590785101722e-05,0.464895220780315,0.9757314503570806,1.2356100109887688e-05,0.4700783711044582,0.4694026128643728,0.4715954790544112,0.4747478002921597,0.02608004686699019,0.4741512962483716,0.4704379011017111,0.4767578175637325,0.4767578175637325,0.010099924787794201,0.01901917635963546,0.012361103819197972,0.6603110622803356,0.616681146828844,0.7230055977863756,0.4644170238093964,0.47651006711409394,0.52,0.0007389453493154352,0.00023118394624084933,0.9988796309089699,0.020671334089714142
0.9810057544877185,0.9796513938246713,0.6085426611534916,0.9822373688754868,1.8209699761740114e-06,0.5952973224655969,0.9819723173557953,1.5930528886747342e-06,0.6050939001790727,0.607538863688711,0.603525518461606,0.6084236603175652,0.0034806640611131714,0.6078011937223105,0.6095166121734614,0.6151693969062285,0.6151693969062285,0.010852046846459906,0.018547626532535944,0.01187952451183616,0.6426691636697921,0.5895742832319719,0.7727826186931654,0.5957190694192958,0.6152125279642058,0.6,0.0006160419708327174,0.0001692837045232762,0.9988090446525646,0.021944267648116886
0.9771952776169222,0.9779765996820861,0.5665585365926628,0.9786505118153124,3.6458837739148494e-06,0.5616506396803658,0.9800394082123548,8.43726816311807e-07,0.5778998247332098,0.5355207898677078,0.5757707839465478,0.5664267728182945,0.0015382107899688125,0.565812462866677,0.5371419398257102,0.574322444605239,0.574322444605239,0.00988503277103181,0.013360578434453707,0.00754531074558118,0.5031541491476386,0.45508253692441336,0.6268300868035777,0.5461552774104407,0.5738255033557047,0.7999999999999999,0.0022738919229207642,0.0005092864814937144,0.9954494392147195,0.08387525251127652
0.9829557884240991,0.993654612992999,0.8835541979602151,0.9837366608221251,0.0008297330903308235,0.8762141367783687,0.9946335868143298,2.2215653693610415e-05,0.8972010476649717,0.6590252965842289,0.894322897829309,0.8835382061538241,0.005496571447552906,0.8828429034628859,0.6549804726900261,0.8860139934826502,0.8860139934826502,0.4371978081014296,0.17698836843759835,0.5785378428406838,0.8775944461877412,0.8342311033883583,0.9558989897213035,0.8779806645883694,0.8859060402684564,0.24,0.011828059666285319,0.0008223761098912946,0.9797687774460382,0.37277582533137776
0.9591588933490505,0.9577050283310331,0.16379031760800106,0.9617541978621125,1.0242821667516308e-05,0.16145303619955936,0.9614472160586056,6.870603025125589e-06,0.1631710772207055,0.1554887695189731,0.1644684305439444,0.16353611455357014,0.011960533593545899,0.16300005410376037,0.15562882260956723,0.16254897937744933,0.16254897937744933,0.009777586762651502,0.018390443256836697,0.012682156690772217,0.5200759702638749,0.48948740225890575,0.4988963860114719,0.1587596386836005,0.1621923937360179,0.48,0.0006043796064511456,0.00013609082128341812,0.9990403272799352,0.017655035005672854
0.9748373186928726,0.9740183411804167,0.49046716111781474,0.9764386762303493,1.7420935448374722e-06,0.4830286150880977,0.9765362336926813,1.1377207777173575e-06,0.49406415675052834,0.48240205218596843,0.49235449966430406,0.49031226599198185,0.0022809135112887144,0.4897127390146462,0.48361669074297503,0.4968764657119811,0.4968764657119811,0.01074460083807871,0.016504243948443076,0.009953207282389354,0.540778198225226,0.4941789748045178,0.6671472213841891,0.47579989468600636,0.49664429530201337,0.7200000000000001,0.0009748839518041562,0.00028590734833899373,0.9979845371043407,0.037136452942967045
0.9766710749458521,0.9834850651414011,0.6871755894552658,0.9774542967738085,0.0030539408952512245,0.6764640541592689,0.985549628409159,8.710944273556727e-05,0.68852853193678,0.524723978691375,0.6873220045865216,0.6870804925886119,0.01979563922505256,0.6864427492481342,0.5125823663263229,0.6829592113412362,0.6829592113412362,0.0010744600838075158,0.009430996541967218,0.010193996936070704,0.9427614594226057,0.9553431798436129,0.8829227237765096,0.6848498886081015,0.6800894854586129,0.03999999999999998,0.009051519838518811,0.0004393122952042838,0.9859248001057284,0.25937404875888975
0.9729873598118781,0.9754715413223078,0.5266697380265517,0.974219688388038,0.0013367651321314314,0.5173538864337032,0.9779957408740038,0.00010671023526000803,0.5253067883723201,0.4463536826300156,0.525279979239702,0.526545255345558,0.040607638558742117,0.5259192878947812,0.43876533769099707,0.5225606831915632,0.5225606831915632,0.0010744600838075158,0.009430996541967218,0.010193996936070704,0.8936161704360934,0.9364031277150318,0.7946304513988593,0.5236835581521884,0.5190156599552572,0.03999999999999998,0.004875496284963694,0.0004536659744431413,0.9927746706475304,0.13313224672773058
0.9906796765083747,0.9894386206965309,0.8067255781538922,0.9912876565175971,2.5595401968706964e-06,0.7892040035925837,0.9910955770559344,2.285014285641456e-06,0.8023655289401432,0.807919025939449,0.7998617500174428,0.8066474167489667,0.005064008324146809,0.8060058543925028,0.8103597856419007,0.8167688711659512,0.8167688711659512,0.14086171698721373,0.01131719585036084,0.31174290656234227,0.5054944010041389,0.456125108601217,0.6313347945779473,0.7753248106310456,0.8165548098434005,0.84,0.0006985756264561482,0.00023477236605056373,0.9985972858833486,0.025846085729307907
0.9827613568879204,0.9818739911621055,0.6629629335163035,0.9836776546990016,0.00026602833261491247,0.6485476747727552,0.9839561395404447,0.00019667238745010645,0.6516141022760685,0.6457111960990243,0.6579704223322409,0.6579310817642566,0.3662052469580407,0.6622274368138317,0.6436984803584491,0.6594972883296423,0.6594972883296423,0.00311593424304224,0.012103112228858848,0.011157155550793885,0.9096378946844439,0.9117289313640313,0.8680571881210906,0.6603620150986417,0.6577181208053691,0.12,0.0016871852840324617,0.0007111350957901486,0.9980656362074446,0.03564213963527686
0.9825440510533677,0.9812196706793692,0.6384786612446927,0.9836678203451477,1.7851170528392209e-06,0.6261731019626323,0.983349649102184,1.5966381808869971e-06,0.6367757619520268,0.6394769717950215,0.6348921704820485,0.6383493537204654,0.0035377950396762413,0.6377404782464521,0.6413472420266495,0.6473828335306969,0.6473828335306969,0.005372300419039355,0.0001571832756992464,5.682635824122428e-07,0.38254116885106626,0.33796698523023494,0.4777242594719322,0.6056738310346337,0.6465324384787472,1.0,0.0005649069885442873,0.00025540577995642144,0.9987564804190712,0.02291280405124941
0.9719646880554087,0.9706440256677009,0.4297221084376136,0.9737324408561848,4.224155574381686e-05,0.420862363084909,0.9735654130775783,3.426223552681346e-05,0.42409288397409434,0.42084646205496345,0.4271688937381843,0.4295487471563917,0.06900989647295375,0.4289610216814722,0.42147682054541086,0.4290866512769733,0.4290866512769733,0.009347802729128496,0.018704809808236078,0.01284268312655934,0.6871339489433055,0.6529973935708071,0.6928240556980985,0.4203136495642287,0.4284116331096197,0.43999999999999995,0.000881585036751582,0.00031102628700699445,0.9987865171239245,0.022359354678030824
0.9559307579910246,0.956115828437643,0.1311187530236961,0.9584802520609264,0.0003589125010983543,0.12963477259089273,0.9599216112448365,1.497336342483954e-05,0.13152740937393936,0.08913459664293129,0.13154295096854646,0.13085461799683623,0.00441924442322074,0.13032490495362778,0.08434085705382416,0.12819191357589482,0.12819191357589482,0.0021489201676159198,0.0108456460232631,0.010595313025538289,0.6604910816539125,0.7212858384013909,0.5025001522309687,0.1296640126458598,0.12639821029082776,0.07999999999999996,0.00237885320235491,0.00015403292033199005,0.9964631780035195,0.06516866369648835
0.991385920470671,0.9900815286127078,0.8250014771078206,0.9919340417754501,1.8811670344531247e-05,0.806055619508548,0.9918030003653636,1.7124538752197227e-05,0.8149695245821865,0.8221574435927547,0.8164385503579434,0.8249482785381592,0.03742462689594254,0.8242837584895485,0.824289390884916,0.8303976328147646,0.8303976328147646,0.19125389491780354,0.01823325998113745,0.3770771659277363,0.7883048368935643,0.735881841876628,0.8912564331590946,0.8164879599265354,0.831096196868009,0.4,0.0008950416110380109,0.0003262770711982806,0.9986949051741218,0.024075047735008435
0.9701833520695362,0.9692079443756488,0.40246346933966326,0.9718522912057493,0.00030487856034049147,0.39383191876332846,0.972071070657534,0.00016128913860728478,0.3958484755580612,0.3846997608853828,0.3991670280253892,0.39873032878816517,0.2316781155787446,0.4017187951928819,0.38134770246234145,0.3988201806023355,0.3988201806023355,0.0010744600838075158,0.009430996541967218,0.010193996936070704,0.8311494478048846,0.9025195482189403,0.6831389339832032,0.3990600234994145,0.3948545861297539,0.03999999999999998,0.0015077642935467424,0.0005254343706374291,0.9982473582718072,0.03229377092730442
0.9826889216097362,0.9816029427063209,0.6528743268750693,0.9837563295298329,4.452538696024302e-05,0.6390285852452808,0.9838248374868006,3.706951932901524e-05,0.645522171049081,0.6435675669219382,0.6485794368182416,0.652768802616934,0.07611046095150667,0.652137723299539,0.6444690542655096,0.6544233770664477,0.6544233770664477,0.008810572687224294,0.01823325998113745,0.01284268312655934,0.7679626476793668,0.7268462206776718,0.8257129350420112,0.6436867393126116,0.6543624161073825,0.4,0.001141745472955875,0.000389971522820711,0.998379519773162,0.02983092121648172
0.9590330847079936,0.9711585422100852,0.43172042859924276,0.9607341071578106,0.005667583153434119,0.428100641062236,0.9738315900298635,1.1459777056821986e-05,0.43711701280420573,0.15678674681886007,0.435533334276969,0.4315476747961444,0.00161982647363034,0.43095956108911093,0.1377277979993945,0.42985363786327013,0.42985363786327013,0.006661652519608374,0.016032694121345337,0.012682156690772217,0.747980497212323,0.7390095569070372,0.6993558819709342,0.42190977167976806,0.4272930648769575,0.28,0.014016995750211095,0.00038817731291585373,0.9775971236851424,0.41279021501508145
0.9565836285904482,0.957854342743518,0.1598906831178316,0.9593412050392285,5.151706553976053e-06,0.1619996769843054,0.9613168072162108,5.675517572012029e-08,0.16846093599774487,0.10471032424157535,0.16754806546958784,0.1596158875319192,0.00020052973475637352,0.1590999917645818,0.10471166982765207,0.16156566324117133,0.16156566324117133,0.005372300419039355,0.0001571832756992464,5.682635824122428e-07,0.1758789279847015,0.13640312771503105,0.2236587409974682,0.14715835109644304,0.1610738255033557,1.0,0.0028453477776177803,0.0002930841879584225,0.9947465803211516,0.09677062290726955
0.9602053924996594,0.9592514310998256,0.1955112250280358,0.962683991317392,4.0610247732083896e-05,0.19291315584580615,0.9628727812124555,1.5977245244273128e-05,0.19542584788647976,0.17830170388062344,0.1966525165261318,0.19526666495158673,0.017836862817175895,0.194724441788123,0.17769884963998994,0.19328744179750074,0.19328744179750074,0.00827334264532098,0.017604526878339577,0.012922946344453123,0.6041450177243206,0.5972198088618583,0.5331321650966832,0.1905266691041913,0.19239373601789705,0.36,0.0011381570531461605,0.0002015794828107057,0.9982473582718072,0.03229377092730442
0.9972893956426852,0.995880063472073,0.9456961346368948,0.9974439620301498,3.4622809535173876e-05,0.9232063945842963,0.997221219803492,3.2433736498559425e-05,0.9309644784151723,0.9435183211321899,0.9341490408492044,0.9438553625067511,0.0717848297174457,0.9449916580518848,0.9456053854836584,0.9506571962815683,0.9506571962815683,0.7643709036209305,0.6574976422508643,0.8217353930583045,0.8412305327251932,0.7907906168549097,0.9457633972289692,0.9394733692502033,0.9519015659955257,0.31999999999999995,0.0009470736982788696,0.0004599457091101415,0.9988405831926606,0.0213908182748983
0.9857493121130196,0.9858322496637749,0.7425465189823479,0.9863928303948515,0.00048812643679693935,0.7273958955518146,0.9876415291549712,0.00024831135118332767,0.7340365949897938,0.710413397866119,0.7387823239921809,0.7417307861181622,0.33723167925819836,0.7418197538054254,0.7074980482019899,0.7384969067182195,0.7384969067182195,0.0015042441173314103,0.009430996541967218,0.02680848304004657,0.9544627187051109,0.9666377063423113,0.9031939087611747,0.7421842751268195,0.7360178970917226,0.03999999999999998,0.0026426020583689173,0.0007622700780785787,0.9965232514132261,0.06403409248139026
0.9776670600208852,0.9762590084149032,0.5454888696457773,0.9790277933904354,5.3879414658289866e-05,0.5333195672847343,0.978786232829616,4.7380819731483075e-05,0.5365930935608771,0.5382544087265607,0.5404500327623161,0.542983038946243,0.10076655898565416,0.5447598875532008,0.5382681632283368,0.5453539512304881,0.5453539512304881,0.008810572687224294,0.01823325998113745,0.01284268312655934,0.7431199741257437,0.7143353605560367,0.7817920342419047,0.5361165093679691,0.5447427293064877,0.4,0.0009210576546584403,0.0004195759862508547,0.9989051621080952,0.020173229653817418
0.9977049453964789,0.9976347455805737,0.972644355068961,0.997861475052857,9.346498584146545e-06,0.9543837689970538,0.9987352128710205,6.440367959654052e-06,0.9722712095875048,0.9583663947899882,0.9713898113389297,0.9726360391062975,0.012531843379176594,0.9719428351121783,0.9612342049832683,0.9815923219288752,0.9815923219288752,0.9198452777479318,0.8882426909776804,0.934424950980925,0.795685631210219,0.7381407471763684,0.9363035109027944,0.9642132620410642,0.9832214765100671,0.4,0.0017742044644180356,0.00042316440606056903,0.9967244973357434,0.060353654149486666
0.9830806439693903,0.9821279207680512,0.6557651007011153,0.9841729485203716,2.0647698548505873e-06,0.6444195943638108,0.9841463935365412,1.6181499341605738e-06,0.656732088385262,0.6523387468575382,0.6549478176829981,0.6556604552220132,0.0034643409243808655,0.6550288142872882,0.6543284486148211,0.6646695312064648,0.6646695312064648,0.01074460083807871,0.016504243948443076,0.009953207282389354,0.5704813948654266,0.5190269331016513,0.7085905329083921,0.6370922347826198,0.6644295302013422,0.7200000000000001,0.00085736320303601,0.0003235857563409948,0.9981677610039459,0.03373273929767274
0.9814613342636667,0.98238565456285,0.6557651007011153,0.9826262728688009,4.9724419373021e-06,0.649207413650897,0.9841463935365412,1.446055907971959e-06,0.6673690968286227,0.6245305665235954,0.6649661362374062,0.6556604552220132,0.0024359833102456166,0.6550288142872882,0.6260543137172965,0.6647088638519159,0.6647088638519159,0.01074460083807871,0.016504243948443076,0.009953207282389354,0.570121356118273,0.5195482189400522,0.7090410036858312,0.6368402155012189,0.6644295302013422,0.7200000000000001,0.0024093547707374824,0.0005514504142578585,0.9952091455758929,0.08827517502836428
0.9974132980922108,0.998679946467968,1.0000000000000002,0.9974225052581049,0.0003250637561779785,0.9820739521967761,0.9997820564551758,0.00015581798269137176,0.996581643606173,0.9557507738674885,1.0000000000000002,0.9999999999999999,0.199537859352835,0.9993014813720874,0.9557413961072991,0.9998426694181956,0.9998426694181956,1.0,1.0,1.0,0.9469019050148759,0.9160729800173755,0.9851795902547078,1.0,1.0,0.12,0.003479600978984798,0.0006896045769318623,0.994614418819797,0.09926114508675318
0.9784276304418196,0.9770616922629112,0.5660735074272187,0.979570470916738,0.00035013570546599753,0.5527158903021028,0.9793900436341287,0.0002846841406767339,0.5527682213014993,0.5539874669070093,0.5595171551723184,0.55637391342614,0.570995320401546,0.5653273804861821,0.550557829130685,0.5619719939335869,0.5619719939335869,0.0,0.008016347060672224,0.009632154410815108,0.9220592314612546,0.9675065160729801,0.8196315795466127,0.565182733156213,0.558165548098434,0.0,0.001328343303061023,0.0007362540344581494,0.9988360776869325,0.02147383568088109
0.9595477564214079,0.9588748164033669,0.18453016472238465,0.9621270092763928,2.77107244454596e-06,0.1834506153650297,0.9624511855027956,7.863621409156018e-07,0.188550941172638,0.16543992881810676,0.18840213654014876,0.18428226646517853,0.0008526390472119797,0.18374217669371976,0.1658636247597543,0.18475225773460735,0.18475225773460735,0.010852046846459906,0.01744734360264033,0.010595313025538289,0.4172849079514229,0.3763683753258036,0.46353442998266736,0.1763085813118206,0.1845637583892617,0.68,0.0011892920354345906,0.00017466633423784776,0.9978058187104633,0.04042947671361762
0.9962895981845897,0.997802129890111,0.969753581242915,0.9965275790573984,9.131381044137801e-06,0.9559859919868265,0.9986021243948778,3.2673843518014663e-06,0.9801773523084227,0.933842490351214,0.9773399701767471,0.9697443865012184,0.005357824785328308,0.9690517441244292,0.9366351148732628,0.9806090057925972,0.9806090057925972,0.9144729773288924,0.8811694435712027,0.9293683682536287,0.7706629382830208,0.7120764552562981,0.9236903291345602,0.960096947111515,0.9821029082774049,0.43999999999999995,0.002979016415529641,0.0006330869649288607,0.9942299489976743,0.10631762459529014
0.9816614843744389,0.981134076430174,0.6336671719234885,0.9828515689752725,1.6990700368357235e-06,0.6243069834216027,0.9831281327123628,1.0337473035617359e-06,0.6384753916673932,0.6247862287190277,0.6363179273920687,0.6335364017334879,0.0021992978276271866,0.6329284610319432,0.6268841625402848,0.6426432497538369,0.6426432497538369,0.008488234662081595,0.009116629990568725,0.004736098119305421,0.46174969322493453,0.41303214596003457,0.5797558905614135,0.6074799692180072,0.6420581655480984,0.88,0.001161481781909304,0.0003890744178682824,0.997500946156202,0.04604698785178625
0.9714490632462289,0.9705879138821175,0.4302265387696753,0.9730699630192982,0.0002378586907507675,0.4214655529163529,0.9733840911939746,0.000132165809967074,0.4242265627157524,0.4115049587603221,0.42779622677859325,0.4277827042902025,0.1961834547543462,0.4294655073571868,0.40879198853687776,0.4267660251953572,0.4267660251953572,0.004082948318470336,0.013360578434453707,0.01155847164026147,0.8059467355041079,0.8410078192875758,0.7076895913535193,0.4249340030565796,0.4239373601789709,0.16000000000000003,0.0015696645352643156,0.0005218459508277148,0.9980626325369593,0.03569748457259872
0.9922217854570863,0.9942556748317917,0.8938756186008625,0.9927163199229209,6.90849979738079e-06,0.8845456963251878,0.9951078819876972,1.4711529534577988e-06,0.9098432372332026,0.8507916094811713,0.9063752962420124,0.8938239503195419,0.002990969959144005,0.893165456519816,0.8533340996895009,0.90617197427635,0.90617197427635,0.5322875255184272,0.33527192706695974,0.6302273551641648,0.5090947884756787,0.45699391833188585,0.6401189747379696,0.8596252602596662,0.9060402684563758,0.84,0.0032947973587845072,0.0007425337691251495,0.993420459801877,0.12126075767219192
0.9782112777030325,0.9808763426353754,0.6224726987850421,0.9795785172062548,1.0027704127507564e-05,0.618802876209677,0.9826127498215286,9.046767839202747e-07,0.6386472643352392,0.5591203771383806,0.6358997053651294,0.62233852553798,0.001652472747094951,0.6217327596901223,0.5604172234799965,0.630548461277617,0.630548461277617,0.0076286665950355825,0.006130147752278603,0.003371623415114211,0.4318664772111571,0.3845351867940927,0.542366816034141,0.5933248862459867,0.6297539149888143,0.92,0.0039281534551990965,0.0006447493293104326,0.9924712999285118,0.13869441292857734
0.9776508573928703,0.976234281187358,0.5471379688082867,0.9789991843610422,0.00012147293102137046,0.5346767444054832,0.978751397590894,0.00010524026545298029,0.536039281631151,0.5378610822720494,0.5416286584745993,0.5421873493032346,0.22128027748026596,0.5463897643516635,0.5375766225425134,0.5449409584532513,0.5449409584532513,0.006661652519608374,0.016032694121345337,0.012682156690772217,0.8037865030211844,0.7862728062554307,0.7935042744552678,0.5399808050161171,0.5436241610738255,0.28,0.001026018934092586,0.000519154635970429,0.9989186786252792,0.01992417743586905
0.9586852047535562,0.9572161900634074,0.1511019546399871,0.9613348967750682,1.000296561040656e-07,0.14944578861737884,0.960911289309038,5.3528412729083755e-08,0.15337433515348098,0.14573427344709494,0.15270118351324496,0.1508244873298999,0.00011891405109484585,0.15031029903001528,0.14634241911422374,0.15244048949651118,0.15244048949651118,0.005372300419039355,0.0001571832756992464,5.682635824122428e-07,0.1720985211395849,0.132406602953953,0.20676608684358122,0.13921134308959948,0.15212527964205813,1.0,0.0004384151902518552,0.00010289793804356005,0.9990658584790605,0.01718460303843706
0.9745714049742752,0.9732498950320868,0.4762073036537624,0.9762035457700238,8.672822154685831e-07,0.4677038234329757,0.9758788302132118,7.28997465519397e-07,0.4765904355195138,0.47479118529117637,0.47490323508565785,0.47602866654675846,0.0016116649052641875,0.47545131702809784,0.4762270845573188,0.4827953786404796,0.4827953786404796,0.006554206511228067,0.0037723986167863544,0.0016058326214545282,0.3762404907758725,0.333622936576889,0.47276908092012704,0.452152085447883,0.4821029082774049,0.9600000000000001,0.0005514504142578585,0.00021683026700199186,0.9987790079477112,0.0225253894899964
0.971653978835829,0.9702579004991094,0.4253956482818536,0.9732666500963765,0.0002201975407160497,0.41573524951763563,0.9730491369754948,0.0001694922871889421,0.41582389895439026,0.4139042501328405,0.42104764407116463,0.4183120568319565,0.3269970725270428,0.4246340868474582,0.4109258855102758,0.4215937823185347,0.4215937823185347,0.00311593424304224,0.012103112228858848,0.011157155550793885,0.8160278204244182,0.8639443961772368,0.7013830004694004,0.4205236656320628,0.41834451901565994,0.12,0.0011489223125753039,0.0005855404024501451,0.9989066639433378,0.02014555718515649
0.9975238572010183,0.9963641465036324,0.9462587684688097,0.9977130657128798,2.2225227175236654e-06,0.926373141199377,0.9975195523607513,1.991020324235906e-06,0.941983426120413,0.9497132127907414,0.9387494831455359,0.9462230243713124,0.0044682138334176565,0.945554353613259,0.9529159584480775,0.9594677088626197,0.9594677088626197,0.7970344901686905,0.7214712354605464,0.8298419780655588,0.5371778107536862,0.4844483058210258,0.6757061661554928,0.9134733800523378,0.9597315436241611,0.7999999999999999,0.0007030611512182912,0.00031102628700699445,0.9984456005238392,0.02864100506406176
0.9924772151222622,0.9910715687617317,0.8555777156974077,0.9927333065341231,0.0004499430734453875,0.8346505874554362,0.9925175693647871,0.0004070250668357777,0.8342574573071314,0.8441050597544805,0.8443453656100703,0.8416383539768714,0.8792087881809392,0.8548633517559434,0.8414791165039559,0.8514209318083891,0.8514209318083891,0.25453959385408886,0.008016347060672224,0.4420101092036619,0.9866861865753886,0.9937445699391834,0.957025166664895,0.857483096367758,0.848993288590604,0.0,0.0015068671885943138,0.0009695013220895845,0.9988510960393592,0.021141766056949937
0.9877470008376793,0.9864951295714307,0.7459611243070734,0.988555494210545,1.268834956818237e-06,0.7304872434379647,0.9882980394231915,1.109038440019255e-06,0.7431649433487281,0.7473074192992708,0.7405312524684724,0.7458838979133766,0.0024931142888086864,0.7452347337641091,0.7498400964796941,0.7560589329121454,0.7560589329121454,0.02213387772644193,0.01744734360264033,0.10113222280952439,0.6072053470751282,0.5511728931364033,0.7621965554233956,0.7272731343105961,0.756152125279642,0.68,0.000630395650071575,0.0002500231502418499,0.9986243189177165,0.025347981293411183
0.980765574354792,0.981831194037508,0.6515938498782972,0.9819450203563749,6.9522045109259e-05,0.6422895802715244,0.9839543531179461,2.476121116431701e-05,0.6558154341567497,0.6097611581566994,0.6561074333031478,0.6514879363623352,0.025753584132344083,0.6508571058150326,0.6107416271026345,0.6533613956392674,0.6533613956392674,0.008810572687224294,0.01823325998113745,0.01284268312655934,0.7672425701850578,0.7242397914856653,0.8263886412081671,0.6423006332649063,0.6532438478747203,0.4,0.0029000711797159246,0.0004150904614887117,0.9949883757952209,0.09231535545285995
0.9516977737673458,0.9510613929179477,0.024907066374778464,0.9547769920124082,9.103057234703317e-07,0.027358281764906747,0.9551021113071,1.3193875341127143e-08,0.02951525191838404,0.0012556335437633598,0.029226833087076187,0.024606762177862937,1.8853222925812898e-05,0.024101565272867304,0.0011445608882012237,0.024646757793545263,0.024646757793545263,0.01074460083807871,0.016504243948443076,0.009953207282389354,0.18181956731274163,0.1518679409209387,0.2225325640538749,0.023089258862751108,0.02460850111856823,0.7200000000000001,0.0011836402742342904,0.00012694035076864642,0.9977747307209401,0.04100229681489885
0.9556791407089109,0.9542774541743737,0.09478036794863487,0.9583997891657579,5.667952797073701e-05,0.09351878143318816,0.9581780628862433,2.0709830964460037e-05,0.09377271333709171,0.08307736924345861,0.09481545296642824,0.09419467322506055,0.022162494051236863,0.09398253300695422,0.08133759464681942,0.09210421137449097,0.09210421137449097,0.0010744600838075158,0.009430996541967218,0.010193996936070704,0.6466295898884873,0.716941789748045,0.4856074980770799,0.09500296081051464,0.09060402684563758,0.03999999999999998,0.0007793150721747221,0.00018632869861941957,0.9989697410235299,0.018983313501397456
0.9664005149759417,0.9649738821821284,0.3099975092394273,0.9685613587933609,6.485793831263608e-07,0.30427707847613933,0.968227582651885,4.995387639345772e-07,0.30964478415172303,0.30542481397864774,0.30928731241772106,0.3097877523514007,0.0010403551196334934,0.30922328688012546,0.30654275856155333,0.31238669222349624,0.31238669222349624,0.01074460083807871,0.016504243948443076,0.009953207282389354,0.47309091376028434,0.42519548218940173,0.540114462146958,0.29813050161968724,0.31208053691275167,0.7200000000000001,0.000534405420161715,0.00012353135194941776,0.9989727446940152,0.0189279685640756
0.9718264891693994,0.9712137029484554,0.4431477157371023,0.9733372786376909,0.00042541967388439074,0.43377439541425533,0.973938775379777,0.00017807906203731153,0.4370024310256417,0.4194894857868997,0.43975357473062854,0.44057195977172714,0.21173940406023337,0.44238810197356937,0.4154702957314013,0.4393918043851671,0.4393918043851671,0.0,0.008016347060672224,0.009632154410815108,0.8655331481580859,0.9416159860990447,0.7299878948366505,0.4406852081441395,0.43512304250559286,0.0,0.0018989020528056106,0.0005505533093054298,0.9976691517033807,0.042975343830423104
0.9878242015946914,0.9886863423508268,0.7845694458764124,0.9885814211434326,6.227294254019768e-06,0.774557800497836,0.9900764230205067,2.4355965585564943e-06,0.7947649376287292,0.7567275878848143,0.7922387030718685,0.7845039561959778,0.004174397372236157,0.7838666945467182,0.758573267426379,0.7943885959042631,0.7943885959042631,0.08230364241968413,0.015246777742847328,0.23669679783182218,0.5555397868585388,0.5056472632493492,0.6898959956447577,0.7587335412721491,0.7941834451901566,0.7599999999999999,0.002389618461784053,0.000561318568734573,0.9952857391732689,0.08686387912665688
0.9724526730873867,0.9713240244251958,0.4421970585728322,0.9741571061362403,3.243578121175165e-05,0.4336235979563944,0.9741772627833346,2.472535824219438e-05,0.43856838199935005,0.4317612711676496,0.440780119705843,0.4420274896064985,0.0476265873536335,0.4414373405077995,0.4317906559168348,0.4424204180849035,0.4424204180849035,0.009777586762651502,0.018390443256836697,0.012682156690772217,0.6689519922120297,0.6375325803648995,0.6941754680304086,0.4319905429358064,0.441834451901566,0.48,0.0010322986687595862,0.00030384944738756566,0.9984816445696633,0.02797686581619946
0.9865461001730461,0.9865598007819337,0.7431479551474984,0.9874129210991534,3.090163462225596e-06,0.7321271657922029,0.9881694170032953,1.6002234730992598e-06,0.7495624259852197,0.727778760832789,0.7471277544388322,0.743069873566152,0.0031786860315655193,0.742421255957239,0.7300027579492159,0.7528729886306045,0.7528729886306045,0.019125389491779998,0.016504243948443076,0.08812958151076034,0.5798424022914297,0.5266724587315377,0.7241317747299689,0.7216447036926414,0.7527964205816554,0.7200000000000001,0.0016468155611731748,0.00045725439425285577,0.9966298817154554,0.06209701967512521
0.9806912328850765,0.9818578233594798,0.6450556567281126,0.9819244576164985,4.900736090632519e-06,0.6385384935072326,0.983653340926939,1.069600225684364e-06,0.656999445868578,0.6088761736340492,0.6544535552875246,0.6449477556380957,0.0018646735246149232,0.6443375986211819,0.6107218687973253,0.653381061961993,0.653381061961993,0.010852046846459906,0.01744734360264033,0.010595313025538289,0.5955040877926265,0.5430060816681141,0.7462048428243815,0.6281035470793189,0.6532438478747203,0.68,0.0026183802246533454,0.0005388909449238581,0.9948291812594983,0.09527630959957938
0.9753891611411445,0.9739698377725394,0.5021272622550875,0.9768061234516184,0.00023538483904066696,0.4905119389344488,0.9765621368189105,0.00019414117114824892,0.4904166367995734,0.4910355678624895,0.4966888006707652,0.494581820173978,0.39382399430910164,0.5013741194417421,0.48906998300832577,0.4982727746254958,0.4982727746254958,0.00311593424304224,0.012103112228858848,0.011157155550793885,0.8570722375999669,0.8790616854908766,0.7723321479157281,0.4980195946628575,0.49552572706935116,0.12,0.0011453338927655892,0.0006160419708327174,0.9989306933072205,0.01970279768658162
0.9779749099531682,0.9783646269451041,0.5853000635454172,0.9792915328801541,0.00014376627875094323,0.5755240058035759,0.9807834531830045,5.8068575816238516e-05,0.5843736952220774,0.5502705319118784,0.5864734658177653,0.5851739970901502,0.06550042207550806,0.5845560460489976,0.5503207294669743,0.5836442815771548,0.5836442815771548,0.007521220586655275,0.016661427224142322,0.01284268312655934,0.7942454762216027,0.7664639443961772,0.8065679270009394,0.5767756201006571,0.5827740492170022,0.31999999999999995,0.0024972710560754847,0.00042226730110814047,0.9960651916642128,0.07250186789163461
0.9629665109325501,0.9620047127822697,0.2476421597299523,0.9653401608901184,5.98385290457654e-07,0.24480633103221566,0.9653568016967012,2.1558362072336273e-07,0.2514181436781021,0.23600269475741853,0.25064117818556025,0.24741344716533015,0.0004004881597271164,0.24686109604370857,0.23683545743054957,0.24972978801985984,0.24972978801985984,0.010422262812936012,0.015246777742847328,0.00882952223187905,0.41206434611769005,0.36663770634231163,0.48245420263502226,0.23680580981212063,0.2494407158836689,0.7599999999999999,0.0008833792466564392,0.000176460544142705,0.9982503619422926,0.03223842598998256
0.9943919845153162,0.992940376535826,0.8785292958062156,0.9947618655245358,2.6420019205407145e-06,0.8585896838908668,0.9944013518895172,2.4893759417404365e-06,0.8716875049713809,0.8834770378510531,0.8688303642781492,0.8784729623288197,0.005586348699580586,0.8778174500009592,0.8860538532816047,0.890104588609567,0.890104588609567,0.45997636187815605,0.2230430682175415,0.5827917933890445,0.5877632547288165,0.534665508253692,0.7374206626643609,0.853156765370375,0.890380313199105,0.7200000000000001,0.0005326112102568579,0.00021683026700199186,0.9989171767900366,0.019979522373190912
0.9558068555414989,0.9563754643268683,0.13263204401988124,0.9585964762428363,1.4831995854369497e-05,0.13348010776634767,0.9600618454109734,7.684356798542879e-07,0.13786760112114899,0.08773828772941651,0.13737904925356215,0.1323683690249985,0.00030254933933328315,0.1318383619807717,0.08738363607144731,0.13228250870281144,0.13228250870281144,0.010529708821317207,0.018390443256836697,0.012200577383410849,0.4421275815050443,0.40382276281494356,0.46128207609548255,0.12768566128686232,0.1319910514541387,0.5599999999999999,0.0023322037448286234,0.0001961968530961341,0.9958579384007248,0.07632066856684284
0.9905548209630836,0.9908005203059471,0.8395523520711393,0.9910695126684739,0.0001491298760818279,0.8240193666762371,0.9924255686061113,8.857941254259501e-05,0.8353268872403956,0.8111246365437151,0.8388514489834598,0.8395035768858733,0.13799963387204311,0.8388362299043938,0.8117626253188568,0.8399751319821127,0.8399751319821127,0.22295046739013635,0.015403961018547463,0.41078771744304987,0.877774465561318,0.8408340573414428,0.9290959784638009,0.834759357828105,0.8400447427293064,0.24,0.0024353708143579115,0.0005559359390200014,0.9962499173990608,0.06909815424634032
0.9628244996634784,0.9613988957074108,0.23600145975929732,0.9652105262256805,2.165516569421348e-07,0.23251633821654583,0.9648208749471336,1.4782159791159563e-07,0.23774471810279463,0.23149910685326514,0.23683985129656548,0.235769208487159,0.00031968863290220395,0.23521911891183236,0.23237008043066099,0.23857898303446695,0.23857898303446695,0.009347802729128496,0.01131719585036084,0.006742678566645566,0.3517578559694048,0.30651607298001693,0.4396594787785073,0.22416704284986255,0.23825503355704697,0.84,0.00047519649330142764,0.00012981108661641794,0.9989832575407138,0.018761933752110025
0.959433384929538,0.9592561863358919,0.19432775386435258,0.9619473088105167,7.148320001567203e-05,0.19246076347222318,0.9628915386486903,1.1818306278048268e-05,0.19613243552095794,0.16300130480013725,0.19642439542052859,0.19408283401930598,0.006875876501432724,0.1935408407797156,0.16214906336161689,0.19220579404759486,0.19220579404759486,0.00827334264532098,0.017604526878339577,0.012922946344453123,0.6021648046149739,0.5907906168549086,0.5281769865448762,0.1892917746253266,0.1912751677852349,0.36,0.0018226481318491799,0.00016120975995141885,0.997023362549034,0.05484683288596175
0.9732122904125554,0.9727629588588877,0.46594408651296826,0.9749215036403404,3.079407585225159e-06,0.45905181928820193,0.9754072146735923,1.5321029210662666e-06,0.4698683045104241,0.4499132870433421,0.46897208633997406,0.4657817365099678,0.0025992146775686725,0.46518697385682695,0.45119331173050986,0.4699532699006884,0.4699532699006884,0.010852046846459906,0.017604526878339577,0.010755839461325856,0.5854230028723144,0.5358818418766287,0.6880941125350102,0.4530761561463533,0.4697986577181208,0.64,0.0013633303962057384,0.000278730508719565,0.997406330535914,0.047790353377424794
0.9791643734686144,0.9781782216913013,0.5759098989024222,0.9805002643720175,1.7994582221731369e-06,0.5658164194537754,0.9804690428232582,1.3671794793021773e-06,0.5771550431725435,0.5712544982600516,0.5754286022881427,0.575761570825295,0.0029011927071163246,0.5751648511626175,0.5728847141301279,0.5832509551226436,0.5832509551226436,0.009347802729128496,0.01131719585036084,0.006742678566645566,0.47903155308832446,0.4317984361424845,0.5991261339912022,0.5530438044354001,0.5827740492170022,0.84,0.0008501863634165811,0.0002760391938622792,0.9982338417546233,0.03251515067659185
0.9647792990786869,0.9634873953877726,0.27794678198689066,0.9670379279781721,5.015823974537195e-07,0.2739667894460825,0.9667511044568262,3.4071031893133483e-07,0.2802927518762375,0.27250338973605914,0.27927037693876416,0.27770787479303893,0.0007065469734578453,0.2771690431770263,0.2734080805579554,0.2811959043807569,0.2811959043807569,0.0076286665950355825,0.006130147752278603,0.003371623415114211,0.3234948143178187,0.28027801911381367,0.40362181658354856,0.26249917555094837,0.28076062639821026,0.92,0.000581054877688002,0.00016390107480870463,0.9987654914305272,0.022719096770622907
0.9691606803130668,0.96812660369415,0.37196483541654723,0.9711442177282672,6.306529214589655e-07,0.3659909381057451,0.9710804993820832,3.5254178323180207e-07,0.37465084652371566,0.36412878731444637,0.37323726235515664,0.37177391624819883,0.0007367447764126105,0.3711974118121464,0.3654225083830928,0.3760662452088617,0.3760662452088617,0.010422262812936012,0.015246777742847328,0.00882952223187905,0.47723135935255456,0.42832319721980916,0.5687193565142064,0.3581488934853255,0.3758389261744966,0.7599999999999999,0.000808022430652437,0.00019529974814370548,0.998343475727338,0.030522732933004948
0.9533120320655117,0.9521496762441034,0.0505127260768958,0.9561887582097466,5.49012229733314e-05,0.050537736006362535,0.9562099612195812,8.699102053379623e-06,0.050903850583669516,0.03408462606954184,0.05132606519238797,0.050222146563393286,0.005072169892512962,0.04971003430395099,0.032335021649369744,0.047978883075150455,0.047978883075150455,0.0010744600838075158,0.009430996541967218,0.010193996936070704,0.6001845915056272,0.653518679409208,0.46083160531804523,0.05182365726381709,0.04697986577181208,0.03999999999999998,0.0009510209600695553,0.00011743103827290331,0.9985998390032611,0.025801809779450423
0.9936142583706014,0.9955995045441556,0.9210954553655772,0.9939947859239302,8.34261673077241e-06,0.9113122450955116,0.996361057370436,2.256331947943354e-06,0.9369227309005017,0.8796617712422943,0.9334646775323947,0.9210520617619989,0.004043812278377713,0.9203882797131865,0.8817860593348084,0.9339211556421162,0.9339211556421162,0.6702482002793602,0.5355234203080794,0.7352116441689991,0.5360976945122236,0.48479582971329194,0.6721023999359961,0.8887754904750438,0.9340044742729305,0.7999999999999999,0.003270575525068935,0.0007577845533164357,0.993492547893525,0.11987713423914546
0.9581257375391596,0.973093923289109,0.4633443301861887,0.9604444407352043,0.0004238779981809947,0.46472557364022127,0.9752875243661888,5.999269458779359e-07,0.4772015383385219,0.13932305223856217,0.4749792754541922,0.463181189871843,0.0008281543421135215,0.4625869322973746,0.1320966809862607,0.466924656200952,0.466924656200952,0.010529708821317207,0.018390443256836697,0.012200577383410849,0.6126059282824379,0.5664639443961779,0.7054372374663345,0.4487498251489702,0.46532438478747196,0.5599999999999999,0.015769938827256573,0.0006689711630260046,0.9731111418152975,0.4954478789052771
0.9588052948200195,0.9574682175749265,0.15981307845136056,0.9613903267695175,3.096581135502524e-05,0.157475753248476,0.9612042625988017,1.669430368672569e-05,0.1586260000043323,0.1483892270150457,0.16028621027455203,0.1595576663385283,0.024202886142775056,0.15902237858370258,0.1479428418442723,0.15745540179152911,0.15745540179152911,0.007521220586655275,0.016661427224142322,0.01284268312655934,0.596944242781241,0.5913119026933114,0.5169152171089522,0.15617644104924067,0.1565995525727069,0.31999999999999995,0.0007855948068417222,0.00019081422338156252,0.9988571033803298,0.02105874865096715
0.9746285907202101,0.9756560444816841,0.5286098546883276,0.9760864275559453,0.0002081115202598918,0.5207279795533425,0.9782217233200714,5.3138799024377145e-05,0.5300810291458214,0.4813204044360625,0.5309259766033816,0.5284665547274562,0.04126056402803434,0.5278596174167606,0.47996140426076545,0.5269266068366378,0.5269266068366378,0.007521220586655275,0.016661427224142322,0.01284268312655934,0.7769636163582145,0.7602085143353605,0.7786387387998452,0.5203233010668423,0.5257270693512304,0.31999999999999995,0.0030920516395356447,0.00038728020796342517,0.9950694748983249,0.09084871461383069
0.9635326498173058,0.962359453392823,0.2574979523717735,0.9658586995478705,7.2670290307286945e-06,0.2536091326348503,0.9658105530113351,4.61186893140002e-06,0.25791111113006376,0.24703550180645806,0.2586634370659401,0.2572722359128485,0.007871587842103362,0.2567179700153638,0.24766300874001385,0.2576553160782608,0.2576553160782608,0.010852046846459906,0.018547626532535944,0.01187952451183616,0.5166556021659119,0.4774978279756734,0.5389882852033647,0.2484364996487749,0.25727069351230425,0.6,0.0008187876900815803,0.00013967924109313252,0.9985822675309219,0.0261228104159172
0.9868996987020769,0.9861632140939962,0.7378708378274682,0.9877642757413888,1.6201936054991844e-06,0.7238898546565469,0.9879264635434913,1.126964901080569e-06,0.738829932726389,0.7322233497687658,0.7361779413698775,0.7377911520320475,0.0024523064469779226,0.7371435596574551,0.7348040261393614,0.7471500887174664,0.7471500887174664,0.015472225206833556,0.01744734360264033,0.06830456669103979,0.6061252308336673,0.5508253692441354,0.7599442015362108,0.7186624755293968,0.7472035794183445,0.68,0.001050240767808158,0.0003092320771021373,0.9978133278866766,0.04029111437031298
0.962207846703147,0.9607892744436985,0.2295796736088193,0.9644693735579625,0.00011832504435257588,0.22486336723010109,0.9642295691001107,7.1430959891342e-05,0.22510252853456336,0.21838166959531613,0.22779104744097117,0.2262015257065949,0.11409440012758164,0.22879662819408067,0.21601020363460904,0.22632686397644264,0.22632686397644264,0.0021489201676159198,0.0108456460232631,0.010595313025538289,0.733398927952587,0.8033014769765412,0.5664670026270215,0.22685524851813949,0.22371364653243847,0.07999999999999996,0.0009219547596108689,0.0003594699544381387,0.9989742465292578,0.01890029609541467
0.9908893575768027,0.9899721581831806,0.829153326764021,0.9913243118365072,0.00028605577558972646,0.81059839292661,0.9915725518630496,0.00023245001843627707,0.8144539065786484,0.8136615921753125,0.8219514770766878,0.8235121557678513,0.4657600578883722,0.8284360636665843,0.8127702988896282,0.8267003641423593,0.8267003641423593,0.16611152895669878,0.012103112228858848,0.35709162467222866,0.9323203357551435,0.9162467419635085,0.9313483323509857,0.8274087954539103,0.8255033557046979,0.12,0.0016988476484140335,0.0007739324424601504,0.9980851600655993,0.03528239754268478
0.9543421379689527,0.9533478055233929,0.0716211953570168,0.9572508684259697,7.489675684637743e-07,0.07278601594552676,0.9572526960319899,1.370657212748072e-07,0.07616531336441919,0.05657699937076559,0.07576734064855953,0.07133121058047133,0.00015319263823268748,0.07081887917356455,0.05661797887442749,0.0717515339858082,0.0717515339858082,0.005372300419039355,0.0001571832756992464,5.682635824122428e-07,0.0721877688043655,0.041702867072110905,0.08266138765968911,0.06384497698664278,0.0715883668903803,1.0,0.0008613104648266957,0.0001290036921592322,0.9983310104948238,0.030757948916622847
0.9654693404129682,0.9977621859071533,0.9638362254244988,0.9655815495756237,0.02065840745817674,0.9561179397624551,0.9983296949638477,1.6013098166395755e-05,0.9763961536158099,0.2948246660295705,0.972473386590545,0.9638252318398147,0.002958323685679394,0.9631337390823921,0.2504291714833077,0.9650922771621299,0.9650922771621299,0.8103577952079082,0.7209996856334477,0.8595393686861925,0.9422214013018753,0.9158992180712424,0.9926123580824182,0.9583328121417083,0.9619686800894853,0.07999999999999996,0.03375779022840237,0.0009129837100865829,0.9457281798357584,1.0
0.9907892825214166,0.9894072361384927,0.8052704906575605,0.9913547089302375,8.019940420759295e-06,0.7894113500971424,0.9910285862122384,7.480102701210267e-06,0.8010478384866568,0.8094529991120426,0.7993674876219692,0.8051918869141954,0.016612627562252978,0.8045506072510182,0.8110908429383428,0.8167885374886767,0.8167885374886767,0.14182873106264093,0.013360578434453707,0.31415080309915044,0.5315972101727997,0.4874022589053002,0.6576873350580126,0.7778030002314883,0.8165548098434005,0.7999999999999999,0.0005640098835918587,0.0003119233919594231,0.9988195574992632,0.021778232836151313
0.9694151568824771,0.9693315805133752,0.4032783183376091,0.9710816354764695,0.00043986840198831134,0.3954718411175666,0.9722175573024158,0.00011583121864800463,0.39976335299233207,0.37032367897299806,0.40131516843648624,0.4031163253569431,0.09614711129041172,0.4025143302968933,0.36643018195386406,0.39956750086590676,0.39956750086590676,0.0021489201676159198,0.0108456460232631,0.010595313025538289,0.8190881497752258,0.8787141615986105,0.6775080492652403,0.39901802028584765,0.3959731543624161,0.07999999999999996,0.0023187471705421944,0.00045635728930042716,0.9968416404846714,0.05819520159393419
0.9719637349596432,0.9705631866545722,0.42217505462330573,0.9737699902072634,6.163117521250494e-07,0.4143592227146543,0.9733921300952181,5.174652249958912e-07,0.4221831876646938,0.4205121345686289,0.420648432136359,0.421999399080044,0.0011382939400273267,0.4214131398409725,0.4219707781781418,0.4276510097180074,0.4276510097180074,0.00988503277103181,0.013360578434453707,0.00754531074558118,0.4684104100472819,0.4198088618592539,0.5853867752793747,0.4061165633786413,0.4272930648769575,0.7999999999999999,0.0004949328022548568,0.00017556343919027638,0.9989126712843085,0.0200625397791737
0.9617780005128694,0.962624795565328,0.26411375018842903,0.9639177557099745,0.0005026468707475296,0.2601311226873377,0.9660025934299302,3.596166403542603e-05,0.26413672109870934,0.21175411883680217,0.26421438396895175,0.26389004489494244,0.013103153164807285,0.26333449368531336,0.20686210827643026,0.2607429287461739,0.2607429287461739,0.004082948318470336,0.013360578434453707,0.01155847164026147,0.7260181336359306,0.7706342311033882,0.5896662476650274,0.25946654353142357,0.2583892617449664,0.16000000000000003,0.003072315330582215,0.00025719998986127867,0.9953983768164688,0.0847884439770872
0.9930471663900802,0.9920501963441964,0.871525474657205,0.9933698574381221,0.00025436896194643856,0.8518791970160531,0.9935411894564612,0.00021444826623850545,0.8559134134557329,0.8579108183078242,0.8635075384807409,0.8659359986853219,0.44160997709292615,0.8708128604266137,0.8576414102469154,0.8698876088476905,0.8698876088476905,0.35188567744708354,0.050141464948129766,0.5169759547162887,0.9393410913246445,0.9157254561251076,0.9606289328843935,0.8707981150684421,0.8691275167785234,0.12,0.0016055487333614595,0.00076137297312615,0.9982038050497699,0.03309627251847137
0.9579513210140582,0.9565675758639508,0.13932544650300788,0.9606303994262603,3.53115441924352e-06,0.13789093340878134,0.9603700032919747,2.12367613608963e-06,0.14048388506502768,0.13072886920749216,0.14095294657467927,0.13906380626494697,0.00344801778764856,0.1385324988316005,0.1309506992783247,0.13889039313859985,0.13889039313859985,0.010529708821317207,0.018390443256836697,0.012200577383410849,0.45274872454608683,0.416159860990442,0.4714176685878151,0.13451118349147156,0.13870246085011184,0.5599999999999999,0.0006007911866414313,9.661820337655986e-05,0.9989336969777058,0.019619780280598832
0.9676662261526344,0.9667304663850558,0.3453464348169829,0.9697352230306513,4.900736090632519e-06,0.3400160759891914,0.9698550135480719,3.0164138969430696e-06,0.3467883773695626,0.33346899018529724,0.3469463049343858,0.34514742380411395,0.005178270281272947,0.34459549406580936,0.3344810022688207,0.3470387528659341,0.3470387528659341,0.010852046846459906,0.017604526878339577,0.010755839461325856,0.5404181594780724,0.4953953084274545,0.5966485447153005,0.33399704568440036,0.3467561521252796,0.64,0.0009910318409478707,0.0001899171184291339,0.9981932922030713,0.033289979799097875
0.9535966264611145,0.9532648742063949,0.0708994719588362,0.9565145435319619,2.1679904211314493e-05,0.07193589527683548,0.9572197365368915,1.657588148495465e-06,0.07423270069930592,0.04092260648121927,0.07409825455922928,0.07061703060821016,0.0006045273688809357,0.0700990169209102,0.040204754654040636,0.06960790480872207,0.06960790480872207,0.008810572687224294,0.01823325998113745,0.01284268312655934,0.4646300032021671,0.43979148566463877,0.44686701121749905,0.06957421531715792,0.06935123042505593,0.4,0.001566793799416544,0.00012164743154931771,0.9972872350011706,0.049984780142236486
0.9922217854570863,0.9942556748317917,0.8938756186008625,0.9927163199229209,6.90849979738079e-06,0.8845456963251878,0.9951078819876972,1.4711529534577988e-06,0.9098432372332026,0.8507916094811713,0.9063752962420124,0.8938239503195419,0.002990969959144005,0.893165456519816,0.8533340996895009,0.90617197427635,0.90617197427635,0.5322875255184272,0.33527192706695974,0.6302273551641648,0.5090947884756787,0.45699391833188585,0.6401189747379696,0.8596252602596662,0.9060402684563758,0.84,0.0032947973587845072,0.0007425337691251495,0.993420459801877,0.12126075767219192
0.9782112777030325,0.9808763426353754,0.6224726987850421,0.9795785172062548,1.0027704127507564e-05,0.618802876209677,0.9826127498215286,9.046767839202747e-07,0.6386472643352392,0.5591203771383806,0.6358997053651294,0.62233852553798,0.001652472747094951,0.6217327596901223,0.5604172234799965,0.630548461277617,0.630548461277617,0.0076286665950355825,0.006130147752278603,0.003371623415114211,0.4318664772111571,0.3845351867940927,0.542366816034141,0.5933248862459867,0.6297539149888143,0.92,0.0039281534551990965,0.0006447493293104326,0.9924712999285118,0.13869441292857734
0.9776508573928703,0.976234281187358,0.5471379688082867,0.9789991843610422,0.00012147293102137046,0.5346767444054832,0.978751397590894,0.00010524026545298029,0.536039281631151,0.5378610822720494,0.5416286584745993,0.5421873493032346,0.22128027748026596,0.5463897643516635,0.5375766225425134,0.5449409584532513,0.5449409584532513,0.006661652519608374,0.016032694121345337,0.012682156690772217,0.8037865030211844,0.7862728062554307,0.7935042744552678,0.5399808050161171,0.5436241610738255,0.28,0.001026018934092586,0.000519154635970429,0.9989186786252792,0.01992417743586905
0.9586852047535562,0.9572161900634074,0.1511019546399871,0.9613348967750682,1.000296561040656e-07,0.14944578861737884,0.960911289309038,5.3528412729083755e-08,0.15337433515348098,0.14573427344709494,0.15270118351324496,0.1508244873298999,0.00011891405109484585,0.15031029903001528,0.14634241911422374,0.15244048949651118,0.15244048949651118,0.005372300419039355,0.0001571832756992464,5.682635824122428e-07,0.1720985211395849,0.132406602953953,0.20676608684358122,0.13921134308959948,0.15212527964205813,1.0,0.0004384151902518552,0.00010289793804356005,0.9990658584790605,0.01718460303843706
0.9745714049742752,0.9732498950320868,0.4762073036537624,0.9762035457700238,8.672822154685831e-07,0.4677038234329757,0.9758788302132118,7.28997465519397e-07,0.4765904355195138,0.47479118529117637,0.47490323508565785,0.47602866654675846,0.0016116649052641875,0.47545131702809784,0.4762270845573188,0.4827953786404796,0.4827953786404796,0.006554206511228067,0.0037723986167863544,0.0016058326214545282,0.3762404907758725,0.333622936576889,0.47276908092012704,0.452152085447883,0.4821029082774049,0.9600000000000001,0.0005514504142578585,0.00021683026700199186,0.9987790079477112,0.0225253894899964
0.971653978835829,0.9702579004991094,0.4253956482818536,0.9732666500963765,0.0002201975407160497,0.41573524951763563,0.9730491369754948,0.0001694922871889421,0.41582389895439026,0.4139042501328405,0.42104764407116463,0.4183120568319565,0.3269970725270428,0.4246340868474582,0.4109258855102758,0.4215937823185347,0.4215937823185347,0.00311593424304224,0.012103112228858848,0.011157155550793885,0.8160278204244182,0.8639443961772368,0.7013830004694004,0.4205236656320628,0.41834451901565994,0.12,0.0011489223125753039,0.0005855404024501451,0.9989066639433378,0.02014555718515649
0.9975238572010183,0.9963641465036324,0.9462587684688097,0.9977130657128798,2.2225227175236654e-06,0.926373141199377,0.9975195523607513,1.991020324235906e-06,0.941983426120413,0.9497132127907414,0.9387494831455359,0.9462230243713124,0.0044682138334176565,0.945554353613259,0.9529159584480775,0.9594677088626197,0.9594677088626197,0.7970344901686905,0.7214712354605464,0.8298419780655588,0.5371778107536862,0.4844483058210258,0.6757061661554928,0.9134733800523378,0.9597315436241611,0.7999999999999999,0.0007030611512182912,0.00031102628700699445,0.9984456005238392,0.02864100506406176
0.9924772151222622,0.9910715687617317,0.8555777156974077,0.9927333065341231,0.0004499430734453875,0.8346505874554362,0.9925175693647871,0.0004070250668357777,0.8342574573071314,0.8441050597544805,0.8443453656100703,0.8416383539768714,0.8792087881809392,0.8548633517559434,0.8414791165039559,0.8514209318083891,0.8514209318083891,0.25453959385408886,0.008016347060672224,0.4420101092036619,0.9866861865753886,0.9937445699391834,0.957025166664895,0.857483096367758,0.848993288590604,0.0,0.0015068671885943138,0.0009695013220895845,0.9988510960393592,0.021141766056949937
0.9877470008376793,0.9864951295714307,0.7459611243070734,0.988555494210545,1.268834956818237e-06,0.7304872434379647,0.9882980394231915,1.109038440019255e-06,0.7431649433487281,0.7473074192992708,0.7405312524684724,0.7458838979133766,0.0024931142888086864,0.7452347337641091,0.7498400964796941,0.7560589329121454,0.7560589329121454,0.02213387772644193,0.01744734360264033,0.10113222280952439,0.6072053470751282,0.5511728931364033,0.7621965554233956,0.7272731343105961,0.756152125279642,0.68,0.000630395650071575,0.0002500231502418499,0.9986243189177165,0.025347981293411183
0.980765574354792,0.981831194037508,0.6515938498782972,0.9819450203563749,6.9522045109259e-05,0.6422895802715244,0.9839543531179461,2.476121116431701e-05,0.6558154341567497,0.6097611581566994,0.6561074333031478,0.6514879363623352,0.025753584132344083,0.6508571058150326,0.6107416271026345,0.6533613956392674,0.6533613956392674,0.008810572687224294,0.01823325998113745,0.01284268312655934,0.7672425701850578,0.7242397914856653,0.8263886412081671,0.6423006332649063,0.6532438478747203,0.4,0.0029000711797159246,0.0004150904614887117,0.9949883757952209,0.09231535545285995
0.9516977737673458,0.9510613929179477,0.024907066374778464,0.9547769920124082,9.103057234703317e-07,0.027358281764906747,0.9551021113071,1.3193875341127143e-08,0.02951525191838404,0.0012556335437633598,0.029226833087076187,0.024606762177862937,1.8853222925812898e-05,0.024101565272867304,0.0011445608882012237,0.024646757793545263,0.024646757793545263,0.01074460083807871,0.016504243948443076,0.009953207282389354,0.18181956731274163,0.1518679409209387,0.2225325640538749,0.023089258862751108,0.02460850111856823,0.7200000000000001,0.0011836402742342904,0.00012694035076864642,0.9977747307209401,0.04100229681489885
0.9556791407089109,0.9542774541743737,0.09478036794863487,0.9583997891657579,5.667952797073701e-05,0.09351878143318816,0.9581780628862433,2.0709830964460037e-05,0.09377271333709171,0.08307736924345861,0.09481545296642824,0.09419467322506055,0.022162494051236863,0.09398253300695422,0.08133759464681942,0.09210421137449097,0.09210421137449097,0.0010744600838075158,0.009430996541967218,0.010193996936070704,0.6466295898884873,0.716941789748045,0.4856074980770799,0.09500296081051464,0.09060402684563758,0.03999999999999998,0.0007793150721747221,0.00018632869861941957,0.9989697410235299,0.018983313501397456
0.9664005149759417,0.9649738821821284,0.3099975092394273,0.9685613587933609,6.485793831263608e-07,0.30427707847613933,0.968227582651885,4.995387639345772e-07,0.30964478415172303,0.30542481397864774,0.30928731241772106,0.3097877523514007,0.0010403551196334934,0.30922328688012546,0.30654275856155333,0.31238669222349624,0.31238669222349624,0.01074460083807871,0.016504243948443076,0.009953207282389354,0.47309091376028434,0.42519548218940173,0.540114462146958,0.29813050161968724,0.31208053691275167,0.7200000000000001,0.000534405420161715,0.00012353135194941776,0.9989727446940152,0.0189279685640756
0.9718264891693994,0.9712137029484554,0.4431477157371023,0.9733372786376909,0.00042541967388439074,0.43377439541425533,0.973938775379777,0.00017807906203731153,0.4370024310256417,0.4194894857868997,0.43975357473062854,0.44057195977172714,0.21173940406023337,0.44238810197356937,0.4154702957314013,0.4393918043851671,0.4393918043851671,0.0,0.008016347060672224,0.009632154410815108,0.8655331481580859,0.9416159860990447,0.7299878948366505,0.4406852081441395,0.43512304250559286,0.0,0.0018989020528056106,0.0005505533093054298,0.9976691517033807,0.042975343830423104
0.9878242015946914,0.9886863423508268,0.7845694458764124,0.9885814211434326,6.227294254019768e-06,0.774557800497836,0.9900764230205067,2.4355965585564943e-06,0.7947649376287292,0.7567275878848143,0.7922387030718685,0.7845039561959778,0.004174397372236157,0.7838666945467182,0.758573267426379,0.7943885959042631,0.7943885959042631,0.08230364241968413,0.015246777742847328,0.23669679783182218,0.5555397868585388,0.5056472632493492,0.6898959956447577,0.7587335412721491,0.7941834451901566,0.7599999999999999,0.002389618461784053,0.000561318568734573,0.9952857391732689,0.08686387912665688
0.9724526730873867,0.9713240244251958,0.4421970585728322,0.9741571061362403,3.243578121175165e-05,0.4336235979563944,0.9741772627833346,2.472535824219438e-05,0.43856838199935005,0.4317612711676496,0.440780119705843,0.4420274896064985,0.0476265873536335,0.4414373405077995,0.4317906559168348,0.4424204180849035,0.4424204180849035,0.009777586762651502,0.018390443256836697,0.012682156690772217,0.6689519922120297,0.6375325803648995,0.6941754680304086,0.4319905429358064,0.441834451901566,0.48,0.0010322986687595862,0.00030384944738756566,0.9984816445696633,0.02797686581619946
0.9865461001730461,0.9865598007819337,0.7431479551474984,0.9874129210991534,3.090163462225596e-06,0.7321271657922029,0.9881694170032953,1.6002234730992598e-06,0.7495624259852197,0.727778760832789,0.7471277544388322,0.743069873566152,0.0031786860315655193,0.742421255957239,0.7300027579492159,0.7528729886306045,0.7528729886306045,0.019125389491779998,0.016504243948443076,0.08812958151076034,0.5798424022914297,0.5266724587315377,0.7241317747299689,0.7216447036926414,0.7527964205816554,0.7200000000000001,0.0016468155611731748,0.00045725439425285577,0.9966298817154554,0.06209701967512521
0.9806912328850765,0.9818578233594798,0.6450556567281126,0.9819244576164985,4.900736090632519e-06,0.6385384935072326,0.983653340926939,1.069600225684364e-06,0.656999445868578,0.6088761736340492,0.6544535552875246,0.6449477556380957,0.0018646735246149232,0.6443375986211819,0.6107218687973253,0.653381061961993,0.653381061961993,0.010852046846459906,0.01744734360264033,0.010595313025538289,0.5955040877926265,0.5430060816681141,0.7462048428243815,0.6281035470793189,0.6532438478747203,0.68,0.0026183802246533454,0.0005388909449238581,0.9948291812594983,0.09527630959957938
0.9753891611411445,0.9739698377725394,0.5021272622550875,0.9768061234516184,0.00023538483904066696,0.4905119389344488,0.9765621368189105,0.00019414117114824892,0.4904166367995734,0.4910355678624895,0.4966888006707652,0.494581820173978,0.39382399430910164,0.5013741194417421,0.48906998300832577,0.4982727746254958,0.4982727746254958,0.00311593424304224,0.012103112228858848,0.011157155550793885,0.8570722375999669,0.8790616854908766,0.7723321479157281,0.4980195946628575,0.49552572706935116,0.12,0.0011453338927655892,0.0006160419708327174,0.9989306933072205,0.01970279768658162
0.9779749099531682,0.9783646269451041,0.5853000635454172,0.9792915328801541,0.00014376627875094323,0.5755240058035759,0.9807834531830045,5.8068575816238516e-05,0.5843736952220774,0.5502705319118784,0.5864734658177653,0.5851739970901502,0.06550042207550806,0.5845560460489976,0.5503207294669743,0.5836442815771548,0.5836442815771548,0.007521220586655275,0.016661427224142322,0.01284268312655934,0.7942454762216027,0.7664639443961772,0.8065679270009394,0.5767756201006571,0.5827740492170022,0.31999999999999995,0.0024972710560754847,0.00042226730110814047,0.9960651916642128,0.07250186789163461
0.9629665109325501,0.9620047127822697,0.2476421597299523,0.9653401608901184,5.98385290457654e-07,0.24480633103221566,0.9653568016967012,2.1558362072336273e-07,0.2514181436781021,0.23600269475741853,0.25064117818556025,0.24741344716533015,0.0004004881597271164,0.24686109604370857,0.23683545743054957,0.24972978801985984,0.24972978801985984,0.010422262812936012,0.015246777742847328,0.00882952223187905,0.41206434611769005,0.36663770634231163,0.48245420263502226,0.23680580981212063,0.2494407158836689,0.7599999999999999,0.0008833792466564392,0.000176460544142705,0.9982503619422926,0.03223842598998256
0.9943919845153162,0.992940376535826,0.8785292958062156,0.9947618655245358,2.6420019205407145e-06,0.8585896838908668,0.9944013518895172,2.4893759417404365e-06,0.8716875049713809,0.8834770378510531,0.8688303642781492,0.8784729623288197,0.005586348699580586,0.8778174500009592,0.8860538532816047,0.890104588609567,0.890104588609567,0.45997636187815605,0.2230430682175415,0.5827917933890445,0.5877632547288165,0.534665508253692,0.7374206626643609,0.853156765370375,0.890380313199105,0.7200000000000001,0.0005326112102568579,0.00021683026700199186,0.9989171767900366,0.019979522373190912
0.9558068555414989,0.9563754643268683,0.13263204401988124,0.9585964762428363,1.4831995854369497e-05,0.13348010776634767,0.9600618454109734,7.684356798542879e-07,0.13786760112114899,0.08773828772941651,0.13737904925356215,0.1323683690249985,0.00030254933933328315,0.1318383619807717,0.08738363607144731,0.13228250870281144,0.13228250870281144,0.010529708821317207,0.018390443256836697,0.012200577383410849,0.4421275815050443,0.40382276281494356,0.46128207609548255,0.12768566128686232,0.1319910514541387,0.5599999999999999,0.0023322037448286234,0.0001961968530961341,0.9958579384007248,0.07632066856684284
0.9905548209630836,0.9908005203059471,0.8395523520711393,0.9910695126684739,0.0001491298760818279,0.8240193666762371,0.9924255686061113,8.857941254259501e-05,0.8353268872403956,0.8111246365437151,0.8388514489834598,0.8395035768858733,0.13799963387204311,0.8388362299043938,0.8117626253188568,0.8399751319821127,0.8399751319821127,0.22295046739013635,0.015403961018547463,0.41078771744304987,0.877774465561318,0.8408340573414428,0.9290959784638009,0.834759357828105,0.8400447427293064,0.24,0.0024353708143579115,0.0005559359390200014,0.9962499173990608,0.06909815424634032
0.9628244996634784,0.9613988957074108,0.23600145975929732,0.9652105262256805,2.165516569421348e-07,0.23251633821654583,0.9648208749471336,1.4782159791159563e-07,0.23774471810279463,0.23149910685326514,0.23683985129656548,0.235769208487159,0.00031968863290220395,0.23521911891183236,0.23237008043066099,0.23857898303446695,0.23857898303446695,0.009347802729128496,0.01131719585036084,0.006742678566645566,0.3517578559694048,0.30651607298001693,0.4396594787785073,0.22416704284986255,0.23825503355704697,0.84,0.00047519649330142764,0.00012981108661641794,0.9989832575407138,0.018761933752110025
0.959433384929538,0.9592561863358919,0.19432775386435258,0.9619473088105167,7.148320001567203e-05,0.19246076347222318,0.9628915386486903,1.1818306278048268e-05,0.19613243552095794,0.16300130480013725,0.19642439542052859,0.19408283401930598,0.006875876501432724,0.1935408407797156,0.16214906336161689,0.19220579404759486,0.19220579404759486,0.00827334264532098,0.017604526878339577,0.012922946344453123,0.6021648046149739,0.5907906168549086,0.5281769865448762,0.1892917746253266,0.1912751677852349,0.36,0.0018226481318491799,0.00016120975995141885,0.997023362549034,0.05484683288596175
0.9732122904125554,0.9727629588588877,0.46594408651296826,0.9749215036403404,3.079407585225159e-06,0.45905181928820193,0.9754072146735923,1.5321029210662666e-06,0.4698683045104241,0.4499132870433421,0.46897208633997406,0.4657817365099678,0.0025992146775686725,0.46518697385682695,0.45119331173050986,0.4699532699006884,0.4699532699006884,0.010852046846459906,0.017604526878339577,0.010755839461325856,0.5854230028723144,0.5358818418766287,0.6880941125350102,0.4530761561463533,0.4697986577181208,0.64,0.0013633303962057384,0.000278730508719565,0.997406330535914,0.047790353377424794
0.9791643734686144,0.9781782216913013,0.5759098989024222,0.9805002643720175,1.7994582221731369e-06,0.5658164194537754,0.9804690428232582,1.3671794793021773e-06,0.5771550431725435,0.5712544982600516,0.5754286022881427,0.575761570825295,0.0029011927071163246,0.5751648511626175,0.5728847141301279,0.5832509551226436,0.5832509551226436,0.009347802729128496,0.01131719585036084,0.006742678566645566,0.47903155308832446,0.4317984361424845,0.5991261339912022,0.5530438044354001,0.5827740492170022,0.84,0.0008501863634165811,0.0002760391938622792,0.9982338417546233,0.03251515067659185
0.9647792990786869,0.9634873953877726,0.27794678198689066,0.9670379279781721,5.015823974537195e-07,0.2739667894460825,0.9667511044568262,3.4071031893133483e-07,0.2802927518762375,0.27250338973605914,0.27927037693876416,0.27770787479303893,0.0007065469734578453,0.2771690431770263,0.2734080805579554,0.2811959043807569,0.2811959043807569,0.0076286665950355825,0.006130147752278603,0.003371623415114211,0.3234948143178187,0.28027801911381367,0.40362181658354856,0.26249917555094837,0.28076062639821026,0.92,0.000581054877688002,0.00016390107480870463,0.9987654914305272,0.022719096770622907
0.9691606803130668,0.96812660369415,0.37196483541654723,0.9711442177282672,6.306529214589655e-07,0.3659909381057451,0.9710804993820832,3.5254178323180207e-07,0.37465084652371566,0.36412878731444637,0.37323726235515664,0.37177391624819883,0.0007367447764126105,0.3711974118121464,0.3654225083830928,0.3760662452088617,0.3760662452088617,0.010422262812936012,0.015246777742847328,0.00882952223187905,0.47723135935255456,0.42832319721980916,0.5687193565142064,0.3581488934853255,0.3758389261744966,0.7599999999999999,0.000808022430652437,0.00019529974814370548,0.998343475727338,0.030522732933004948
0.9533120320655117,0.9521496762441034,0.0505127260768958,0.9561887582097466,5.49012229733314e-05,0.050537736006362535,0.9562099612195812,8.699102053379623e-06,0.050903850583669516,0.03408462606954184,0.05132606519238797,0.050222146563393286,0.005072169892512962,0.04971003430395099,0.032335021649369744,0.047978883075150455,0.047978883075150455,0.0010744600838075158,0.009430996541967218,0.010193996936070704,0.6001845915056272,0.653518679409208,0.46083160531804523,0.05182365726381709,0.04697986577181208,0.03999999999999998,0.0009510209600695553,0.00011743103827290331,0.9985998390032611,0.025801809779450423
0.9936142583706014,0.9955995045441556,0.9210954553655772,0.9939947859239302,8.34261673077241e-06,0.9113122450955116,0.996361057370436,2.256331947943354e-06,0.9369227309005017,0.8796617712422943,0.9334646775323947,0.9210520617619989,0.004043812278377713,0.9203882797131865,0.8817860593348084,0.9339211556421162,0.9339211556421162,0.6702482002793602,0.5355234203080794,0.7352116441689991,0.5360976945122236,0.48479582971329194,0.6721023999359961,0.8887754904750438,0.9340044742729305,0.7999999999999999,0.003270575525068935,0.0007577845533164357,0.993492547893525,0.11987713423914546
0.9581257375391596,0.973093923289109,0.4633443301861887,0.9604444407352043,0.0004238779981809947,0.46472557364022127,0.9752875243661888,5.999269458779359e-07,0.4772015383385219,0.13932305223856217,0.4749792754541922,0.463181189871843,0.0008281543421135215,0.4625869322973746,0.1320966809862607,0.466924656200952,0.466924656200952,0.010529708821317207,0.018390443256836697,0.012200577383410849,0.6126059282824379,0.5664639443961779,0.7054372374663345,0.4487498251489702,0.46532438478747196,0.5599999999999999,0.015769938827256573,0.0006689711630260046,0.9731111418152975,0.4954478789052771
0.9588052948200195,0.9574682175749265,0.15981307845136056,0.9613903267695175,3.096581135502524e-05,0.157475753248476,0.9612042625988017,1.669430368672569e-05,0.1586260000043323,0.1483892270150457,0.16028621027455203,0.1595576663385283,0.024202886142775056,0.15902237858370258,0.1479428418442723,0.15745540179152911,0.15745540179152911,0.007521220586655275,0.016661427224142322,0.01284268312655934,0.596944242781241,0.5913119026933114,0.5169152171089522,0.15617644104924067,0.1565995525727069,0.31999999999999995,0.0007855948068417222,0.00019081422338156252,0.9988571033803298,0.02105874865096715
0.9746285907202101,0.9756560444816841,0.5286098546883276,0.9760864275559453,0.0002081115202598918,0.5207279795533425,0.9782217233200714,5.3138799024377145e-05,0.5300810291458214,0.4813204044360625,0.5309259766033816,0.5284665547274562,0.04126056402803434,0.5278596174167606,0.47996140426076545,0.5269266068366378,0.5269266068366378,0.007521220586655275,0.016661427224142322,0.01284268312655934,0.7769636163582145,0.7602085143353605,0.7786387387998452,0.5203233010668423,0.5257270693512304,0.31999999999999995,0.0030920516395356447,0.00038728020796342517,0.9950694748983249,0.09084871461383069
0.9635326498173058,0.962359453392823,0.2574979523717735,0.9658586995478705,7.2670290307286945e-06,0.2536091326348503,0.9658105530113351,4.61186893140002e-06,0.25791111113006376,0.24703550180645806,0.2586634370659401,0.2572722359128485,0.007871587842103362,0.2567179700153638,0.24766300874001385,0.2576553160782608,0.2576553160782608,0.010852046846459906,0.018547626532535944,0.01187952451183616,0.5166556021659119,0.4774978279756734,0.5389882852033647,0.2484364996487749,0.25727069351230425,0.6,0.0008187876900815803,0.00013967924109313252,0.9985822675309219,0.0261228104159172
0.9868996987020769,0.9861632140939962,0.7378708378274682,0.9877642757413888,1.6201936054991844e-06,0.7238898546565469,0.9879264635434913,1.126964901080569e-06,0.738829932726389,0.7322233497687658,0.7361779413698775,0.7377911520320475,0.0024523064469779226,0.7371435596574551,0.7348040261393614,0.7471500887174664,0.7471500887174664,0.015472225206833556,0.01744734360264033,0.06830456669103979,0.6061252308336673,0.5508253692441354,0.7599442015362108,0.7186624755293968,0.7472035794183445,0.68,0.001050240767808158,0.0003092320771021373,0.9978133278866766,0.04029111437031298
0.962207846703147,0.9607892744436985,0.2295796736088193,0.9644693735579625,0.00011832504435257588,0.22486336723010109,0.9642295691001107,7.1430959891342e-05,0.22510252853456336,0.21838166959531613,0.22779104744097117,0.2262015257065949,0.11409440012758164,0.22879662819408067,0.21601020363460904,0.22632686397644264,0.22632686397644264,0.0021489201676159198,0.0108456460232631,0.010595313025538289,0.733398927952587,0.8033014769765412,0.5664670026270215,0.22685524851813949,0.22371364653243847,0.07999999999999996,0.0009219547596108689,0.0003594699544381387,0.9989742465292578,0.01890029609541467
0.9908893575768027,0.9899721581831806,0.829153326764021,0.9913243118365072,0.00028605577558972646,0.81059839292661,0.9915725518630496,0.00023245001843627707,0.8144539065786484,0.8136615921753125,0.8219514770766878,0.8235121557678513,0.4657600578883722,0.8284360636665843,0.8127702988896282,0.8267003641423593,0.8267003641423593,0.16611152895669878,0.012103112228858848,0.35709162467222866,0.9323203357551435,0.9162467419635085,0.9313483323509857,0.8274087954539103,0.8255033557046979,0.12,0.0016988476484140335,0.0007739324424601504,0.9980851600655993,0.03528239754268478
0.9543421379689527,0.9533478055233929,0.0716211953570168,0.9572508684259697,7.489675684637743e-07,0.07278601594552676,0.9572526960319899,1.370657212748072e-07,0.07616531336441919,0.05657699937076559,0.07576734064855953,0.07133121058047133,0.00015319263823268748,0.07081887917356455,0.05661797887442749,0.0717515339858082,0.0717515339858082,0.005372300419039355,0.0001571832756992464,5.682635824122428e-07,0.0721877688043655,0.041702867072110905,0.08266138765968911,0.06384497698664278,0.0715883668903803,1.0,0.0008613104648266957,0.0001290036921592322,0.9983310104948238,0.030757948916622847
0.9654693404129682,0.9977621859071533,0.9638362254244988,0.9655815495756237,0.02065840745817674,0.9561179397624551,0.9983296949638477,1.6013098166395755e-05,0.9763961536158099,0.2948246660295705,0.972473386590545,0.9638252318398147,0.002958323685679394,0.9631337390823921,0.2504291714833077,0.9650922771621299,0.9650922771621299,0.8103577952079082,0.7209996856334477,0.8595393686861925,0.9422214013018753,0.9158992180712424,0.9926123580824182,0.9583328121417083,0.9619686800894853,0.07999999999999996,0.03375779022840237,0.0009129837100865829,0.9457281798357584,1.0
0.9907892825214166,0.9894072361384927,0.8052704906575605,0.9913547089302375,8.019940420759295e-06,0.7894113500971424,0.9910285862122384,7.480102701210267e-06,0.8010478384866568,0.8094529991120426,0.7993674876219692,0.8051918869141954,0.016612627562252978,0.8045506072510182,0.8110908429383428,0.8167885374886767,0.8167885374886767,0.14182873106264093,0.013360578434453707,0.31415080309915044,0.5315972101727997,0.4874022589053002,0.6576873350580126,0.7778030002314883,0.8165548098434005,0.7999999999999999,0.0005640098835918587,0.0003119233919594231,0.9988195574992632,0.021778232836151313
0.9694151568824771,0.9693315805133752,0.4032783183376091,0.9710816354764695,0.00043986840198831134,0.3954718411175666,0.9722175573024158,0.00011583121864800463,0.39976335299233207,0.37032367897299806,0.40131516843648624,0.4031163253569431,0.09614711129041172,0.4025143302968933,0.36643018195386406,0.39956750086590676,0.39956750086590676,0.0021489201676159198,0.0108456460232631,0.010595313025538289,0.8190881497752258,0.8787141615986105,0.6775080492652403,0.39901802028584765,0.3959731543624161,0.07999999999999996,0.0023187471705421944,0.00045635728930042716,0.9968416404846714,0.05819520159393419
0.9719637349596432,0.9705631866545722,0.42217505462330573,0.9737699902072634,6.163117521250494e-07,0.4143592227146543,0.9733921300952181,5.174652249958912e-07,0.4221831876646938,0.4205121345686289,0.420648432136359,0.421999399080044,0.0011382939400273267,0.4214131398409725,0.4219707781781418,0.4276510097180074,0.4276510097180074,0.00988503277103181,0.013360578434453707,0.00754531074558118,0.4684104100472819,0.4198088618592539,0.5853867752793747,0.4061165633786413,0.4272930648769575,0.7999999999999999,0.0004949328022548568,0.00017556343919027638,0.9989126712843085,0.0200625397791737
0.9617780005128694,0.962624795565328,0.26411375018842903,0.9639177557099745,0.0005026468707475296,0.2601311226873377,0.9660025934299302,3.596166403542603e-05,0.26413672109870934,0.21175411883680217,0.26421438396895175,0.26389004489494244,0.013103153164807285,0.26333449368531336,0.20686210827643026,0.2607429287461739,0.2607429287461739,0.004082948318470336,0.013360578434453707,0.01155847164026147,0.7260181336359306,0.7706342311033882,0.5896662476650274,0.25946654353142357,0.2583892617449664,0.16000000000000003,0.003072315330582215,0.00025719998986127867,0.9953983768164688,0.0847884439770872
0.9930471663900802,0.9920501963441964,0.871525474657205,0.9933698574381221,0.00025436896194643856,0.8518791970160531,0.9935411894564612,0.00021444826623850545,0.8559134134557329,0.8579108183078242,0.8635075384807409,0.8659359986853219,0.44160997709292615,0.8708128604266137,0.8576414102469154,0.8698876088476905,0.8698876088476905,0.35188567744708354,0.050141464948129766,0.5169759547162887,0.9393410913246445,0.9157254561251076,0.9606289328843935,0.8707981150684421,0.8691275167785234,0.12,0.0016055487333614595,0.00076137297312615,0.9982038050497699,0.03309627251847137
0.9579513210140582,0.9565675758639508,0.13932544650300788,0.9606303994262603,3.53115441924352e-06,0.13789093340878134,0.9603700032919747,2.12367613608963e-06,0.14048388506502768,0.13072886920749216,0.14095294657467927,0.13906380626494697,0.00344801778764856,0.1385324988316005,0.1309506992783247,0.13889039313859985,0.13889039313859985,0.010529708821317207,0.018390443256836697,0.012200577383410849,0.45274872454608683,0.416159860990442,0.4714176685878151,0.13451118349147156,0.13870246085011184,0.5599999999999999,0.0006007911866414313,9.661820337655986e-05,0.9989336969777058,0.019619780280598832
0.9676662261526344,0.9667304663850558,0.3453464348169829,0.9697352230306513,4.900736090632519e-06,0.3400160759891914,0.9698550135480719,3.0164138969430696e-06,0.3467883773695626,0.33346899018529724,0.3469463049343858,0.34514742380411395,0.005178270281272947,0.34459549406580936,0.3344810022688207,0.3470387528659341,0.3470387528659341,0.010852046846459906,0.017604526878339577,0.010755839461325856,0.5404181594780724,0.4953953084274545,0.5966485447153005,0.33399704568440036,0.3467561521252796,0.64,0.0009910318409478707,0.0001899171184291339,0.9981932922030713,0.033289979799097875
0.9535966264611145,0.9532648742063949,0.0708994719588362,0.9565145435319619,2.1679904211314493e-05,0.07193589527683548,0.9572197365368915,1.657588148495465e-06,0.07423270069930592,0.04092260648121927,0.07409825455922928,0.07061703060821016,0.0006045273688809357,0.0700990169209102,0.040204754654040636,0.06960790480872207,0.06960790480872207,0.008810572687224294,0.01823325998113745,0.01284268312655934,0.4646300032021671,0.43979148566463877,0.44686701121749905,0.06957421531715792,0.06935123042505593,0.4,0.001566793799416544,0.00012164743154931771,0.9972872350011706,0.049984780142236486
0.9588157788734409,0.9586284951751275,0.1828228620600219,0.9612311890435178,0.0002391278842368191,0.18024616938548388,0.9622591450842005,2.6195328049222135e-05,0.18270727046587248,0.14943154211950038,0.18304129055847312,0.1825744447923801,0.01228699632819201,0.18203468671437792,0.14604604453458514,0.17983567705321718,0.17983567705321718,0.00311593424304224,0.012103112228858848,0.011157155550793885,0.6910943751619989,0.7383145091225014,0.5378621082597714,0.1803156878860958,0.17785234899328856,0.12,0.002009245961954328,0.00021503605709713463,0.997041384571946,0.05448709079336967
0.9533342391968498,0.9518799592544174,0.0438270840604163,0.9563018532790666,3.6458837739148494e-06,0.04446248342278834,0.9559732602385221,1.5356882132785293e-06,0.04559489484353614,0.03465494942858309,0.045919594989591694,0.04353447214923027,0.001832027251150312,0.043023658771210116,0.03451436272497907,0.04259621054516448,0.04259621054516448,0.008810572687224294,0.01823325998113745,0.01284268312655934,0.4280860703660405,0.3994787141615994,0.42682106162155264,0.04377164122305645,0.0425055928411633,0.4,0.0005283948169804435,6.602692449874471e-05,0.9990607522392354,0.017306361900545145
0.9744818139723105,0.9735998804065737,0.48175603730644134,0.9761221888426869,1.4588554504926268e-06,0.47467820585904597,0.9761342886305057,9.835532125900566e-07,0.4854514263951321,0.4748501842593531,0.4837619380199161,0.4815790869833534,0.002036066460304131,0.4810006594609588,0.4763851509997927,0.48840028061726437,0.48840028061726437,0.006554206511228067,0.0037723986167863544,0.0016058326214545282,0.3778606651380656,0.3365768896611634,0.4729943163088439,0.4574024871437363,0.4876957494407158,0.9600000000000001,0.0008896589813234394,0.00029218708300599396,0.9980851600655993,0.03528239754268478
0.9939621383250388,0.9935442915162586,0.8932547812690943,0.9942799821856938,4.569777755329067e-05,0.8755732475824595,0.9949980170040358,3.505099981351128e-05,0.8885310264202935,0.8794847743377641,0.8901596876520503,0.8932223313211697,0.06811212395267695,0.8925445510727826,0.8805017694897077,0.8984627757679303,0.8984627757679303,0.5046739013645647,0.2769569317824576,0.6276589321915691,0.8392503196158465,0.7935708079930492,0.9419343956207573,0.8880614358444077,0.8993288590604027,0.31999999999999995,0.0016970534385091763,0.0004258557209178548,0.9972861837165007,0.050004150870299136
0.988360794510714,0.9878456166142877,0.7849380680421498,0.9889148951422972,0.000375906786759045,0.7681300588565116,0.9895601469184232,0.00025833582820881446,0.7731280784432217,0.7629028132206405,0.7796730321715579,0.7814570470751897,0.45267706379742934,0.7842159538606746,0.7612406386431265,0.7815268208417463,0.7815268208417463,0.04491243150316926,0.0108456460232631,0.18829807744197868,0.9438415756640683,0.9398783666377053,0.9266183891878992,0.7838514629851114,0.7796420581655481,0.07999999999999996,0.00207204330862433,0.0007739324424601504,0.9974588947694073,0.04682181697429227
0.9672840347506361,0.9695807548832545,0.4047916093337942,0.9690852616441242,0.0006723029039677583,0.3990532807417648,0.9725408997746549,4.484601813741327e-05,0.4061799325919178,0.3278050892403358,0.405953630917085,0.4046106693206417,0.01514354525634548,0.4040277873240373,0.3234756262115733,0.4015144668157372,0.4015144668157372,0.005909530460942669,0.015403961018547463,0.012361103819197972,0.7645422795814039,0.7728931364031268,0.6709762229924046,0.39742189817030826,0.3993288590604026,0.24,0.00439195671560468,0.0003020552374827085,0.9930900560484903,0.12732102830893544
0.9968938608999687,0.9954644558398699,0.9429605701437909,0.9969593965948023,0.0002524436599633603,0.9200396479692157,0.9967219147151449,0.00023490952889388932,0.92246632983834,0.9352191329420031,0.9306892040808887,0.9328903710848063,0.5166964060615316,0.9422557934258938,0.9347975924795031,0.9422203438323028,0.9422203438323028,0.7114000214892018,0.5763910719899394,0.7853761553525018,0.9429414787961825,0.917984361424848,0.9790982347593076,0.9428336263355495,0.941834451901566,0.12,0.001306812784202737,0.0008107137455097229,0.9988736235679992,0.02075435149569693
0.9527912605391978,0.9524390799111043,0.05288742887090944,0.9557927019590842,2.3049844411936836e-06,0.05481472890494456,0.9563903898919356,9.40422147276535e-08,0.05756869070347724,0.024219998590400596,0.057209688707737655,0.05259757125374019,5.6069974675469526e-05,0.05208499763885374,0.024032581758426486,0.052606368812474866,0.052606368812474866,0.010529708821317207,0.018390443256836697,0.012200577383410849,0.3445570810263252,0.30356211989574255,0.3907833994265921,0.05140782544950549,0.052572706935123045,0.5599999999999999,0.0014582441001726838,0.0001397689515883754,0.9973222277623247,0.04934001162243683
0.9745895137938213,0.9905675137386937,0.814951672799822,0.9757609998465975,0.0007664526806449182,0.8125022108321049,0.991475191836878,5.2930744517299535e-06,0.8335126757464653,0.48464401297668225,0.8300497763256021,0.8148954191460047,0.0023053982163871727,0.8142328515656954,0.4767210421900498,0.8205841377747098,0.8205841377747098,0.15203610185881544,0.017604526878339577,0.33686529376304053,0.7992860186817605,0.7522154648132062,0.906572439591951,0.8047270601278241,0.819910514541387,0.36,0.01665896983511331,0.0009623244824701558,0.9714606248836068,0.5258599219636384
0.9590912235496941,0.9578638532156507,0.16864060926244062,0.9615503585276859,0.00011470031380342855,0.16559996629073626,0.9615142069023016,4.262672225802259e-05,0.16641756094668636,0.15413179325090937,0.16781420675945824,0.16751456276861199,0.046565583466033636,0.16785087790870876,0.15181546968488363,0.16565625836808795,0.16565625836808795,0.0010744600838075158,0.009430996541967218,0.010193996936070704,0.7029756538180791,0.7836663770634225,0.5322312235418103,0.16719808428917593,0.16331096196868006,0.03999999999999998,0.0010331957737120148,0.00026617103938556463,0.9986828904921805,0.024268755015634944
0.9820007864669861,0.9812472510485544,0.637877225079542,0.983148387655227,2.6921960132094213e-06,0.6267951414763089,0.9833228527647057,1.933655648839701e-06,0.6398503730101616,0.630863122441226,0.6379527953155584,0.6377671417865568,0.003978519731448491,0.6371389760946384,0.632554796164037,0.6457505287444755,0.6457505287444755,0.010422262812936012,0.015246777742847328,0.00882952223187905,0.5413182563459564,0.4924413553431801,0.6725528707134334,0.6167626794162758,0.645413870246085,0.7599999999999999,0.0010583147123800155,0.0003119233919594231,0.997856881108714,0.039488612779146025
0.9652425036207597,0.963979086797038,0.2914887962860859,0.9674554410008794,1.0744762594203376e-05,0.28646412876631117,0.9673343714026057,7.659367311823407e-06,0.29022317268512005,0.28210055522613275,0.29158891664133796,0.2912734128531084,0.01408254136874562,0.29071254324044227,0.28273400066391735,0.2913240605844208,0.2913240605844208,0.010529708821317207,0.018390443256836697,0.012200577383410849,0.5584200968357695,0.5200695047784532,0.5642146487398367,0.28208527403715955,0.29082774049217,0.5599999999999999,0.000788286121699008,0.0001728721243329906,0.9987189345380045,0.02360461576777264
0.982470662679418,0.9833766457590872,0.6890187002839528,0.9834148092414514,0.00033510974529638683,0.6767467993927583,0.9854379770029991,0.00011772066764386714,0.6861987024393114,0.6442558882173328,0.6886907312201409,0.6889241637126557,0.11693462591900282,0.6882860622940147,0.6431057311991719,0.6859484923955215,0.6859484923955215,0.004082948318470336,0.013360578434453707,0.01155847164026147,0.8961364416661706,0.8827106863596867,0.8784180160021382,0.6850179014623689,0.6845637583892618,0.16000000000000003,0.003155746091158075,0.0005649069885442873,0.9952346767750182,0.08780474306112848
0.9813412441972034,0.9800679525040877,0.6240441932810804,0.9824724993358124,6.885876602756536e-05,0.6102262707938337,0.9823635438829796,5.94094751036248e-05,0.6138021153499389,0.6148154030971684,0.6186195316156857,0.6214458005726535,0.12474524684541102,0.6233044266029256,0.6151674874919046,0.6234882514191407,0.6234882514191407,0.00827334264532098,0.017604526878339577,0.012922946344453123,0.7830842750598315,0.7503040834057337,0.8171539902707092,0.6148725348057686,0.6230425055928411,0.36,0.0010968902253344452,0.0004868588576829994,0.9986798868216952,0.024324099952956802
0.9961942886080316,0.9949242610227271,0.932522742503437,0.9962888724683987,0.00031439392619354487,0.9103132119371826,0.9962029589793135,0.00028324643849961646,0.9123831333247054,0.9215903712931895,0.9214693093960922,0.9224687774678432,0.6104891497253593,0.931816820597645,0.9208284706258696,0.9303615512287896,0.9303615512287896,0.6496185666702488,0.48538195535994966,0.7398669108068283,0.9616634936481887,0.9417897480451778,0.9838281779223976,0.9331308840016126,0.9295302013422819,0.07999999999999996,0.0014969990341175993,0.0008690255674175816,0.9986243189177165,0.025320308824750254
0.9716501664527667,0.9708903468959403,0.43203084726512686,0.9734114833076796,3.580595600522196e-05,0.42459460016696826,0.9737842498336517,2.2430771226346183e-05,0.4310823724665001,0.4164608720871634,0.43262479018052796,0.43185818782756236,0.037098164161296424,0.43127001381262764,0.41667555235526504,0.43235126084941644,0.43235126084941644,0.009777586762651502,0.018390443256836697,0.012682156690772217,0.6657116434876453,0.634404865334492,0.6878688771462915,0.42211978774760217,0.43176733780760623,0.48,0.0013104012040124511,0.0002688623542428504,0.997901936165994,0.03865843871931814
0.9753767708961919,0.974485305362137,0.5094997055698357,0.9768660236069104,0.000134222230559222,0.499239341808153,0.9771221802722085,9.099589949366016e-05,0.5029251476261465,0.4930022001350456,0.5071823715285133,0.5090400831993739,0.15855862458638192,0.5087473716252637,0.49272526949053536,0.5069849555929192,0.5069849555929192,0.006661652519608374,0.016032694121345337,0.012682156690772217,0.7928053212329882,0.7761946133796691,0.7664760278090466,0.5022619192331069,0.5055928411633109,0.28,0.00142612774287574,0.00046891675863442746,0.9980971747475406,0.03506101779339735
0.9895235713447239,0.9883848603842171,0.7843754342102348,0.9901987253363178,3.4953014959087294e-06,0.7684882028189315,0.9900674909080138,3.0666079879147493e-06,0.78170261487243,0.7845751008642083,0.7794449110659549,0.7843098855513415,0.006720806702475821,0.7836532582993005,0.7867881274079758,0.7945852591315188,0.7945852591315188,0.08101429031911422,0.01131719585036084,0.2329244265908228,0.5029741297740618,0.456125108601217,0.6275057929697336,0.7541131877797982,0.7941834451901566,0.84,0.0007577845533164357,0.0002814218235768508,0.9984395931828686,0.028751694938705483
0.9901078190490257,0.9891951526099313,0.8067837816537455,0.9907172639940699,4.228457925181861e-05,0.7895809972372361,0.9909571293122961,3.544538195686018e-05,0.7989853664725043,0.7976728717994318,0.8014205775723982,0.8067250450068212,0.07317229633969166,0.8060640642781622,0.799334651279344,0.8104953142164973,0.8104953142164973,0.12452992371333416,0.017604526878339577,0.30443895373402396,0.8097271423492227,0.7610773240660293,0.9022929672063018,0.7992246391505698,0.8109619686800894,0.36,0.0012736199009628787,0.0003917657327255682,0.9980806545598713,0.035365414948667566
0.996665117916229,0.9952923162942663,0.9311064573403407,0.9968771456352967,1.827387649450939e-05,0.9093707278255514,0.9966861862651737,1.7052832907951968e-05,0.9193153309278292,0.9308335429742033,0.9204047442366103,0.93108551408969,0.037669473946927115,0.9304003800466,0.9332564446653824,0.9383460782553673,0.9383460782553673,0.7038788009025465,0.5697893744105631,0.7753432531158015,0.8181880529073418,0.7628149435273688,0.9455381618402523,0.9247722445018141,0.9395973154362416,0.36,0.0008412153138922952,0.00033883654053228096,0.9987850152886819,0.022359354678030824
0.9809609589867362,0.9799300506581622,0.6138779819733751,0.9821613761411612,6.442411794028512e-06,0.6016873647424559,0.9822179504493471,5.2213686074846975e-06,0.6121788734869485,0.6081288533704778,0.6113766865127834,0.6137606030450604,0.01081791402228451,0.6131370999077537,0.6094375789522246,0.6196336521649308,0.6196336521649308,0.010529708821317207,0.018390443256836697,0.012200577383410849,0.6678718759705689,0.6210251954821899,0.7824677404080607,0.6019775482407529,0.6196868008948545,0.5599999999999999,0.0009389997537070122,0.00022669842147870638,0.9982984206700579,0.03138057946149376
0.9652482221953531,0.9643680651072694,0.3018490192599689,0.9673061376287335,0.00016404110689676726,0.2962659635272748,0.9675996551436417,7.270015333448303e-05,0.29868312733576424,0.28288720813515517,0.30092287187893635,0.30142330756758107,0.08967498757605256,0.3010739028878121,0.28075817013299326,0.2986595989610548,0.2986595989610548,0.0050499623938966565,0.014146494812951715,0.012040050947623282,0.7321387923375493,0.7649000868809743,0.6207487313081792,0.29672759428655526,0.29642058165548096,0.19999999999999996,0.001417156693351454,0.0003729265287245676,0.99811369493521,0.03475662063812712
0.9901859729018033,0.9910458904869732,0.8438788122268994,0.990697595286362,0.00022773382520102268,0.8290522318323473,0.9926506578409298,0.00010788621110563025,0.8416097880983233,0.804910078562438,0.8444784362550057,0.8438507593257237,0.13766500956903086,0.8431825680336276,0.8051831096508795,0.8435740690408903,0.8435740690408903,0.23573654238745068,0.014146494812951715,0.4229074633449841,0.898116654775519,0.8656820156385745,0.9363035109027944,0.8403877884460597,0.843400447427293,0.19999999999999996,0.0030086208789597848,0.0005693925133064304,0.9952812336675408,0.08694689653263966
0.9580628332186313,0.9579608600314052,0.16869881276229387,0.9605731813674738,0.00017468583983486658,0.1667874962713915,0.9616517614346906,1.8056714727385557e-05,0.16939668718935108,0.13399347877993523,0.169639175604284,0.16844610186286568,0.007977688230863346,0.1679090877943681,0.131385381995128,0.16589225424079468,0.16589225424079468,0.0050499623938966565,0.014146494812951715,0.012040050947623282,0.6531102873372561,0.6809730668983498,0.530429340432061,0.1656985695648402,0.16442953020134227,0.19999999999999996,0.002016422801573757,0.00018453448871456234,0.9969092230705914,0.056922268035531444
0.9661384136404066,0.9647351693315953,0.30902745090853945,0.9682520236630467,3.6064097053232454e-05,0.3029576007198557,0.9680042798395652,2.78087095447404e-05,0.3048514464151278,0.3000362415518441,0.30763343440209767,0.30842925783894737,0.05391099499557112,0.3082531221191358,0.2998249347564112,0.3074307788966549,0.3074307788966549,0.009347802729128496,0.018704809808236078,0.01284268312655934,0.6304278462665582,0.6111207645525631,0.5975494862701733,0.30066329539776687,0.3064876957494407,0.43999999999999995,0.0007999484860805797,0.00028501024338656517,0.9989367006481912,0.01956443534327697
0.9599404318768276,0.9585324394065863,0.18115436173089466,0.9624783639186283,1.5692466014404472e-05,0.17836120116222165,0.9622180573667337,1.0240777704652632e-05,0.1799764047434298,0.1717921510584629,0.1815965235563194,0.18090543724850888,0.017428784398868254,0.18036600332547567,0.17185039126845442,0.17952101588960823,0.17952101588960823,0.009347802729128496,0.018704809808236078,0.01284268312655934,0.5546396899906529,0.5285838401390102,0.5117348031684266,0.17587594821208224,0.17897091722595077,0.43999999999999995,0.0006806335274075763,0.0001665923896659904,0.9989652355178019,0.019066330907380247
0.9694380311808511,0.9713230733779825,0.4302459399362931,0.9713838183494354,6.370705947358931e-06,0.42923162199619336,0.973762812763669,3.776388287176417e-07,0.4437245620347314,0.374886265845328,0.441730624312523,0.4300533308324458,0.0008608006155781326,0.42948491065240657,0.3759339268076093,0.43596986423091955,0.43596986423091955,0.005372300419039355,0.0001571832756992464,5.682635824122428e-07,0.3339359379852844,0.28983492615117257,0.4202892353487151,0.405696531242973,0.43512304250559286,1.0,0.0032625015804970776,0.0005110806913985716,0.9937328415323516,0.11547721172205772
0.9706713371015141,0.9696073842052263,0.41039854648632634,0.9724137434075912,0.00015791384229885157,0.4020126808522866,0.9725114238034287,0.0001021067200594626,0.4040219757622952,0.39492624870267445,0.4080827612360483,0.40796809147284774,0.17159264926712792,0.4096353396425577,0.39343978531159723,0.4070013708561686,0.4070013708561686,0.005909530460942669,0.015403961018547463,0.012361103819197972,0.7683226864265205,0.7788010425716774,0.677057578487803,0.4035963705646317,0.40492170022371365,0.24,0.0013112983089648797,0.0004725051784441419,0.9983855271141325,0.02974790381049893
0.980225169055707,0.9790294089471865,0.6039639858317006,0.9814148592804319,0.00013526196533593092,0.5906226012719065,0.9813819047200217,0.00011104843883684605,0.5932346860976956,0.5920614677036947,0.5989060660731407,0.600447356823018,0.22463468207875473,0.6032220160504391,0.5921095451960199,0.6017962974528474,0.6017962974528474,0.005909530460942669,0.015403961018547463,0.012361103819197972,0.84141055209877,0.8192875760208516,0.8302176428163826,0.5982812654468722,0.6006711409395973,0.24,0.0012296617582938775,0.0005397880498762867,0.9985612418375246,0.02653789744583114
0.9558325891271696,0.9553017320230757,0.11449195323227723,0.9585347880232071,9.541144104931123e-05,0.11361254269316366,0.9591704205841926,1.1316365368331474e-05,0.11531408770712924,0.08724662966127746,0.11563150385272197,0.11422276375151504,0.005382309490426767,0.11369628095026463,0.08538804723521393,0.1117902004227772,0.1117902004227772,0.0050499623938966565,0.014146494812951715,0.012040050947623282,0.6072053470751282,0.6293657688966103,0.4892112642965767,0.11275771918521217,0.11073825503355704,0.19999999999999996,0.001555310856025458,0.0001459589757601327,0.9975940599412473,0.04433129479480864
0.9712660688592372,0.9703625156925703,0.4245613981172899,0.9730190031856915,0.00011266745305034592,0.4163949883957775,0.9732626144640726,6.993589303882841e-05,0.4198342612041313,0.40786668905609336,0.423271824850796,0.4243864680090691,0.11360470602561248,0.423799745153007,0.40740890716523087,0.42200677509577145,0.42200677509577145,0.007521220586655275,0.016661427224142322,0.01284268312655934,0.7416798191371274,0.729973935708081,0.6919231141432238,0.41657536355678104,0.42058165548098436,0.31999999999999995,0.0013588448714435953,0.0004025309921547113,0.9981302151228792,0.034452223482856904
0.9637728299502324,0.9624393413587385,0.2634153081901897,0.9659230698640052,0.00014738025342309012,0.2579634092305861,0.9657712517163668,8.605178153294975e-05,0.25857950483835396,0.25102776531974685,0.26138188024104514,0.2601056673245368,0.1338045877318406,0.2626359750574008,0.24857189078423897,0.26013327274168146,0.26013327274168146,0.0021489201676159198,0.0108456460232631,0.010595313025538289,0.7526610009253236,0.8203301476976534,0.5948466616055512,0.26034441069497016,0.25727069351230425,0.07999999999999996,0.0010278131439974433,0.00038638310301099656,0.9988345758516899,0.02147383568088109
0.9961513992985804,0.9949318694004334,0.9335704055007958,0.9961690721578147,0.0004678336821894479,0.9112933954132789,0.996136861346867,0.00041301250483025663,0.9127459756234915,0.9209217163205204,0.9224958543713064,0.9213043536000262,0.8777397058750317,0.9328645985395138,0.9184772322940697,0.9303418849060642,0.9303418849060642,0.6420973460835935,0.4735932096824893,0.735051117733212,0.9949670777599291,0.9939183318853164,0.9874319441418926,0.9368271667954933,0.9284116331096197,0.0,0.0016656547651741752,0.0009820607914235847,0.9985447216498552,0.026786949663779504
0.9777366360117726,0.9780079842401243,0.5741443927402061,0.9791127264464465,3.164701689838625e-05,0.5655902232669839,0.9803886538108231,1.4471422515122747e-05,0.5772887219142016,0.5454326165213903,0.5776527830677742,0.5740149350235694,0.018897866704775754,0.5733991512976162,0.546211001962652,0.5763087432005206,0.5763087432005206,0.009777586762651502,0.018390443256836697,0.012682156690772217,0.7063960219160403,0.6648132059079064,0.782918211185498,0.5630825724778717,0.576062639821029,0.48,0.0021608566989147608,0.00034601338015170975,0.9962529210695461,0.06904280930901845
0.9974571404974276,0.9965096567272641,0.950818042623983,0.9976156162065092,4.864883167297728e-06,0.9305012216083213,0.9977303502155812,4.145780943805855e-06,0.945917400517778,0.9493788853044068,0.9438631979294747,0.9508030915847266,0.009022368981730903,0.9501141279899105,0.9518292516560694,0.9616113380397057,0.9616113380397057,0.8206726120124639,0.7426909776799748,0.8604222640830219,0.7710229770301744,0.7158992180712414,0.9232398583571211,0.9419935620642128,0.9630872483221475,0.43999999999999995,0.0010116652548537283,0.0002957755028157083,0.9981106912647246,0.03481196557544898
0.9618018279070091,0.9608710645040406,0.22760075461380797,0.9642190445507718,1.5298083857721773e-05,0.2246748704077749,0.9644153570399608,7.1574264021066145e-06,0.22842540011292023,0.21173445251407663,0.22946393554872813,0.22736594957441203,0.009348831716377012,0.22681749208166171,0.2119399927409053,0.22642519559007046,0.22642519559007046,0.010099924787794201,0.01901917635963546,0.012361103819197972,0.5436585082024568,0.5127715030408346,0.531105046598217,0.21990791699418638,0.22595078299776283,0.52,0.001081639441143159,0.00016390107480870463,0.9982053068850126,0.03306860004981044
0.983338932921863,0.9827727307786547,0.6680848415033916,0.9844027147876859,2.7961694908803142e-06,0.6569734827307374,0.9847126894685843,1.8762909734434962e-06,0.6712648772997996,0.6592809587796612,0.6691483565067986,0.6679645340919474,0.003798965227393129,0.6673499067518572,0.6611055473358909,0.6766266554236058,0.6766266554236058,0.010852046846459906,0.017604526878339577,0.010755839461325856,0.6257473425535576,0.5741094700260643,0.7772873264675351,0.6530534559380139,0.6767337807606264,0.64,0.0011964688750540195,0.00035229311481870993,0.9975565140601806,0.04502310651133187
0.9897942505421492,0.9986238346823845,0.9792019493857633,0.9902997509713626,0.00010982073093756356,0.9728753072672562,0.9990371182732769,4.647721853522647e-06,0.9999999999999998,0.8032187748080398,0.9962930320339478,0.9791956268950005,0.00344801778764856,0.9785011488964687,0.8029504211509351,0.9876692156510735,0.9876692156510735,0.9474589019017943,0.9280100597296439,0.9558552301585177,0.8160278204244182,0.7614248479582972,0.9459886326176878,0.9709337762117562,0.9888143176733781,0.36,0.00966513962597997,0.0010000028904721568,0.9826973561692379,0.31884218391122665
0.9954117969844889,0.9940835352861881,0.9009958467495798,0.9957122217196918,3.4702044495743758e-06,0.8816239955791313,0.9954356905161826,3.2243608452543125e-06,0.8952913513555709,0.9052083244627976,0.8927260500900864,0.9009463429776899,0.007202339236078834,0.9002864658654802,0.9077484725111518,0.913114186198473,0.913114186198473,0.5608681637477169,0.38116944357120364,0.6474839470112896,0.45634911201762485,0.4074717636837537,0.5720978873449827,0.8609273598802378,0.912751677852349,0.92,0.0006178361807375746,0.00027424498395742204,0.9987189345380045,0.02360461576777264
0.9630113064335325,0.9624583623030041,0.26240644752606634,0.9651488380060513,0.00025843826874493727,0.25756756590370106,0.9658096598000858,6.219166186034073e-05,0.26014545581206233,0.23651401914828307,0.26126781968824353,0.262182223222144,0.048769206924894885,0.2616270037059716,0.2332987207801953,0.2590319586690501,0.2590319586690501,0.0021489201676159198,0.0108456460232631,0.010595313025538289,0.751580884683861,0.8208514335360544,0.5952971323829885,0.2590927149306788,0.25615212527964204,0.07999999999999996,0.0017580565752743208,0.00032896838605556643,0.997604572787946,0.04416525998284306
0.957484304088923,0.9561966674507718,0.13051731685854556,0.9602048401140362,5.33850028455031e-07,0.12969132163759056,0.959964485384802,2.41397724651655e-07,0.13330342694168185,0.1213480332673997,0.1330637583392346,0.1302529989984641,0.00038253270932158025,0.12972340280181419,0.12178284561483668,0.13098453140292443,0.13098453140292443,0.010852046846459906,0.01744734360264033,0.010595313025538289,0.3690397158327947,0.3259774109470026,0.4144331152420353,0.12485884501381488,0.1308724832214765,0.68,0.0006205274955948603,0.0001136631974727032,0.9987835134534392,0.022414699615352685
0.9824668502963556,0.9816324251699325,0.6583454558612771,0.9834094450484402,0.0003162224252836192,0.6439860516724605,0.9837399824181191,0.0002242002610558603,0.6468971523918494,0.639771966635905,0.6532559194831076,0.6534286428086972,0.4036097147801188,0.6576094525515208,0.6379488135134599,0.6544037107437221,0.6544037107437221,0.0021489201676159198,0.0108456460232631,0.010595313025538289,0.9247595220649085,0.9311902693310152,0.8714357189518669,0.6565397226640605,0.6521252796420581,0.07999999999999996,0.0017428057910830348,0.0007111350957901486,0.9979830352690979,0.03716412541162797
0.9858331845403908,0.9844294550241877,0.7050246627436035,0.9867647477769633,1.1684467714808236e-06,0.6895457336287089,0.9864133636872121,1.0588443490475757e-06,0.7008842670586012,0.7069914577118714,0.6984619185768122,0.7049155848306775,0.002370690763316395,0.7042937808503443,0.7094146038169862,0.7140516675703477,0.7140516675703477,0.00988503277103181,0.013360578434453707,0.00754531074558118,0.5224162221203752,0.470547350130321,0.6552097457821091,0.679893509407216,0.7136465324384788,0.7999999999999999,0.000534405420161715,0.00019440264319127692,0.9988706198975139,0.02080969643301879
0.9671124775128314,0.9658859364596635,0.32611987869878445,0.9692175784050678,7.453822761302952e-07,0.32158108676568675,0.9689698412000362,5.318063938449425e-07,0.3288372320611979,0.32103987422274294,0.32765106141878014,0.3259150229206678,0.0010974860981965628,0.32534742520777393,0.3219937533133801,0.3304600428082865,0.3304600428082865,0.0076286665950355825,0.006130147752278603,0.003371623415114211,0.3494176041129027,0.3068635968722848,0.4360557125590123,0.30922355032268606,0.32997762863534674,0.92,0.000621424600547289,0.0002015794828107057,0.9986543556225699,0.02476685945153167
0.9523393978367355,0.9509678098721609,0.025919807272225426,0.9553480997616702,1.1605232754238348e-05,0.02673435728300695,0.9551260493685807,2.9984874358817554e-06,0.027065111553423213,0.013906978953116558,0.02752923185954556,0.0256217516493102,0.0023870139000487004,0.025114417283340545,0.013329507772410404,0.02379913928407358,0.02379913928407358,0.0050499623938966565,0.014146494812951715,0.012040050947623282,0.5040542460155244,0.5000868809730665,0.42501917851180515,0.027331583433000586,0.023489932885906048,0.19999999999999996,0.0006573985091396757,7.320376411817349e-05,0.9989335467941816,0.019650219996125855
0.9743274124582862,0.9729427067821975,0.4749074254903727,0.9759567928915074,1.436590785101722e-05,0.464895220780315,0.9757314503570806,1.2356100109887688e-05,0.4700783711044582,0.4694026128643728,0.4715954790544112,0.4747478002921597,0.02608004686699019,0.4741512962483716,0.4704379011017111,0.4767578175637325,0.4767578175637325,0.010099924787794201,0.01901917635963546,0.012361103819197972,0.6603110622803356,0.616681146828844,0.7230055977863756,0.4644170238093964,0.47651006711409394,0.52,0.0007389453493154352,0.00023118394624084933,0.9988796309089699,0.020671334089714142
0.9810057544877185,0.9796513938246713,0.6085426611534916,0.9822373688754868,1.8209699761740114e-06,0.5952973224655969,0.9819723173557953,1.5930528886747342e-06,0.6050939001790727,0.607538863688711,0.603525518461606,0.6084236603175652,0.0034806640611131714,0.6078011937223105,0.6095166121734614,0.6151693969062285,0.6151693969062285,0.010852046846459906,0.018547626532535944,0.01187952451183616,0.6426691636697921,0.5895742832319719,0.7727826186931654,0.5957190694192958,0.6152125279642058,0.6,0.0006160419708327174,0.0001692837045232762,0.9988090446525646,0.021944267648116886
0.9771952776169222,0.9779765996820861,0.5665585365926628,0.9786505118153124,3.6458837739148494e-06,0.5616506396803658,0.9800394082123548,8.43726816311807e-07,0.5778998247332098,0.5355207898677078,0.5757707839465478,0.5664267728182945,0.0015382107899688125,0.565812462866677,0.5371419398257102,0.574322444605239,0.574322444605239,0.00988503277103181,0.013360578434453707,0.00754531074558118,0.5031541491476386,0.45508253692441336,0.6268300868035777,0.5461552774104407,0.5738255033557047,0.7999999999999999,0.0022738919229207642,0.0005092864814937144,0.9954494392147195,0.08387525251127652
0.9829557884240991,0.993654612992999,0.8835541979602151,0.9837366608221251,0.0008297330903308235,0.8762141367783687,0.9946335868143298,2.2215653693610415e-05,0.8972010476649717,0.6590252965842289,0.894322897829309,0.8835382061538241,0.005496571447552906,0.8828429034628859,0.6549804726900261,0.8860139934826502,0.8860139934826502,0.4371978081014296,0.17698836843759835,0.5785378428406838,0.8775944461877412,0.8342311033883583,0.9558989897213035,0.8779806645883694,0.8859060402684564,0.24,0.011828059666285319,0.0008223761098912946,0.9797687774460382,0.37277582533137776
0.9591588933490505,0.9577050283310331,0.16379031760800106,0.9617541978621125,1.0242821667516308e-05,0.16145303619955936,0.9614472160586056,6.870603025125589e-06,0.1631710772207055,0.1554887695189731,0.1644684305439444,0.16353611455357014,0.011960533593545899,0.16300005410376037,0.15562882260956723,0.16254897937744933,0.16254897937744933,0.009777586762651502,0.018390443256836697,0.012682156690772217,0.5200759702638749,0.48948740225890575,0.4988963860114719,0.1587596386836005,0.1621923937360179,0.48,0.0006043796064511456,0.00013609082128341812,0.9990403272799352,0.017655035005672854
0.9728472547343375,0.9748172208395715,0.49068057395061015,0.974608592381352,2.4519814268663247e-06,0.498391106107685,0.9765585639739133,3.2636915008228355e-07,0.48252959104174936,0.49691579835743216,0.48092943429200946,0.4898659035093186,0.0012443943287873127,0.4908769367278337,0.4987317943045448,0.49691579835743216,0.49691579835743216,0.01074460083807871,0.016504243948443076,0.009953207282389354,0.5404181594780724,0.48757602085143326,0.6635434551646924,0.4752538529096375,0.49664429530201337,0.7200000000000001,0.0028211259439022084,0.000994620260757585,0.993587163513813,0.0
0.9459002542515912,0.9842069099762802,0.6870979847887948,0.9484535024843388,0.004749031257596786,0.6854365029019972,0.9856023278728665,2.6614699679290514e-06,0.6635878981360097,0.6833722041184731,0.6727982941964501,0.6688960731862011,0.6479670716627327,0.6867143953812114,0.6810021607822971,0.6833722041184731,0.6833722041184731,0.0010744600838075158,0.009430996541967218,0.010193996936070704,0.9373608782152978,0.9475238922675935,0.8815713114441994,0.677709342301741,0.6800894854586129,0.03999999999999998,0.038148401286578405,0.0008134050603670087,0.9362979611084737,0.0
0.9595563342832981,0.9760526311696216,0.5265727321934629,0.9616290333585172,0.001532665505232727,0.5238193274394927,0.9782118979963293,3.6438400340890616e-06,0.5075466126948956,0.5226786811279166,0.5154137414223627,0.5103985777118273,0.6016256864797174,0.5260745142565395,0.5196360813217222,0.5226786811279166,0.5226786811279166,0.0010744600838075158,0.009430996541967218,0.010193996936070704,0.8918159767003235,0.9324066029539537,0.7975585114521984,0.5204913139211097,0.5190156599552572,0.03999999999999998,0.01750493980525348,0.0005442735746384297,0.9706931870746043,0.0
0.9897342055089176,0.9903392624075066,0.805542106990209,0.9902774001671492,1.853237607175323e-06,0.8065457112465962,0.9910544893384675,1.3169853883304978e-06,0.7931225988026449,0.8167688711659512,0.7904327443191763,0.8047261173670684,0.003962196594716185,0.8067819862012945,0.8192905396416779,0.8167688711659512,0.8167688711659512,0.14086171698721373,0.01131719585036084,0.31174290656234227,0.5060344591248711,0.4549087749782803,0.6360647377410373,0.7750307881360777,0.8165548098434005,0.84,0.0016575808206023182,0.001101375750096588,0.9956852273478182,0.0
0.9809133041984571,0.9826776260573268,0.6629241311830679,0.9820299534123861,0.00011900266460360342,0.6586134050849756,0.9844893866562645,4.347285122011661e-05,0.6404423788660757,0.6595366209750935,0.6491307294901161,0.6459375159257402,0.5185245973755499,0.6625572928325683,0.6576280856014645,0.6595366209750935,0.6595366209750935,0.00311593424304224,0.012103112228858848,0.011157155550793885,0.9096378946844439,0.9110338835794956,0.8678319527323701,0.6598579765358398,0.6577181208053691,0.12,0.0033387555014535086,0.000654617483787147,0.993884526891861,0.0
0.9816853117685784,0.9820004804414717,0.6388084810771945,0.9827818344661265,2.3157403181941205e-06,0.6413847955243587,0.9833773386509117,1.6324911030096251e-06,0.6286977465632627,0.6474418324988737,0.6269269418780694,0.6377865488510205,0.005733256930171336,0.6398942440158492,0.6493295973715831,0.6474418324988737,0.6474418324988737,0.005372300419039355,0.0,5.682635824122428e-07,0.3820011107303358,0.33796698523023494,0.4777242594719322,0.6054218117532326,0.6465324384787472,1.0,0.0014691887805923125,0.0009515592230410126,0.9961703201311994,0.0
0.9709277198624556,0.9712403322704273,0.4297997131040847,0.9727731443393435,2.275549191135821e-05,0.43028720420122024,0.9737556670736748,1.1495629978944615e-05,0.41668326229362046,0.42910631759969886,0.42061041195209176,0.42197999201558045,0.08867111466701577,0.42931028099542845,0.4296172423328182,0.42910631759969886,0.42910631759969886,0.009347802729128496,0.018704809808236078,0.012762419908666,0.6869539295697269,0.6542137271937456,0.6880941125350102,0.41997762385569404,0.4284116331096197,0.43999999999999995,0.0018477670705171806,0.0005684954083540018,0.9962108696827514,0.0
0.9484889862533612,0.9563250588245645,0.13104114835722508,0.9514760464397322,0.00048106341089998564,0.1324056758790882,0.9600011070460224,5.138799327836284e-07,0.1245379208815336,0.1282509125440715,0.12775994263395976,0.1244891008527693,0.09377209489586125,0.13040251813450693,0.12674218024745626,0.1282509125440715,0.1282509125440715,0.0021489201676159198,0.0108456460232631,0.010595313025538289,0.6586908879181426,0.7160729800173762,0.5036263291745602,0.12799228474590013,0.12639821029082776,0.07999999999999996,0.009403543821851794,0.00020606500757284867,0.9844064446753924,0.0
0.99050811927057,0.9909203522548203,0.8247880642750254,0.9911160023412379,1.5190525087717404e-05,0.8214935092570658,0.9919414481090019,1.1531482901067241e-05,0.8063567942267902,0.8303976328147646,0.8079980694506244,0.8176124081709114,0.04428034432351086,0.824710630984384,0.8324100543670143,0.8303976328147646,0.8303976328147646,0.19125389491780354,0.01823325998113745,0.3770771659277363,0.7883048368935643,0.7365768896611655,0.8937340224349981,0.8161939374315677,0.831096196868009,0.4,0.0017060244880334622,0.0009219547596108689,0.9959870962315941,0.0
0.9680874944810216,0.9696834679822887,0.40238586467319226,0.9699810818769993,0.00014240028237188772,0.39860088836818186,0.9724935595784431,1.8522802714979722e-05,0.38723574520266485,0.3987808479568843,0.3936731113987784,0.38844458462244735,0.49554162085646364,0.40181581166898084,0.39547489075844905,0.3987808479568843,0.3987808479568843,0.0010744600838075158,0.009430996541967218,0.010193996936070704,0.8320495446727687,0.9023457862728055,0.6860669940365423,0.39851398172304575,0.3948545861297539,0.03999999999999998,0.003381816539170081,0.0003280712811031378,0.9941939049518502,0.0
0.981353634442156,0.982437011112367,0.6530489373746291,0.9825198830407449,2.5946402088154566e-05,0.6530338991441192,0.984033848919132,1.4184599138141721e-05,0.6354962654247284,0.6544430433891733,0.6395496430547809,0.6434534116743971,0.09643276618322706,0.6527780320417922,0.6550990225218816,0.6544430433891733,0.6544430433891733,0.008810572687224294,0.01823325998113745,0.01284268312655934,0.7676026089322132,0.7278887923544755,0.8248119934871383,0.6432667071769432,0.6543624161073825,0.4,0.002390515566736482,0.0008465979436068667,0.9949583390903676,0.0
0.8805437422207937,0.9716521357137773,0.43179803326571375,0.8868959903582565,0.014957792647945044,0.43586671014207645,0.9738485610435998,4.923681795100516e-07,0.41868844341849093,0.4311712814858827,0.4230817239294599,0.423784849010697,0.12494112448619868,0.43183270937400164,0.4314547647265777,0.4311712814858827,0.4311712814858827,0.006661652519608374,0.016032694121345337,0.012682156690772217,0.7247579980208911,0.7040834057341439,0.7031848835791479,0.4044784380495351,0.4272930648769575,0.28,0.08811248219109862,0.0007407395592202924,0.8531385352901237,0.0
0.9453835715061116,0.9581995728819385,0.15992948545106717,0.9488164169625135,7.123581484466198e-05,0.16871016385911897,0.9613310985961993,7.647428288756573e-08,0.157155533846094,0.1618409917593292,0.15657924230849968,0.15949944514513748,0.0003229532602486651,0.1598179136877141,0.16238616302532782,0.1618409917593292,0.1618409917593292,0.005372300419039355,0.0,5.682635824122428e-07,0.16795807554731468,0.13032145960034747,0.21217173617282548,0.14475996760177723,0.1610738255033557,1.0,0.013408103705849233,0.0005980998717841455,0.9765529877510309,0.0
0.9578922290765921,0.9596175842769382,0.19549182386141806,0.9605472544345862,2.4225461768084622e-05,0.19766327576842702,0.9629683548161283,1.0624296412598384e-06,0.18772977175959576,0.19332677444295182,0.19093047879391772,0.18961920919267372,0.05521684593415558,0.1948796681498813,0.19305105286527052,0.19332677444295182,0.19332677444295182,0.00827334264532098,0.017604526878339577,0.012922946344453123,0.6027048627357043,0.5913119026933114,0.531105046598217,0.18994702475696912,0.19239373601789705,0.36,0.0032813407844980787,0.00033165970091285216,0.994024197569429,0.0
0.9965821985846234,0.996686551508934,0.9453663148043929,0.9967770140324205,2.6986136864863493e-05,0.9379656957724396,0.9974918628120236,2.2466624148468814e-05,0.923153820509724,0.9506768626042937,0.9263739131665614,0.9355103247873949,0.07333552770701472,0.9455349503180391,0.9524417591206558,0.9506768626042937,0.9506768626042937,0.7643709036209305,0.6574976422508643,0.8217353930583045,0.84141055209877,0.79044309296264,0.9500428696146219,0.9392213499688022,0.9519015659955257,0.31999999999999995,0.0016010632085993164,0.000890556086275868,0.9964526651568207,0.0
0.9815757057555365,0.9867414507996701,0.7428181353149966,0.9826092862575987,0.00022536036167625955,0.7376689723685939,0.9881676305807967,2.2179800771487787e-05,0.7172121705039755,0.7385952383318475,0.7273952788041538,0.7230223759752338,0.7787562047303309,0.7424406592524587,0.7361080742897714,0.7385952383318475,0.7385952383318475,0.0015042441173314103,0.009430996541967218,0.02680848304004657,0.9533826024636483,0.963336229365769,0.9040948503160493,0.7410501883605152,0.7360178970917226,0.03999999999999998,0.006451709686380739,0.0007227974601717205,0.9885109603936001,0.0
0.9768521631413126,0.9768933569061606,0.5452754568129818,0.9782812765297062,3.533986800186968e-05,0.5436491931482115,0.9790720604293853,2.404415272186445e-05,0.5295845081053774,0.5453736175532137,0.5338535307919563,0.5355501332566771,0.11952184309107323,0.5448957106197393,0.5452428450024991,0.5453736175532137,0.5453736175532137,0.008810572687224294,0.01823325998113745,0.01284268312655934,0.7434800128728973,0.7165942658557771,0.7775125618562537,0.5358644900865681,0.5447427293064877,0.4,0.0016602721354596038,0.0006241159154045747,0.9966193688687567,0.0
0.9945721196150112,0.9989975962372033,0.972799564401903,0.9949505063120974,1.0601350900864213e-05,0.9792841992263481,0.9987557567297539,2.2778437012169307e-06,0.95326973130897,0.9816906535425031,0.9534062641805428,0.9671632469275572,0.020856643112652416,0.9731264361205857,0.9846675550800286,0.9816906535425031,0.9816906535425031,0.9198452777479318,0.8882426909776804,0.934424950980925,0.7951455730894885,0.7381407471763684,0.940132512511008,0.9633311945561607,0.9832214765100671,0.4,0.004702355029144976,0.0015876066343128875,0.9896358349903573,0.0
0.9815375819249132,0.9830513876121456,0.6559009088674396,0.9827281925360142,1.8173846838405324e-06,0.6617424523355908,0.984165150972776,5.640740237553078e-07,0.645407589270517,0.6646498648837392,0.6431425504680315,0.6550394291591775,0.0018401888195164649,0.6564452548383332,0.6668947307914987,0.6646498648837392,0.6646498648837392,0.01074460083807871,0.016504243948443076,0.009953207282389354,0.5706614142390034,0.5169417897480457,0.7178251838458518,0.6366301994333847,0.6644295302013422,0.7200000000000001,0.0023133645408276223,0.0011291860036218746,0.9942780077254396,0.0
0.9752423843932448,0.9834517784889363,0.6559009088674396,0.9768409907061915,2.1357227901301376e-05,0.6693577239575702,0.984165150972776,5.60488731543045e-07,0.645560364975269,0.6648071954655437,0.6433516614815011,0.655369349255059,0.0018646735246149232,0.6566586910857509,0.6672306219817556,0.6648071954655437,0.6648071954655437,0.01074460083807871,0.016504243948443076,0.009953207282389354,0.5686812011296567,0.5143353605560392,0.7153475945699483,0.6352860965992463,0.6644295302013422,0.7200000000000001,0.00822080065256993,0.0014916164044030276,0.9837261133104646,0.0
0.9907826108510576,1.0,0.9998253895004403,0.991284080388923,0.00016561505023116458,1.0,1.0,1.1101247835595705e-05,0.9710490039494883,1.0,0.9797352417855809,0.9822231289513251,0.49953262778751234,0.9999999999999999,1.0,1.0,1.0,1.0,1.0,1.0,0.9456417693998382,0.9162467419635085,0.983602942533679,0.9982358650301932,1.0,0.12,0.009631049637787685,0.00132385777829888,0.9820816037197446,0.0
0.9774202082175995,0.9776266143075992,0.5659959027607477,0.9786978955202449,0.0001846601231066053,0.5592755797190554,0.9800197575648707,9.830631031446402e-05,0.5457405388829055,0.5620113265790381,0.5540612587299747,0.5484558311249835,0.7333125920675923,0.56552141343838,0.5583821180331447,0.5620113265790381,0.5620113265790381,0.0,0.008016347060672224,0.009632154410815108,0.9215191733405241,0.9695916594265857,0.8225596395999517,0.5648887106612451,0.558165548098434,0.0,0.0022003293168216193,0.0004159875664411403,0.9963565477012901,0.0
0.95648831901389,0.9592799625162239,0.1842197460565005,0.9592678944014084,6.4065588706937216e-06,0.19034959906216953,0.962449399080297,8.47204549757702e-08,0.17949898066607972,0.18485058934823517,0.17990462535642882,0.18222511763203497,0.002582891540836367,0.183625756922401,0.18552313854244956,0.18485058934823517,0.18485058934823517,0.010852046846459906,0.01744734360264033,0.010595313025538289,0.4151246754684994,0.37080799304952095,0.4657867838698522,0.1755735250744011,0.1845637583892617,0.68,0.004043879994062385,0.0005048009567315714,0.9923451457681278,0.0
0.9892252523700968,0.9992572321264286,0.9697341800762973,0.9899251514927452,3.0069488271655475e-05,0.9830541356728724,0.9986146293523678,1.0588443490475757e-06,0.9523339801173636,0.9807270037289505,0.950630790729037,0.9661540795754487,0.009348831716377012,0.970293555018496,0.983640123203948,0.9807270037289505,0.9807270037289505,0.9143655313205121,0.8811694435712027,0.9292881050357344,0.7695828220415581,0.7120764552562981,0.9254922122443059,0.9582488057145746,0.9821029082774049,0.43999999999999995,0.0096032393842624,0.0019087702072823252,0.9808005382577502,0.0
0.9792148875441902,0.9821469417123168,0.6340163929226083,0.9805539063021298,4.1836776239367084e-06,0.6437410058034365,0.983157608683589,7.0748571224582e-07,0.6240571845314196,0.6426629160765623,0.6220223381076002,0.6328765615417249,0.003880580911054657,0.6348881938491424,0.644330746128345,0.6426629160765623,0.6426629160765623,0.008488234662081595,0.009116629990568725,0.004736098119305421,0.4613896544777809,0.41459600347523917,0.5768278305080727,0.606807917800938,0.6420581655480984,0.88,0.0034831893987945124,0.0012843851603920218,0.9920462805548371,0.0
0.9692092881971115,0.9711490317379524,0.4301489341032043,0.9710431920932224,0.00010970241629055875,0.4277236474175835,0.9737717448761618,1.5582863100924218e-05,0.4144680145747159,0.42682502416353385,0.4208955633340958,0.4162160938698857,0.4040259547667926,0.4296013304237254,0.42374902565597355,0.42682502416353385,0.42682502416353385,0.004082948318470336,0.013360578434453707,0.01155847164026147,0.8048666192626452,0.8460469157254558,0.7067886497986446,0.42430395485307715,0.4239373601789709,0.16000000000000003,0.0035998130426102303,0.0004303412456799978,0.9936472369235196,0.0
0.9835724413844306,0.9956955603126968,0.8932547812690943,0.9846172825081351,4.144562084578451e-05,0.912085082067049,0.9950918041852101,1.091111978957941e-06,0.8801283626589311,0.9063686375036056,0.8772138149090676,0.8931252959988517,0.004223366782433073,0.8953580288796527,0.9092896203252725,0.9063686375036056,0.9063686375036056,0.532180079510046,0.33527192706695974,0.6302273551641648,0.5072945947399088,0.45508253692441336,0.639893739349251,0.857483096367758,0.9060402684563758,0.84,0.01139296376435745,0.002069351993767044,0.9775175264172811,0.0
0.9662213329720123,0.9818844526814516,0.6218906637865093,0.9683557313945972,7.87792699143019e-05,0.6381803495448128,0.9825993516527894,6.035122380901987e-07,0.6125799097119227,0.6308434561185005,0.6102550910769009,0.621775720668535,0.0014892413797718959,0.6228775541080902,0.633028995491459,0.6308434561185005,0.6308434561185005,0.0076286665950355825,0.006130147752278603,0.003371623415114211,0.4284461091131959,0.3817549956559514,0.5416911098679869,0.5905106709370094,0.6297539149888143,0.92,0.015162598774462412,0.0015804297946934588,0.9719862672185402,0.0
0.9768226171725797,0.9768410493094303,0.5468081489757848,0.9782562436289871,7.20532614966952e-05,0.5436114937837462,0.9791426241180784,4.6746223009912555e-05,0.5290879870649332,0.544862293162349,0.5353173078862437,0.5350649566450866,0.25653825282204595,0.5463897643516635,0.5447488873697681,0.544862293162349,0.544862293162349,0.006661652519608374,0.016032694121345337,0.012682156690772217,0.8048666192626452,0.7859252823631611,0.7971080406747628,0.5397287857347162,0.5436241610738255,0.28,0.0017562623653694636,0.0005514504142578585,0.9966554129145807,0.0
0.9577616549567074,0.9575880495237997,0.15100494880689835,0.9604712617002604,4.58558889451971e-07,0.1566463672302406,0.9609193282102815,4.3489594534747885e-08,0.14804628245025364,0.15246015581923672,0.14735934762370295,0.15037812484723667,6.912848406131396e-05,0.15040731550611422,0.15309975952998434,0.15246015581923672,0.15246015581923672,0.005372300419039355,0.0,5.682635824122428e-07,0.17137844364527766,0.1311902693310163,0.2040632621789591,0.13896772445091188,0.15212527964205813,1.0,0.0013005330495357366,0.0004375180852994266,0.997023362549034,0.0
0.9736249808790524,0.9739356000728614,0.4758774838212605,0.975256765703542,1.1612761868138655e-06,0.48110594750037017,0.9758770437907132,6.214386991515127e-07,0.4688370685033479,0.48281504496320515,0.4673372184164844,0.47560171112855887,0.0023543676265840893,0.47700358064568127,0.48420943990225235,0.48281504496320515,0.48281504496320515,0.006554206511228067,0.0037723986167863544,0.0016058326214545282,0.3760604714022957,0.33344917463075596,0.47096719781037777,0.4518580629529153,0.4821029082774049,0.9600000000000001,0.0014862337746884562,0.0008564660980835814,0.9962048623417807,0.0
0.9706436973243122,0.9707410324834554,0.4251046307825872,0.9723904985712092,0.00010555423306072347,0.42118280768286354,0.9735395099513492,4.668527304230409e-05,0.40931183453933456,0.42151511702763245,0.41595293937935945,0.41107322178702677,0.4354235082713824,0.424556473666579,0.4185130747490246,0.42151511702763245,0.42151511702763245,0.00311593424304224,0.012103112228858848,0.011157155550793885,0.8185480916544954,0.862380538662034,0.7085905329083921,0.4203136495642287,0.41834451901565994,0.12,0.0020146285916688997,0.00035229311481870993,0.9965517862828367,0.0
0.996496419965721,0.9973798649274148,0.9462199661355744,0.9965865851805219,2.667098966875068e-06,0.9464669024593524,0.9975311641069919,1.9659232787500664e-06,0.9317092599758383,0.9594873751853451,0.9288452251439294,0.9453497064704496,0.005969942412789766,0.9480573786966123,0.9624592199124413,0.9594873751853451,0.9594873751853451,0.7970344901686905,0.7214712354605464,0.8298419780655588,0.5369977913801094,0.48496959165942677,0.6752556953780555,0.913137354343803,0.9597315436241611,0.7999999999999999,0.001831619181373466,0.0012556778019143066,0.9952226620930769,0.0
0.9916813801580013,0.9917839031244782,0.8554225063644656,0.9920010941880905,0.00031069748979772795,0.8446220693564934,0.9932214198292192,0.0002336690177884464,0.8267714477742815,0.8514209318083891,0.837824904008245,0.8328857679037792,0.9947765962456624,0.8551544011842401,0.8479598406453872,0.8514209318083891,0.8514209318083891,0.2544321478457068,0.008016347060672224,0.4420101092036619,0.9861461284546582,1.0,0.9552232835551493,0.8572310770863572,0.848993288590604,0.0,0.002234419305013906,0.0007371511394105779,0.9964721890149754,0.0
0.9867881864975039,0.9873510720633824,0.745592502141336,0.9875228870558835,1.4552701581591478e-06,0.7474708071295576,0.9882944665781944,9.58456167104217e-07,0.7341893706945458,0.7560785992348709,0.7319957211004853,0.7452822789150044,0.0029011927071163246,0.7471362566956489,0.7587708504794715,0.7560785992348709,0.7560785992348709,0.02213387772644193,0.01744734360264033,0.10113222280952439,0.6072053470751282,0.5520417028670721,0.7599442015362108,0.7269791118156284,0.756152125279642,0.68,0.0016495068760304606,0.00106190313218973,0.9957618209451942,0.0
0.9739700015461931,0.9827984090534132,0.6520788790437412,0.975595603895418,6.26382838289792e-05,0.6574258751043203,0.9839900815679173,1.4711529534577988e-06,0.6345796111962162,0.6534990598983463,0.6385801283559673,0.6430264562561975,0.08983821894337561,0.6517884639855828,0.6546643398050782,0.6534990598983463,0.6534990598983463,0.008810572687224294,0.01823325998113745,0.01284268312655934,0.7654423764492897,0.7233709817549965,0.8227848749886704,0.6405785015086665,0.6532438478747203,0.4,0.009293738175674533,0.0010995815401917308,0.9827529240732166,0.0
0.9473933073612483,0.9512379072807323,0.02482752159164564,0.950738648707122,1.035038043752068e-05,0.031035854768491397,0.955110775456218,6.991319813912479e-09,0.024022965332548232,0.024739189510355378,0.023860284077760446,0.024424335771904906,4.545993579947093e-05,0.02435380811072463,0.024866382242476476,0.024739189510355378,0.024739189510355378,0.01074460083807871,0.016504243948443076,0.009953207282389354,0.17659900547901053,0.14926151172893043,0.22118115172156472,0.02215258720021089,0.02460850111856823,0.7200000000000001,0.005232185214049305,0.0002932636089489082,0.9907132515934464,0.0
0.9542720854301824,0.9544781251363756,0.09468336211554607,0.9571166741974722,3.268675167509518e-05,0.09596924012342907,0.9583272291648729,1.4998352911559013e-06,0.0894567996778466,0.09212387769721654,0.09213502997559042,0.08893535875541984,0.07341714339067626,0.0940407428926136,0.09054496492092592,0.09212387769721654,0.09212387769721654,0.0010744600838075158,0.009430996541967218,0.010193996936070704,0.6457294930206015,0.7139878366637706,0.4874093811868292,0.09465013381655331,0.09060402684563758,0.03999999999999998,0.002062354575138101,0.00015313581537956144,0.9964356944185786,0.0
0.9655274792546686,0.9654836434884463,0.3098228987398675,0.9677495775843284,7.417969837968163e-07,0.3137584686391484,0.9682320487081314,2.2849067268750886e-07,0.30334278633070144,0.31238669222349624,0.30305200219789974,0.3080217094852114,0.0011382939400273267,0.3093203033562244,0.3135964735569525,0.31238669222349624,0.31238669222349624,0.01074460083807871,0.016504243948443076,0.009953207282389354,0.4729108943867075,0.4250217202432669,0.5378621082597714,0.2978784823382863,0.31208053691275167,0.7200000000000001,0.0013409027723950235,0.000570289618258859,0.9967920799216634,0.0
0.9687765827195373,0.9717244153019865,0.4429925064041603,0.9705747192369085,0.0002219220663284531,0.4387884108881329,0.9743630507231847,1.461483420361326e-05,0.42669007095487904,0.43941147070789266,0.43348024432654003,0.4276662619034207,0.5970062387844749,0.4424463118592288,0.435406425788426,0.43941147070789266,0.43941147070789266,0.0,0.008016347060672224,0.009632154410815108,0.8653531287845091,0.9438748913987833,0.7329159548899913,0.4399291502999365,0.43512304250559286,0.0,0.004663779516190546,0.00036305837424785306,0.9920567934015359,0.0
0.9821447039275889,0.9899455288612089,0.7847052540427366,0.9832914328021931,1.949287588789227e-05,0.7982518510642425,0.9900951804567415,8.473121085240697e-07,0.7715048365802314,0.7945065938406165,0.7692555016823444,0.7825826568140796,0.007047269437121932,0.7851667153264444,0.7967463132838333,0.7945065938406165,0.7945065938406165,0.08230364241968413,0.015089594467148082,0.23669679783182218,0.5544596706170761,0.503214596003474,0.6916978787545052,0.7572634287973102,0.7941834451901566,0.7599999999999999,0.00770406819997106,0.0016701402899363183,0.9843478731009284,0.0
0.9710344665882008,0.9719802470023586,0.4420612504065079,0.9728607594918602,1.626611278776112e-05,0.4441417206421977,0.9743201765832193,6.3686621154087955e-06,0.4295928093451678,0.44240075176217797,0.4326438002726615,0.434672212174787,0.06435780250424666,0.44159256686955783,0.4425391740050621,0.44240075176217797,0.44240075176217797,0.009777586762651502,0.018390443256836697,0.012682156690772217,0.6691320115856083,0.639617723718505,0.6953016449740019,0.43161251401370493,0.441834451901566,0.48,0.0023268211151140513,0.0006608972184541473,0.9952106474111355,0.0
0.9829643662859894,0.9877305399014809,0.7426629259820545,0.9840710288531583,8.593587194115943e-06,0.7545205882845584,0.9881595916795533,9.512855826796912e-07,0.7311529535625989,0.7529516539215068,0.7291822274647122,0.7417307861181622,0.007357409035035736,0.7442645690031194,0.7551550806078802,0.7529516539215068,0.7529516539215068,0.019125389491779998,0.016504243948443076,0.088049318292867,0.5789423054235439,0.5277150304083413,0.7205280085104739,0.7206786297806044,0.7527964205816554,0.7200000000000001,0.004977766249540554,0.0015328832322147432,0.989137225689792,0.0
0.9737145718810171,0.9828973179635944,0.6446870345623752,0.9753989168183396,2.687857809485912e-05,0.6583306598514862,0.9836497680819419,5.533181471185193e-07,0.6345987081593103,0.6535187262210719,0.6324018484125467,0.6440744377372329,0.00229723664802102,0.6454823930391498,0.6557312882917772,0.6535187262210719,0.6535187262210719,0.010852046846459906,0.01744734360264033,0.010595313025538289,0.5938839134304335,0.5402258905299728,0.7453039012695069,0.6263814153230791,0.6532438478747203,0.68,0.009149304278333529,0.001484439564783599,0.9821942413629446,0.0
0.9744932511214975,0.9745100325896822,0.502166064588323,0.9760140109502937,0.00012724883697060523,0.49726012517372764,0.9770873450334867,7.060634268252155e-05,0.48380908756904767,0.4982334419800447,0.491499045518292,0.48734298512904817,0.49554162085646364,0.5016651688700391,0.4961632146143434,0.4982334419800447,0.4982334419800447,0.00311593424304224,0.012103112228858848,0.011157155550793885,0.8574322763471205,0.8801042571676803,0.7741340310254756,0.49776757538145655,0.49552572706935116,0.12,0.0019419630905221834,0.0004097078317741401,0.9966659257612794,0.0
0.9728520202131655,0.9792091568704964,0.5852030577123284,0.9745460101295543,8.541564602357164e-05,0.5868149654609167,0.9809102891804022,3.568548897631542e-06,0.5668426831017809,0.5837426131907826,0.5729572903107747,0.5739955279591058,0.1962161010278108,0.584808288886855,0.5843840478201066,0.5837426131907826,0.5837426131907826,0.007521220586655275,0.016661427224142322,0.01284268312655934,0.792985340606565,0.7612510860121624,0.806793162389658,0.5754735204800855,0.5827740492170022,0.31999999999999995,0.007254618618804332,0.0008322442643680093,0.9866591975393922,0.0
0.9609306983772672,0.9625078167580946,0.24738994456392138,0.9634385544676382,2.401787334197618e-06,0.2542500218307595,0.9653576949079505,1.0264691603708425e-07,0.24251895887629582,0.24974945434258544,0.24183950552770273,0.2462296162330494,0.0005261763125658691,0.2468416927484888,0.25068602945232776,0.24974945434258544,0.24974945434258544,0.010422262812936012,0.015089594467148082,0.00882952223187905,0.4115242879969596,0.3654213727193749,0.48718414579811053,0.23628496996389203,0.2494407158836689,0.7599999999999999,0.002779859116090493,0.0006250130203570033,0.9942479710205863,0.0
0.9937553165439075,0.9937164310618621,0.8784710923063624,0.9940886593016267,3.057895831224285e-06,0.8740087239571518,0.9944111772132592,2.6184464613818976e-06,0.8643733681063772,0.8901439212550181,0.8618536604651175,0.8768815830428028,0.007414540013598807,0.8796801663420594,0.8927519187814374,0.8901439212550181,0.8901439212550181,0.45997636187815605,0.2230430682175415,0.5827917933890445,0.5874032159816629,0.534665508253692,0.7358440149433321,0.8529467493025408,0.890380313199105,0.7200000000000001,0.0012054399245783054,0.0009407939636118694,0.9966884532899194,0.0
0.947519116002305,0.9566607784908522,0.132573840520028,0.9508100818773881,5.15633158108624e-05,0.13841872451129472,0.9600716707347154,4.3489594534747885e-08,0.1286055740205566,0.13243983928461595,0.12928075000464787,0.13033062725631855,0.004019327573279254,0.13195478175209044,0.1326894301455379,0.13243983928461595,0.13243983928461595,0.010529708821317207,0.018390443256836697,0.012200577383410849,0.43654698092415956,0.3991311902693315,0.4639849007601047,0.12584592053263527,0.1319910514541387,0.5599999999999999,0.010142668592157714,0.00042137019615571186,0.9823480292917937,0.0
0.9863697774564134,0.9919569937172951,0.8393389392383439,0.9872099757968953,7.373476360109687e-05,0.8407201851343407,0.9926113565459614,1.0420042315265771e-05,0.8156570152535706,0.8399751319821127,0.8223126688272262,0.8259186317613401,0.2707393817791518,0.8393213122848885,0.8408666090393695,0.8399751319821127,0.8399751319821127,0.22295046739013635,0.015403961018547463,0.41070745422515653,0.8770543880670107,0.8389226759339703,0.9284202722976467,0.8336252710618007,0.8400447427293064,0.24,0.006298304739515448,0.00116417309676659,0.9878291271934295,0.0
0.9726156524633012,0.9732147062851955,0.479214484479515,0.9721830831081084,0.02171606869655306,0.4734152771494603,0.9754125739410879,0.0005077000721561174,0.46066356829911376,0.4743978588366652,0.4688960459714397,0.46310356161398847,0.5532194245000652,0.47859465085370434,0.47148509128310084,0.4743978588366652,0.4743978588366652,0.3282475556033093,0.4082049669915113,0.27594551138179435,0.4849721924163646,0.5355343179843608,0.2173521501133493,0.4512700179629797,0.4697986577181208,0.64,0.00472478265295569,0.0009569418527555841,0.9957528099337382,0.0
0.9789270526229844,0.9785843188513716,0.586192517209834,0.9790948458030757,0.006614458858705937,0.5821779436316916,0.9804645767670118,0.0008755510531342817,0.5682940522969253,0.5852372537179252,0.5737176939961188,0.5749076599888958,0.20880940101678452,0.5855844206956468,0.5853126881696407,0.5852372537179252,0.5852372537179252,0.32072633501665404,0.3698522477208419,0.2760257745996886,0.44392777524081417,0.42988705473501376,0.371863626774239,0.5525817690861651,0.5827740492170022,0.84,0.0027359009734214917,0.001059211817332444,0.9972186011305807,0.0
0.9646220382773658,0.9637964857320884,0.33644129933943184,0.9659489967968928,0.0044625664001518095,0.3272736907999387,0.9667618229918176,0.0006057219612393826,0.2755758019920183,0.283791858980531,0.32900077796026583,0.2772032911169849,1.0899404833950037,0.3358058013312427,0.2822202847258771,0.283791858980531,0.283791858980531,0.3164284946814231,0.3539767368751958,0.27530340563864586,0.2660686341467642,0.27940920938314484,0.05585837640218827,0.2660106442051351,0.28076062639821026,0.92,0.004378500141318252,0.002690148620847633,0.9980295921616206,0.0
0.9689042975521253,0.9685022673433955,0.38539044271603606,0.9696118465913931,0.007668176275515431,0.37856367615490427,0.9710912179170745,0.000357766737131499,0.3683297517396001,0.3793111884585793,0.37696324041334256,0.37080356302501793,0.34540140919271733,0.38476031517078213,0.3775145912323486,0.3793111884585793,0.3793111884585793,0.32437949930160137,0.3849418421879909,0.2761060378175819,0.3892018856734154,0.42745438748914033,0.07905762144019235,0.3571828195732885,0.3758389261744966,0.7599999999999999,0.002966456946195641,0.0007829034919844364,0.9973462571262074,0.0
0.9541586670340781,0.9537600844903497,0.340360334996219,0.9540767860180093,0.07585039763975329,0.33106247692869584,0.9562882065250181,0.04655859151042242,0.07883888819757988,0.08118940226180478,0.33284081657125336,0.04694623408193445,108.80183091727787,0.3397252669656411,0.04779589555385119,0.08118940226180478,0.08118940226180478,0.3282475556033093,0.4588179817667397,0.266554714888243,0.3236748336913955,0.5871416159860985,0.05788549490065442,0.08915191316065572,0.04697986577181208,0.03999999999999998,0.016472730846989136,0.01338973996747302,0.9973908616329146,0.0
0.9911924420302578,0.9960712239619423,0.934191242832564,0.986144289451998,0.14221774402478404,0.9394359709865843,0.9963253289204649,0.004058179097037855,0.9087165164106565,0.93580912262377,0.9147207266886634,0.9200040802809636,0.24928261854453612,0.9336407303483055,0.936654873178572,0.93580912262377,0.93580912262377,0.6559578811647144,0.5355234203080794,0.7023839880505149,0.5134152534415257,0.48375325803649005,0.5144376278330469,0.8877674133494399,0.9340044742729305,0.7999999999999999,0.011753599955233746,0.002132149340437046,0.9889314742615467,0.0
0.9166041205115846,0.9732128041907689,0.475683472155083,0.8663761640259721,13.378876824643108,0.4757526377463054,0.9752919904224352,0.0009540689525828372,0.4588684537682773,0.47254922450046244,0.4654362092031243,0.4619973589395622,0.3530324756150702,0.47506325112370196,0.47035886788047404,0.47254922450046244,0.47254922450046244,0.32985924572902103,0.4207796290474688,0.2752231424207521,0.4837120568013251,0.5310165073848818,0.21870356244566125,0.4379129960487289,0.46532438478747196,0.5599999999999999,0.11073208646163325,0.0011892920354345906,0.9074959600631964,0.0
0.9591636588278784,0.9582880202727734,0.34022452682989474,0.9601628206021149,0.02143354766067491,0.33094937883530007,0.9613212732724572,0.011533871888827039,0.16777344532636068,0.1727754671947409,0.3327077459263182,0.15439538719120577,28.427521804242012,0.3395894438991026,0.15718972872899734,0.1727754671947409,0.1727754671947409,0.33136348984635244,0.4454574033322851,0.2720928769229016,0.36993981270067877,0.5793223284100772,0.06284067345246136,0.17165042492725952,0.1565995525727069,0.31999999999999995,0.010359498859159707,0.008329350351813791,0.9981272114523939,0.0
0.9726852284541887,0.976145833796523,0.5379612169980871,0.969315921943607,0.10987482188446952,0.530642912407702,0.9782994326987587,0.00032691888293718977,0.5192148571453327,0.5346948043132342,0.5264586049519853,0.5179091116592477,0.9618854757300667,0.5373478287792396,0.5272825454763987,0.5346948043132342,0.5346948043132342,0.33136348984635244,0.4454574033322851,0.2720928769229016,0.5965842040340874,0.7497827975673328,0.3385287892439006,0.5150728993709891,0.5257270693512304,0.31999999999999995,0.01031823203134799,0.0007811092820795792,0.9912337876885545,0.0
0.9634116066550769,0.9627940819692918,0.33927386966562456,0.9644541750110973,0.008578123469752414,0.330006894723669,0.9658203783350772,0.0010387535546364846,0.25588683304209925,0.2635158802504779,0.3317762514117717,0.25391481376064245,2.987586744209184,0.3386386824333326,0.2585103183547874,0.2635158802504779,0.2635158802504779,0.3291071236703562,0.4135491983652928,0.27578498494600723,0.3701198320742556,0.4735013032145954,0.06531826272836305,0.25240580333083995,0.25727069351230425,0.6,0.00600943694483344,0.003765777458809521,0.9977051957492047,0.0
0.9866423628453699,0.9867015068167124,0.7524023116241693,0.9859833636616611,0.010905336723413669,0.7441344133743834,0.987899667206013,0.0011561001687438466,0.7288231240651304,0.7505523625489883,0.7365771533046832,0.7364326575195943,0.5225156043065986,0.7518124508436191,0.7497610632584573,0.7505523625489883,0.7505523625489883,0.3271730955195018,0.40066016975793683,0.2761863010354757,0.5566199030999996,0.5504778453518675,0.5025001522309687,0.7177804080444934,0.7472035794183445,0.68,0.003509205442414942,0.0012996359445833082,0.9965577936238074,0.0
0.9623384208230317,0.9613104483165757,0.340360334996219,0.9635395801026829,0.008151473682068408,0.33106247692869584,0.9645314745023671,0.002758582375936832,0.22907469685811638,0.2359043631437907,0.33284081657125336,0.22268884703867997,7.060699053021384,0.3397252669656411,0.22671920511221794,0.2359043631437907,0.2359043631437907,0.32899967766197413,0.45787488211254335,0.2674376102850724,0.43042632222254085,0.7108601216333632,0.0822109168822518,0.23017770271127547,0.22371364653243847,0.07999999999999996,0.006977413188503896,0.005110537782499987,0.9983569922445219,0.0
0.9910999917409964,0.9908566320915306,0.8419192943985058,0.9898607811766105,0.011980207364990688,0.8235481246204217,0.992143313851339,0.0001803485520076739,0.8145111974679302,0.8387951526185791,0.8242897184091209,0.8114991828648714,2.103525658787516,0.8413392549877472,0.8261861881946031,0.8387951526185791,0.8387951526185791,0.34296765875147717,0.4563030493555482,0.3680074223057588,0.7269182305038147,0.9139878366637699,0.5392135205920834,0.8190081527405451,0.8255033557046979,0.12,0.003757703514237663,0.000816993480176723,0.9970203588785487,0.0
0.9547874243106326,0.9546512157291925,0.3354324386753084,0.9549200371593742,0.06464277380529777,0.32627465764160973,0.957145957287701,0.034833968917880584,0.09465117363941593,0.09747311747856903,0.32799324307718497,0.06874813030036368,83.55809996076735,0.33477742668459365,0.06999237573825301,0.09747311747856903,0.09747311747856903,0.31073385623724104,0.3296133291417789,0.27450077345970936,0.0646269551141323,0.10460469157254515,0.003603766219494986,0.09792638447476577,0.0715883668903803,1.0,0.01539871679794162,0.012300385423738977,0.996974402720123,0.0
0.8707373398887216,0.9981673320200103,0.9799003913840025,0.7536476478950145,65.55707027069717,0.9762682500691284,0.9983395202875898,0.0023153685526569033,0.9502715081032111,0.9786030408745902,0.9594894936632952,0.9538694077699782,1.6349700188866856,0.9793354905909198,0.9711331159431982,0.9786030408745902,0.9786030408745902,0.8036961426882989,0.7209996856334477,0.8466169906053223,0.7396996060277807,0.85907906168549,0.5675931795706131,0.9285945369363953,0.9619686800894853,0.07999999999999996,0.24716291052202183,0.001862120749756038,0.7958149859127848,0.0
0.990793094904479,0.9898199906290559,0.8179976559588099,0.9905903114261375,0.002283676690326584,0.8043779977898446,0.991030372634737,0.0006869288298471353,0.7951086829644214,0.8188141687294095,0.8008502748083901,0.8045514537868959,0.27785626939443697,0.8174149919817415,0.8191127148938946,0.8188141687294095,0.8188141687294095,0.3286773396368323,0.3767683118516185,0.3425639822334863,0.5042342653891012,0.48340573414422217,0.493265501293509,0.7774669745229538,0.8165548098434005,0.7999999999999999,0.0019195354667114683,0.0010224305142828717,0.9981737683449166,0.0
0.9683162374647613,0.9697310203429527,0.4084584298245506,0.9669351142787903,0.04457947790714899,0.4005235559559094,0.9725301812396635,7.227350356122377e-05,0.395562021111651,0.4073553646652288,0.39956623996019486,0.3934516072540609,0.3830344009290477,0.4078308331871169,0.40057253352823324,0.4073553646652288,0.4073553646652288,0.32899967766197413,0.45787488211254335,0.2674376102850724,0.5348375588971859,0.7862728062554307,0.13469076245366196,0.39065938078604917,0.3959731543624161,0.07999999999999996,0.00671904696220446,0.0003827946832012822,0.994479253647957,0.0
0.9719360951824413,0.9709245845956185,0.43523203975705704,0.9729367522261859,0.002673182849435749,0.42608372506334535,0.9733974893627138,0.00029947705634453026,0.41796275882091877,0.4304239612223114,0.425800167104565,0.42170829311308977,0.293028624987115,0.43460738059043214,0.42934062605848883,0.4304239612223114,0.4304239612223114,0.32266036316750846,0.3767683118516185,0.2760257745996886,0.40090314495591706,0.4166811468288447,0.13198793778903983,0.4052764991073048,0.4272930648769575,0.7999999999999999,0.0019347862509027543,0.0007281800898862919,0.9982984206700579,0.0
0.9591369721464421,0.9629681236093219,0.3403409338296013,0.9557942218137707,0.13687207315556676,0.33104362724646313,0.966116924469838,0.0008821121378827227,0.26062287988941246,0.268393128286417,0.3328218064791198,0.2560107767227133,2.570938679117085,0.3397058636704213,0.26064421532818544,0.268393128286417,0.268393128286417,0.33007413774578254,0.4547312165985531,0.26904287464294496,0.44716812396520034,0.7136403127715027,0.09122033243099104,0.2590675130025387,0.2583892617449664,0.16000000000000003,0.014748495128421373,0.0035172793869867993,0.9906946288364372,0.0
0.9933350013112859,0.9929632016689448,0.8859017391209638,0.9920663585363937,0.01056437542249981,0.8656583147281001,0.9940923007972665,0.0001920222634508016,0.8566772919794932,0.8822183931966171,0.8673855972759956,0.8543499812005414,2.3014436916667207,0.8853265252510195,0.8698125263174081,0.8822183931966171,0.8822183931966171,0.42151069087783366,0.4563030493555482,0.5243601707625007,0.741139761016397,0.9145091225021726,0.5320059881530916,0.8624814787822105,0.8691275167785234,0.12,0.0035782825237519436,0.00086364293770301,0.9972155974600954,0.0
0.9584354936629738,0.9574786790942725,0.3394678813318021,0.9595280577624529,0.0249277735688836,0.3301953915459952,0.9603780421932182,0.015348264273453443,0.15110179654529443,0.15560676745532642,0.3319663523331077,0.13669614440038547,37.69579884084509,0.3388327153855306,0.1391701542869691,0.15560676745532642,0.15560676745532642,0.32985924572902103,0.4207796290474688,0.2752231424207521,0.30495281883939107,0.41633362293657683,0.04752466701960323,0.15450891347063767,0.13870246085011184,0.5599999999999999,0.010961456282239294,0.009240808983481246,0.998257871118506,0.0
0.9673536107415236,0.9671280041202066,0.35733635578675754,0.9679292780502046,0.010417736966060517,0.3507038458150884,0.9698684117168112,0.0002352680581151156,0.3411165793306431,0.3512866785746553,0.3494746471881547,0.3420811076188622,0.4507754183681157,0.3567031502829605,0.34827229937467125,0.3512866785746553,0.3512866785746553,0.3282475556033093,0.4082049669915113,0.27594551138179435,0.41368452047988313,0.49209383145091223,0.07995856299506698,0.3328209557045292,0.3467561521252796,0.64,0.003357594705454509,0.0006851190521697193,0.997072923112042,0.0
0.9531658271750715,0.9546464604931262,0.3400111139970994,0.9516823890642307,0.11825365006781006,0.33072318264850864,0.9572286686493843,0.03681018198527984,0.09512859771676603,0.09796477554670803,0.3324986349128486,0.06845314292051667,87.86740805809602,0.33937600765168485,0.06969204949755253,0.09796477554670803,0.09796477554670803,0.33147093585473275,0.4385413392015085,0.2732968251913057,0.2891111139646174,0.43092962641181565,0.050227491684225356,0.10285336142615449,0.06935123042505593,0.4,0.018859209441439685,0.012429030273917235,0.9944266894144635,0.0
0.9577073284980693,0.9592647457608114,0.340360334996219,0.9564375673622507,0.06906343925247745,0.3310813266109284,0.962382408236601,0.007787600056233629,0.18759609301793778,0.19318911018387291,0.33284081657125336,0.17673291838883087,19.297991429863522,0.3397252669656411,0.17993153813993423,0.19318911018387291,0.19318911018387291,0.32953690770387833,0.4563030493555482,0.26824024246400846,0.40306337743884235,0.6731537793223268,0.07027344128017177,0.19042586139163092,0.17785234899328856,0.12,0.014103835509606182,0.0072698694029956195,0.994290022407381,0.0
0.954593183393607,0.9535565603867078,0.3400111139970994,0.9551656277960716,0.06432009749528465,0.33072318264850864,0.9559804059285164,0.04878864326644989,0.07397871109015562,0.07618432312814959,0.3324986349128486,0.041844116834449066,115.01278444392011,0.33937600765168485,0.042601437088051614,0.07618432312814959,0.07618432312814959,0.33147093585473275,0.4385413392015085,0.2732968251913057,0.26786882788253585,0.3951346655082535,0.04527231313241842,0.08382170535902543,0.0425055928411633,0.4,0.015363998836282634,0.0136827344449362,0.9983969410619769,0.0
0.9753291161079128,0.9732327761822478,0.49056416695090355,0.976735494910304,0.00019842047508249793,0.476619723129006,0.9758386357069941,0.00019845427767960108,0.4753300359553095,0.48950159468989574,0.47986486913252785,0.4809192467915905,0.08410879795033638,0.48979035219552536,0.48962321555698457,0.48950159468989574,0.48950159468989574,0.31374234447190297,0.34030179188934273,0.27482182633128405,0.35319801095802106,0.3365768896611634,0.22455968255234104,0.45731848071660275,0.4876957494407158,0.9600000000000001,0.0006815306323600049,0.0006815306323600049,0.9999999999999991,0.0
0.9955633392112164,0.993423508520172,0.913897622550389,0.9951713322577262,0.0018559513149425332,0.8879197894448272,0.9942575448783832,0.0018559850614996696,0.8819234771897676,0.9082172718398084,0.8946650794877138,0.883790497991851,2.131274991232435,0.9131702538914234,0.8997858754715273,0.9082172718398084,0.9082172718398084,0.5184269904373053,0.4454574033322851,0.6265352471410588,0.7033356925652328,0.7940920938314502,0.543718228366453,0.8837771080605914,0.8993288590604027,0.31999999999999995,0.0017571594703218924,0.0017571594703218924,0.9999999999999991,0.0
0.9899658077799539,0.9878380082365814,0.7957251166816235,0.9897481331233746,0.0017789392356194031,0.7731063749659242,0.9888393254402548,0.0017789729847802645,0.7705881823517191,0.7935626103497896,0.7788746083019469,0.7664553862448124,1.806362954575894,0.79498478270766,0.7803271615718537,0.7935626103497896,0.7935626103497896,0.32899967766197413,0.45787488211254335,0.2674376102850724,0.7231378236586998,0.9324066029539537,0.5407901683131122,0.7751147945632114,0.7796420581655481,0.07999999999999996,0.0017347318465111773,0.0017347318465111773,0.9999999999999991,0.0
0.9699384064577816,0.9678536531439389,0.4118148316494227,0.9696985677117412,0.013894394941835154,0.4001088629467917,0.9688081699639166,0.013894428281380872,0.3969370024544194,0.4087713399014692,0.4027029051622391,0.39360686376976983,0.603266161721314,0.4110323768983828,0.4007305999707072,0.4087713399014692,0.4087713399014692,0.33082625980444824,0.45064445143036735,0.27064813900081663,0.5276367839541081,0.7612510860121624,0.13514123323109928,0.39204548683375445,0.3993288590604026,0.24,0.004101294711017815,0.004101294711017815,0.9999999999999991,0.0
0.997991827221919,0.9958467768196083,0.9592769512693258,0.9973840618748578,0.0013865289897201207,0.932009196186931,0.9964682427203495,0.0013865627521481,0.9275270250582512,0.9551804505084472,0.939129684988208,0.9258844208134401,2.5881595883696673,0.9585545614105208,0.9426416396872721,0.9551804505084472,0.9551804505084472,0.7054904910282582,0.5763910719899394,0.7727748301432062,0.7524809815517468,0.913640312771502,0.5619622948526519,0.9346429996900181,0.941834451901566,0.12,0.0016351531967916033,0.0016351531967916033,0.9999999999999991,0.0
0.9551666611157575,0.9531136576994835,0.3396230906647443,0.9559989551803659,0.055260063768583084,0.32996919535920377,0.9551211367067097,0.055260095709584255,0.08126420251051848,0.08368702524795098,0.3319663523331077,0.05184457715255179,104.31296831589384,0.3388327153855306,0.05278289181390372,0.08368702524795098,0.08368702524795098,0.32985924572902103,0.4207796290474688,0.2752231424207521,0.22880462381633215,0.3028670721112068,0.03581242680624008,0.0896685526875277,0.052572706935123045,0.5599999999999999,0.014509865211075366,0.014509865211075366,0.9999999999999991,0.0
0.9840080061493015,0.9818930121063711,0.8335185892530166,0.9767068858809107,0.2727080437940877,0.8098255559550726,0.9758100529470173,0.2727080683833237,0.8049818128840219,0.8289816575785244,0.8159062677782025,0.8076565841010749,1.5718810954163247,0.8327824017958181,0.8222740437433733,0.8289816575785244,0.8289816575785244,0.3398517245084349,0.44231373781829575,0.35179425229125094,0.67129224406853,0.7516941789748053,0.529753634265905,0.8024588865952155,0.819910514541387,0.36,0.016568362234918022,0.016568362234918022,0.9999999999999991,0.0
0.9602873587354994,0.9582233490622705,0.34051554432916115,0.9619482028426852,0.01212899699683007,0.33083628074190435,0.9610649216439141,0.012129030396062666,0.17535493967468063,0.1805829973167885,0.33284081657125336,0.16308975207090692,24.641370239183743,0.3397252669656411,0.16604144950753746,0.1805829973167885,0.1805829973167885,0.3282475556033093,0.4588179817667397,0.266554714888243,0.3949625056278787,0.6736750651607295,0.07342673672222944,0.17953862843510948,0.16331096196868006,0.03999999999999998,0.008581436843446227,0.008581436843446227,0.9999999999999991,0.0
0.9830196458403931,0.9809067761462003,0.650158163548583,0.9838305341998216,0.00040835368237703045,0.631677209174558,0.9829271601812749,0.0004083874778764376,0.6295762068655869,0.6483464833442495,0.6362418870235342,0.6358070282757313,0.32135742878603124,0.649401858673548,0.6473142502300404,0.6483464833442495,0.6483464833442495,0.32437949930160137,0.3849418421879909,0.2761060378175819,0.49919372292894515,0.49435273675065083,0.43830806644619535,0.6163846504941745,0.645413870246085,0.7599999999999999,0.0009416910685642979,0.0009416910685642979,0.9999999999999991,0.0
0.9660106988078186,0.963934387578014,0.3396230906647443,0.9678541793480474,0.0006486758274901314,0.32996919535920377,0.9669654751566533,0.0006487096148644138,0.28774056748289945,0.2963193065567132,0.3319663523331077,0.28679038096201254,0.9196901672770569,0.3388327153855306,0.2919808875486424,0.2963193065567132,0.2963193065567132,0.32985924572902103,0.4207796290474688,0.2752231424207521,0.40234329994453333,0.520243266724588,0.07770620910788217,0.28327396498110075,0.29082774049217,0.5599999999999999,0.0026138946998912026,0.0026138946998912026,0.9999999999999991,0.0
0.98467707937674,0.9825606472500934,0.6989132952590096,0.9843615893079332,0.005711682249135912,0.6790464606251382,0.9834577276633468,0.005711715865333463,0.6761346028887708,0.6962929781491664,0.6840142485552749,0.6729715567235611,1.4965498193967346,0.6981623395608896,0.6851514048972378,0.6962929781491664,0.6962929781491664,0.33007413774578254,0.4547312165985531,0.26904287464294496,0.692894568897767,0.8806255430060812,0.5146628632217656,0.6783393905052434,0.6845637583892618,0.16000000000000003,0.002663235472274775,0.002663235472274775,0.9999999999999991,0.0
0.9822876682924262,0.9801763718864016,0.635238666419527,0.9829204094522499,0.000780363614898817,0.6171818035376715,0.9820178711295086,0.0007803973978208268,0.6133055943094948,0.6315907763820717,0.6216231261727947,0.6127514356929523,1.2092626129081572,0.6344807246495268,0.6238413835226615,0.6315907763820717,0.6315907763820717,0.33136348984635244,0.44231373781829575,0.27273498266605056,0.6277275556629043,0.7459600347523896,0.4484436589385279,0.6109662359440537,0.6230425055928411,0.36,0.0011650702017190185,0.0011650702017190185,0.9999999999999991,0.0
0.9974113919006796,0.9952675890667211,0.9474422396324931,0.9967680737107352,0.001465907361983347,0.9205108900250312,0.9958528201695961,0.0014659411217275986,0.9162980107589764,0.9436166527458175,0.927533528786711,0.9132310147831607,2.588730898155298,0.9467185513264466,0.9297592246256468,0.9436166527458175,0.9436166527458175,0.6446760502847324,0.48538195535994966,0.7297537453522343,0.7577015433854779,0.9400521285838401,0.5626380010188079,0.9240581898711779,0.9295302013422819,0.07999999999999996,0.0017060244880334622,0.0017060244880334622,0.9999999999999991,0.0
0.9727805380307468,0.9706896759339384,0.4432447215701911,0.9740265774396337,0.0009579431441760344,0.43064534816364,0.9731322056216778,0.0009579769210942037,0.4256779319108967,0.4383691556034379,0.4334992544186736,0.42502690113636854,0.7003480174367013,0.44246571515444855,0.4327192962663691,0.4383691556034379,0.4383691556034379,0.33071881379606705,0.43068217541653553,0.274420510241816,0.5081946916077928,0.6319721980886168,0.16216947987731878,0.4191375595843575,0.43176733780760623,0.48,0.0012117196592453057,0.0012117196592453057,0.9999999999999991,0.0
0.9765319229640772,0.9744329977654066,0.5182302305478269,0.9774587669346512,0.00096644028700638,0.5034993699927257,0.9765612436076612,0.0009664740636372665,0.5000797001251398,0.5149891489422224,0.5069732605150437,0.4976481363592298,0.9610693188934515,0.5174594511789511,0.5066548747335506,0.5149891489422224,0.5149891489422224,0.33114859782959094,0.4486010688462745,0.27120998152607223,0.5929838165625476,0.7768896611642049,0.31195101337511844,0.4970955239643874,0.5055928411633109,0.28,0.001235044388008449,0.001235044388008449,0.9999999999999991,0.0
0.990246017935035,0.9881176161172857,0.7944252385182335,0.9907279923800923,0.00015669842819780218,0.7718434462563384,0.989818284969465,0.00015673223220549876,0.7729371088122816,0.7959815680450335,0.7776009321289954,0.7826990992008613,0.15966043631581256,0.7936847619279338,0.7968648631156889,0.7959815680450335,0.7959815680450335,0.32072633501665404,0.3698522477208419,0.2760257745996886,0.4837120568013251,0.4549087749782803,0.4858327334657986,0.7540291813526645,0.7941834451901566,0.84,0.0006913987868367196,0.0006913987868367196,0.9999999999999991,0.0
0.9913487497358132,0.98921797774305,0.8242836339429636,0.9913547089302375,0.0012239359823968457,0.8008531072123443,0.9904444260552098,0.0012239697503219815,0.7957770766727115,0.819502490024804,0.8068574639226083,0.7977007600312385,1.7170753966501826,0.8235464332711963,0.8121380331197323,0.819502490024804,0.819502490024804,0.3342645320726332,0.44231373781829575,0.318485016865405,0.6752526702872252,0.7615986099044303,0.5286274573223135,0.7954023467159886,0.8109619686800894,0.36,0.0014431727369718834,0.0014431727369718834,0.9999999999999991,0.0
0.9976229791606388,0.9954787215480692,0.9537088164500289,0.9972919765614984,0.001169798068161312,0.9265993373861683,0.9963762419616737,0.001169831837916813,0.9202128881932474,0.9476482489045576,0.9336737885458644,0.9240601567538599,2.110626223266069,0.9529858156824399,0.9407843589882035,0.9476482489045576,0.9476482489045576,0.6956054582572255,0.5697893744105631,0.7571235026539536,0.6964949563693086,0.7628149435273688,0.5538538208587855,0.9210339584943665,0.9395973154362416,0.36,0.0014700858855447414,0.0014700858855447414,0.9999999999999991,0.0
0.9819445538168168,0.979833994889621,0.6290302931018443,0.9827246164073401,0.0006640208786774217,0.6111499052232323,0.9818222578659164,0.0006640546655328985,0.6071181782670372,0.62521888781899,0.615539896690042,0.6099374113457275,0.8215881155159006,0.6282716701791927,0.6209764292528215,0.62521888781899,0.62521888781899,0.32985924572902103,0.4207796290474688,0.2752231424207521,0.570121356118273,0.6210251954821899,0.4351547710041377,0.6002974196980798,0.6196868008948545,0.5599999999999999,0.0010744626015237303,0.0010744626015237303,0.9999999999999991,0.0
0.9662623160899323,0.9641854640423198,0.34049614316254334,0.967847027090699,0.0010598012993701747,0.3308174310596717,0.966958329466659,0.00105983507284459,0.2964487826537656,0.3052871497195688,0.3328218064791198,0.2931170839771522,0.6504237037409447,0.3397058636704213,0.2984220950794551,0.3052871497195688,0.3052871497195688,0.33061136778768674,0.45284501729015947,0.2698455068218806,0.46589013881720476,0.7244135534317984,0.09977927720229474,0.2942116017939023,0.29642058165548096,0.19999999999999996,0.002661441262369918,0.002661441262369918,0.9999999999999991,0.0
0.9925029487079329,0.9903696959183315,0.859166931521693,0.9918437445264278,0.005195400153114928,0.8347448358665994,0.9909330126085656,0.005195433786767618,0.8301325132788263,0.8548822046080877,0.8410376095788239,0.8296641952028185,2.1881611227445203,0.8584335580763853,0.8446799619640533,0.8548822046080877,0.8548822046080877,0.3676802406790589,0.45284501729015947,0.4358298414258548,0.7204375330550459,0.8599478714161588,0.540114462146958,0.8340032999839021,0.843400447427293,0.19999999999999996,0.002565451032460058,0.002565451032460058,0.9999999999999991,0.0
0.9598184356188331,0.9577554338333368,0.34049614316254334,0.9609602972964507,0.016244554066430678,0.3308174310596717,0.9600779232134604,0.016244587326519146,0.17535493967468063,0.1805829973167885,0.3328218064791198,0.16272101784609816,24.678913453668045,0.3397058636704213,0.16566604170666188,0.1805829973167885,0.1805829973167885,0.33061136778768674,0.45284501729015947,0.2698455068218806,0.38884184692626,0.6384013900955683,0.06802108739298518,0.1792614072255685,0.16442953020134227,0.19999999999999996,0.009571840710927398,0.009571840710927398,0.9999999999999991,0.0
0.9668408452196405,0.9647627497007804,0.34008871866357043,0.9685944379835968,0.0004361755508848279,0.3304215877327866,0.9677050540710566,0.000436209345443597,0.3038011134449575,0.31285868396890965,0.33242259454431416,0.30161737821221724,0.6121785943771528,0.3392983944708057,0.30707623280490287,0.31285868396890965,0.31285868396890965,0.33114859782959094,0.4352404904118199,0.2737784044986675,0.4412274846371602,0.6147697654213733,0.08694086004534007,0.2998904362681373,0.3064876957494407,0.43999999999999995,0.0018926223181386106,0.0018926223181386106,0.9999999999999991,0.0
0.9609592912502346,0.9588938373476324,0.34008871866357043,0.9627894871132795,0.009156072593909239,0.3304215877327866,0.9619054334294859,0.009156106093654345,0.18637388737992144,0.191930465529437,0.33242259454431416,0.17640299829294936,19.657100437974243,0.3392983944708057,0.1795956469496771,0.191930465529437,0.191930465529437,0.33114859782959094,0.4352404904118199,0.2737784044986675,0.3648992702405227,0.5280625543006074,0.06396685039605288,0.1886995293140344,0.17897091722595077,0.43999999999999995,0.007717524774257489,0.007717524774257489,0.9999999999999991,0.0
0.9715739187915202,0.9694856501619266,0.43920927891369743,0.9720874216660749,0.007776093574753151,0.42672461425925456,0.971194830421991,0.0077761271211543885,0.4241692718264704,0.43681551610811864,0.4295451552548845,0.4298010389944187,0.07243775518673792,0.43842982974873146,0.43757983937244255,0.43681551610811864,0.43681551610811864,0.31073385623724104,0.3296133291417789,0.27450077345970936,0.31017338067312394,0.2880973066898349,0.12725799462594978,0.40573853445653985,0.43512304250559286,1.0,0.002970942470957784,0.002970942470957784,0.9999999999999991,0.0
0.9652917320749883,0.963216966168339,0.279367050015482,0.9673415003380537,5.195411267521162e-05,0.27142595199594405,0.966453266899377,5.1987920224240784e-05,0.2710240620361913,0.27910441278851184,0.2729058986558218,0.27119785614024755,0.11833841567798109,0.27855066044010734,0.27610615973764857,0.27910441278851184,0.27910441278851184,0.17216312990222438,0.010783583778685824,0.26745405381052256,0.6454727295878744,0.7482742693310165,0.6076794095877727,0.27457129102003686,0.2729306487695749,0.07999999999999996,0.00034211196939514253,0.00034211196939514253,0.9999999999999993,2.581841326064698e-15
0.9981197898117513,0.9959744643709109,0.9453610450595162,0.9982741369586743,2.0432581008497126e-06,0.9184888540754528,0.9973575005183863,2.0770673373302137e-06,0.9287923888780119,0.9564835400689268,0.9254752753150568,0.9426632620302317,0.004721222452768392,0.9446177251196614,0.9597241545682906,0.9564835400689268,0.9564835400689268,0.8010943644568602,0.704232340458975,0.8502468456739978,0.6938768842139531,0.6357850912250225,0.8717626661374229,0.9282530613109004,0.9574944071588367,0.5599999999999999,9.855100702551775e-05,9.855100702551775e-05,0.9999999999999996,3.929490549851952e-15
0.9591532620303743,0.9570916899468401,0.15127210849756317,0.9617733243482505,3.692851103483426e-08,0.14697215028439964,0.960890203726614,7.073781534794524e-08,0.14802893381413085,0.15244228994835668,0.14739300099970615,0.1503275405277829,0.00015400879506930276,0.15044166496560887,0.15304825970477887,0.15244228994835668,0.15244228994835668,0.1820382991296876,8.306507387612072e-05,0.2744681400405784,0.17134958653969257,0.13254972024326683,0.20567684399903108,0.1392512890697722,0.15212527964205813,1.0,6.348614385247644e-06,6.348614385247644e-06,0.9999999999999992,1.6603481196557543e-15
0.9981975550492616,0.996052062462409,0.9472047307447702,0.9983411595106403,2.3515932415289115e-06,0.9202801324036365,0.9974244615288266,2.385402467584815e-06,0.9303505532559884,0.9580881597859946,0.9272817973367788,0.9441181436690499,0.00542311733225753,0.946461613085179,0.9612053675390864,0.9580881597859946,0.9580881597859946,0.792807001181906,0.6993596431939633,0.8332310956516453,0.40466141661885935,0.3561810043440481,0.5110754085491216,0.8972814339847246,0.9574944071588367,1.0,0.00011654965059924127,0.00011654965059924127,0.9999999999999994,7.609928881755541e-15
0.9905153434505444,0.9883863627535,0.7923431330604841,0.9911298847118251,8.808704734124687e-06,0.769820525314179,0.990219808275153,8.842513741870135e-06,0.7764238266048962,0.7995722393483696,0.7755417861335154,0.7875805158179947,0.02012210195969867,0.791583024736438,0.8018346265770167,0.7995722393483696,0.7995722393483696,0.18174808746105064,0.018413695378811212,0.2785223098211773,0.7328840941464829,0.6822324917463067,0.8777867893205471,0.7812069272179156,0.7997762863534675,0.48,0.00019184913262573365,0.00019184913262573365,0.9999999999999994,2.7036001881727867e-15
0.9723887072469184,0.9702986873381495,0.4255744426429945,0.9739529929865814,9.52203449679368e-05,0.41347735258369456,0.9730586887354276,9.52541510541647e-05,0.41322453950308397,0.42554447594549916,0.4161661499191977,0.4147158061045537,0.21682977425020286,0.4247740942346109,0.42222158477099486,0.42554447594549916,0.42554447594549916,0.17327002578704143,0.012148270983966647,0.2682245598338646,0.7164872995332843,0.792322874022588,0.7005703556916121,0.4190835119493004,0.41834451901565994,0.12,0.0004684878706987704,0.0004684878706987704,0.9999999999999994,1.7212275507097987e-15
0.9901265414335018,0.9879983964145664,0.7831440505075073,0.9907615328462256,3.5741779272452687e-06,0.7608829296338988,0.9898517946380323,3.607987111966433e-06,0.768633489013998,0.7915496395009747,0.7665281319382762,0.7795845748971286,0.008206212145115625,0.7823829329046776,0.7936939702585253,0.7915496395009747,0.7915496395009747,0.18346069195229386,0.006187922037095284,0.27533468742518785,0.4496617577285704,0.40281159165942704,0.5611420100904763,0.7461895717826222,0.79082774049217,0.92,0.0001361038113631293,0.0001361038113631293,0.9999999999999994,5.894235824777929e-15
0.9834601911120276,0.9813463745244972,0.6470669651947456,0.9845316581417496,1.8855052381766345e-06,0.6286738791256059,0.9836276403363606,1.91931447999065e-06,0.63506134373941,0.6539951548855555,0.633193988686304,0.6443505371915906,0.004362113444657671,0.6462909178731792,0.6560123847618355,0.6539951548855555,0.6539951548855555,0.1830441936177074,0.0037771392643817236,0.27485621510699065,0.40997625999911413,0.3636217827975674,0.5130324202804957,0.6140934911229734,0.6532438478747203,0.9600000000000001,9.522115080519232e-05,9.522115080519232e-05,0.9999999999999997,3.680438331903589e-15
0.9932873925480014,0.9911524537009305,0.8559748940522663,0.9933330272733409,0.00033576119291338,0.8316435330862685,0.9924209278645408,0.00033579499086708884,0.8319667439281986,0.8567711212764659,0.8378909047669219,0.8354048908444525,0.7643975575037583,0.8552217670968478,0.8505245562038193,0.8567711212764659,0.8567711212764659,0.2636571354894164,0.00799021376925424,0.45239393105794745,0.9110094658921142,0.9671711589921799,0.9569376064075321,0.855909316181547,0.848993288590604,0.0,0.0009234506372637959,0.0009234506372637959,0.9999999999999997,5.174751639593767e-15
0.9845980392497409,0.9824817770093113,0.6698640177276066,0.9856026442109984,1.3835643114895668e-06,0.6508229181267708,0.9846976430035341,1.4173735702738566e-06,0.6578601480958908,0.6774736861066911,0.6555315149579235,0.6675988009755874,0.0032194938733962827,0.6690904715882308,0.679681409750911,0.6774736861066911,0.6774736861066911,0.1830441936177074,0.0037771392643817236,0.27485621510699065,0.4130927499938988,0.36678778279756763,0.5214683504918955,0.636271442425732,0.6767337807606264,0.9600000000000001,7.468394243443304e-05,7.468394243443304e-05,0.9999999999999996,2.211030246008246e-15
0.9877161970875263,0.9855932327824686,0.7333920961688204,0.9885275491341418,1.0393762474755775e-06,0.712545190558054,0.9876198622170735,1.0731855178966268e-06,0.7203379675342304,0.7418142283287905,0.7177790409975553,0.7310907203840593,0.0024359833102456166,0.7326255200225249,0.7443224444985443,0.7418142283287905,0.7418142283287905,0.18452084022778514,0.015174355548569274,0.2761250329107283,0.5520914041456582,0.4988780243266717,0.6940918178593929,0.7088423111117731,0.7416107382550335,0.7599999999999999,7.724814649100923e-05,7.724814649100923e-05,0.9999999999999994,5.174751639593767e-15
0.9834686699758607,0.9813548351641427,0.6521051251359533,0.9844758091233632,6.182406394004611e-05,0.6335688277542089,0.983571842599725,6.185787115537908e-05,0.6352312328056995,0.654170109049144,0.6381305930953665,0.6431382032978028,0.14080639723316304,0.6513296305768942,0.6547781093125471,0.654170109049144,0.654170109049144,0.18029912646395196,0.01830187834014385,0.2733160755214854,0.7515896966321982,0.7228918731537792,0.8254052162015899,0.6425389590786523,0.6532438478747203,0.4,0.0003842253413241677,0.0003842253413241677,0.9999999999999996,3.4313861139552254e-15
0.9861279123264209,0.9840083618277421,0.7095476219891133,0.9867853376149547,0.00023256715779578578,0.6893785032063744,0.9858792504333761,0.0002326009592384133,0.6885138668059112,0.7090413192388446,0.6944152062362676,0.6932719343806302,0.5294863998481296,0.708778429742597,0.7058191911249381,0.7090413192388446,0.7090413192388446,0.174382208015472,0.013402129833385956,0.269035331505727,0.8483712532052472,0.8802308045178115,0.8866495721265242,0.7046176677942746,0.7046979865771812,0.16000000000000003,0.0007228852777755137,0.0007228852777755137,0.9999999999999997,0.0
0.9652805815407599,0.9632058396006976,0.2786482785048023,0.9673545384383029,4.027860819123708e-05,0.2707276117960422,0.9664662930277668,4.031241613500694e-05,0.27080064131780485,0.27887433097237513,0.27220161561396994,0.27148087867671145,0.09176026829360459,0.2778318100692987,0.27639430458795977,0.27887433097237513,0.27887433097237513,0.16974015794563257,0.00799021376925424,0.2656755942705509,0.6512956686490821,0.755226860121633,0.6163720180481551,0.27451623467780595,0.27181208053691275,0.0,0.00029579324755166735,0.00029579324755166735,0.9999999999999992,1.8429864128178875e-15
0.9563097550925646,0.9542542947481595,0.09489907806083062,0.9590067520572586,1.3182761380969133e-05,0.09220154132268245,0.9581261717608521,1.3216570240830763e-05,0.09105423199521546,0.0937689360937256,0.09215629675576123,0.09027260214414419,0.03007921536640505,0.09406244955300894,0.09190641055309309,0.0937689360937256,0.0937689360937256,0.17095626840012823,0.009468137378181751,0.2665348393075959,0.5372427815458032,0.6293233918331893,0.4848526014006058,0.09435090082294255,0.09060402684563758,0.03999999999999998,0.00017575518640280843,0.00017575518640280843,0.9999999999999992,1.1068987464371696e-15
0.9854011904249033,0.983283201918081,0.6864458700602754,0.9863535985825156,1.1971291101486558e-06,0.6669334259873126,0.985447907832854,1.2309383752361904e-06,0.6739527055333048,0.6940460293890196,0.6717791224755705,0.6839000263790328,0.0027950923183563386,0.6856741432014264,0.6962776646373636,0.6940460293890196,0.6940460293890196,0.1843164875899852,0.011257912606098763,0.2759967482095691,0.49303791184424917,0.4427833414422242,0.6160791669957444,0.6585832898925704,0.6935123042505592,0.84,8.788913894214198e-05,8.788913894214198e-05,0.9999999999999994,3.929490549851952e-15
0.9978199966457797,0.9956753155703877,0.9451512352173734,0.9979053435842287,5.374532472501776e-05,0.9182850081453813,0.9969890457778223,5.377913221348729e-05,0.9227855013928923,0.9502975623678137,0.9252696946657972,0.9346577371246508,0.12241593523371103,0.9444078922581988,0.9515737408083051,0.9502975623678137,0.9502975623678137,0.765342865585044,0.64941823325998,0.8276903700098068,0.8301644898042948,0.7909269174630751,0.9465082461547549,0.9383564395365447,0.9507829977628635,0.31999999999999995,0.0004589103692555932,0.0004589103692555932,0.9999999999999998,2.457315217090517e-15
0.9732966011210145,0.9712046298153836,0.44324742803293427,0.9747710001372921,7.942067871276131e-05,0.4306479776943114,0.97387594477466,7.945448533316495e-05,0.431415802577577,0.44427809597961154,0.4334828962343927,0.43247256929966715,0.18086337477424083,0.44244901861891195,0.44029972065654605,0.44427809597961154,0.44427809597961154,0.16974015794563257,0.00799021376925424,0.2656755942705509,0.7390980370872917,0.8255946585577743,0.7314650966288525,0.4384461050356405,0.43512304250559286,0.0,0.0004648635397778103,0.0004648635397778103,0.9999999999999996,2.8225918034147825e-15
0.9888364949960597,0.9867111227599812,0.762192405319426,0.9894640552958539,7.521297963019029e-05,0.7405268416817188,0.9885555084590075,7.52467863928533e-05,0.7427851219400551,0.7649306254565634,0.7459988146439547,0.7514197824586882,0.17128495813972394,0.7614289890035615,0.7650194342918242,0.7649306254565634,0.7649306254565634,0.1794710744600838,0.017581325055013863,0.27270073515360727,0.7868510112337184,0.7599343509991314,0.8819765639649955,0.7531649219702172,0.7639821029082774,0.36,0.0004692421027164752,0.0004692421027164752,0.9999999999999994,4.178542767800315e-15
0.960561651109441,0.9584970518813168,0.18014629554454425,0.9630933939842372,1.1759758853811297e-07,0.1750255793015349,0.9622090612467228,1.5140689012385845e-07,0.17624850548384258,0.18150320402677694,0.17568516336604212,0.1789827471563712,0.00033764408330774006,0.17931901994854602,0.18222208567564774,0.18150320402677694,0.18150320402677694,0.18451221123885286,0.01338885256208755,0.276046093233298,0.3334607390446589,0.2898224187662901,0.4074376689497683,0.17074212177312698,0.18120805369127513,0.7999999999999999,1.687688559910774e-05,1.687688559910774e-05,0.9999999999999993,1.6603481196557543e-15
0.9732447703245766,0.9711529104223338,0.44222192912233116,0.9748880870334237,4.04030178352088e-05,0.42965162891922926,0.9739929241591255,4.0436825774772465e-05,0.43037728069714115,0.443208611456985,0.4324780685785325,0.435014214914933,0.0920434747159101,0.4414234071955351,0.44288736651862176,0.443208611456985,0.443208611456985,0.18170000967014044,0.018413695378811212,0.274386207347753,0.649126278580626,0.6341174682884443,0.6958654857319964,0.43197503198910037,0.441834451901566,0.48,0.00029995539289160843,0.00029995539289160843,0.9999999999999993,1.1068987464371696e-15
0.9860726169315656,0.9839531852829672,0.6997992912451177,0.9869989477822497,6.62920552460277e-07,0.6799072718911077,0.9860926644592946,6.967298356090318e-07,0.687405925745902,0.7079003458631417,0.6848633751921203,0.6979088439155049,0.0015790186317995764,0.6990290294589664,0.7105400222662548,0.7079003458631417,0.7079003458631417,0.18395244762007046,0.01765748978308679,0.2759439189595514,0.6291310677080286,0.5732664152910516,0.7852397686458659,0.6833453565999051,0.7080536912751677,0.64,5.778063709447629e-05,5.778063709447629e-05,0.9999999999999994,3.929490549851952e-15
0.9649013814965386,0.9628274545964246,0.2690409042207048,0.9671509383915862,1.060888001476452e-06,0.26139333020808114,0.966262879930922,1.0946972711702037e-06,0.2632026962725668,0.27104985968994205,0.2627878997328066,0.26706126227981003,0.0024849527204425337,0.2682233817106263,0.2718946992878687,0.27104985968994205,0.27104985968994205,0.18452084022778514,0.015174355548569274,0.2761250329107283,0.4223313082419935,0.3797462780191143,0.49618855661651295,0.25727968364193,0.27069351230425054,0.7599999999999999,5.585056064457378e-05,5.585056064457378e-05,0.9999999999999994,2.764479619226831e-15
0.9834296584699651,0.9813159075082789,0.6458761047087328,0.9845254305103507,5.374353207885101e-07,0.6275168692309441,0.9836214184233046,5.712446081798334e-07,0.634449568134392,0.653365139713788,0.6320271326923637,0.6442153518500913,0.0012933637389842293,0.6450999267317215,0.6558747527538784,0.653365139713788,0.653365139713788,0.18426058128290546,0.017386281043696883,0.2762071911431967,0.5954891065803576,0.540160069504779,0.7495658075471923,0.628466871936447,0.6532438478747203,0.68,4.6405104079344536e-05,4.6405104079344536e-05,0.9999999999999997,4.676647203697041e-15
0.9573719289037891,0.9553141855583623,0.11710161133246358,0.9599949653561864,1.7879494337826695e-05,0.11377296046334569,0.9591134776614142,1.7913303038895043e-05,0.112336767082325,0.11568599177325194,0.11391128764928643,0.1117240888702432,0.04077086992606518,0.11626741877905869,0.1137461393212415,0.11568599177325194,0.11568599177325194,0.174382208015472,0.013402129833385956,0.269035331505727,0.541796353598496,0.6106574231103394,0.4937045886744009,0.11525748197216855,0.11297539149888143,0.16000000000000003,0.00021078482026436787,0.00021078482026436787,0.9999999999999992,1.4749425796275285e-15
0.9945618680502399,0.9964132539311052,0.9457222550095474,0.9944499659881108,9.669174894159661e-06,0.9272882037357801,0.997515166979345,3.184922630919421e-06,0.944699809278954,0.8903769760291612,0.9413163974465468,0.9461696916233894,0.0065004443565896955,0.9450597174382637,0.8829465120255531,0.9585149636316918,0.9585149636316918,0.8117571859890411,0.7190615183904425,0.8594419363633596,0.7437604344516995,0.6879408774978284,0.9119251518477842,0.9354005801507128,0.9597315436241611,0.48,0.003952567888376905,0.00035898097841276797,0.9937007155043455,0.11606915848022802
0.960744580161718,0.9604231861375163,0.21828117471316671,0.9632151451981776,9.131381044137801e-06,0.21487642123823703,0.9639935159473065,5.472339062343093e-06,0.2175158048648394,0.187945683085313,0.21825930911370467,0.21848576069397718,0.009675294451023123,0.217534543328489,0.1873908271264229,0.21872332160688657,0.21872332160688657,0.18355296765875107,0.01849411191449235,0.27578963700211645,0.4800969599467724,0.4521220660295402,0.5111330305186179,0.2102887002765974,0.21812080536912748,0.6,0.0016580542139146652,0.00012124761878516887,0.9972466167106195,0.05073320336497218
0.9745225513535493,0.9743734225131446,0.5066093529431169,0.9759268201769669,0.00017949837773409552,0.49536733942175304,0.9768880815192105,0.0001378958239807124,0.49829563509714964,0.47292214734180915,0.5014565080152573,0.5016530249529675,0.26103038005077644,0.5058963723081965,0.4696461065771655,0.5065732307035086,0.5065732307035086,0.1764680885355112,0.01537465419679318,0.2706083091815694,0.7519952622789301,0.8000748966116404,0.7670127930209638,0.4994925856179222,0.5022371364653243,0.24,0.0022349100483360328,0.0005197574187300648,0.9969278216780897,0.05660724686609292
0.9961080046577543,0.996393359202702,0.9459398249303139,0.9960868781213373,4.757324397293357e-06,0.9271315845535615,0.9975242229445096,2.6220317535941605e-06,0.9424477693509528,0.9203724060339852,0.9393578509576286,0.9463637490712217,0.005749580066903641,0.9452746077686253,0.9172886032720391,0.9600038334697573,0.9600038334697573,0.8068642365961107,0.718314657340458,0.846082126152865,0.45783356797388386,0.4075560642919207,0.5768216658154817,0.904689410551544,0.9597315436241611,0.92,0.0023200900828296827,0.00034243161686074237,0.9961684480184777,0.07059929020117883
0.9541045225404836,0.9569390854055418,0.14741446938463126,0.9568361034704018,8.533820370916849e-05,0.1453956141335988,0.960668600802487,1.0850277380737309e-05,0.14692837334841818,0.05028810799949292,0.1471393784258085,0.14760287484445705,0.010328219920315344,0.14665897839810463,0.046643126275292296,0.14681964127860758,0.14681964127860758,0.1732542516385518,0.012124589751650205,0.26821277398294896,0.565516581155153,0.6393101928757599,0.5121015269236295,0.14449403597397548,0.14317673378076062,0.12,0.0047821624545863715,0.0001538861360196737,0.9922854610934553,0.14214630876940532
0.9624018882992551,0.9619268449072086,0.24687750659434987,0.9646619340686411,1.5018789584943757e-06,0.24304421467042042,0.9653399130549063,4.601005495996864e-07,0.24780582821473246,0.22224237052281487,0.24697476749067127,0.24708380575489436,0.0009097700257750492,0.246133652341513,0.21976403624521296,0.24975928022740884,0.24975928022740884,0.18430149027613663,0.011236125432254163,0.27598561971440816,0.35836100979685703,0.3169635638575148,0.43214095032418776,0.23463189665715128,0.2494407158836689,0.84,0.0015285797569605966,0.00010955914864948142,0.9974836251899812,0.04636613996734648
0.9932453251502146,0.9950382194181369,0.9263292042878084,0.9935555552595317,0.00016801289374379538,0.9067028241019923,0.9963571433634023,0.00012347757134909752,0.9165807071140191,0.8626875665180548,0.9193540233668258,0.9267756853971657,0.23029391358384507,0.9256647503068115,0.862624651441044,0.9305490894789638,0.9305490894789638,0.658595729021167,0.49240400974536325,0.7495392987608769,0.8624448419964299,0.8370206967854035,0.9638019837223961,0.922137225402716,0.9295302013422819,0.24,0.003953323035441662,0.000542341407933988,0.9937975504166082,0.11428490079419984
0.9618771728150083,0.9619458407248068,0.2509416654995895,0.9641332132248797,6.72790862254345e-05,0.2460704157928127,0.9653020619151976,3.589318495417181e-05,0.24779789896468618,0.2110143390346903,0.24900330590710973,0.24909400094220402,0.05497199888317099,0.25019847562768793,0.20816353845138674,0.25039682465083185,0.25039682465083185,0.17542656924895184,0.014194952845016928,0.26980636084524967,0.6208836061211613,0.6961018644656836,0.5829391242913395,0.245751253736942,0.24608501118568232,0.19999999999999996,0.0022470434825281253,0.0002915999995830256,0.9966268107176961,0.06215360516921714
0.9671663894987139,0.9666997389530895,0.34822372813042785,0.9691844394577218,4.50843340350324e-05,0.34122994029540343,0.9698213237366597,3.440564721530397e-05,0.34375407217076437,0.32066591457286214,0.34581590991695554,0.347393992378895,0.06582688481015417,0.34749219260587716,0.31990759695001947,0.3483554729580315,0.3483554729580315,0.18168457505103675,0.018390891229173256,0.27437470161546784,0.6059556219804652,0.603427662901824,0.624204092182401,0.338627129221174,0.3467561521252796,0.48,0.0016767537566166717,0.00028152472151489434,0.9974542003027691,0.04690831613028198
0.9769525346094818,0.9763291051024857,0.5415660100190497,0.9783791912099544,4.219530547271499e-06,0.5298865570328182,0.9789075267549037,3.0343403580043834e-06,0.5374432300114188,0.5229367642476764,0.5366887628482859,0.5418736861171131,0.006402505536195863,0.5408568186734279,0.523444701934701,0.547182134951015,0.547182134951015,0.1835530181583751,0.018494185790631334,0.27578967472582905,0.6261705699010314,0.576193013032146,0.7459397002294903,0.5294407954048351,0.546979865771812,0.6,0.001390497057667103,0.00013436750958295134,0.9976685603707722,0.04295856711957274
0.9868521322657754,0.9865658986018406,0.7561577265722271,0.9875586544220438,0.00015662851499729935,0.7386533851478928,0.9883884927380385,0.00013476012741186737,0.743654806996868,0.7278836297287541,0.7476294999669733,0.7518200329799034,0.27902500598447005,0.7554733190609756,0.7270116312909152,0.7582166502561791,0.7582166502561791,0.17741298485011292,0.01604962433197077,0.2712233606018626,0.8185611340581112,0.8089468583840151,0.8903663074075876,0.7494667767538469,0.756152125279642,0.28,0.0021021498368411005,0.0005478232574562982,0.9971024807614897,0.053389019010985965
0.9628535239171203,0.9776182640274723,0.566033054636739,0.9649511346647264,0.00044690740642663076,0.5580476970926639,0.9800347485615023,4.839079654767751e-05,0.567766059079363,0.23658451662203095,0.5677685723489283,0.5663666202338481,0.04297449338492642,0.5653280006154974,0.23212911327626884,0.5671591525362173,0.5671591525362173,0.17945532180079482,0.017557915749763175,0.2726889781974502,0.7386256752519955,0.7331132788879238,0.7882131550688314,0.554178310813808,0.5648769574944071,0.36,0.01599605561073937,0.0003424931223762809,0.9734163638466197,0.4898239283836511
0.9761189871897921,0.9757730416821705,0.5351493867130204,0.9773631788121958,0.0001856073573411105,0.5226098394640046,0.9781501476587614,0.00013900188662819548,0.5259154570924124,0.505364368395104,0.5283867284498565,0.5287057182685856,0.25812404555558943,0.5344393485583144,0.5010146449924251,0.5359844594153335,0.5359844594153335,0.17094066186741141,0.009444630619301897,0.2665231746541399,0.7991322479330432,0.8826578714161606,0.8023360964047104,0.5312886179973845,0.5279642058165548,0.03999999999999998,0.002113298474071664,0.0005487304548394416,0.997233203895159,0.050980344798959513
0.9557295819012536,0.9558640311366123,0.12293192963719923,0.9584064350790472,2.05401397785015e-06,0.12262171061688108,0.959633282323081,7.683281210879202e-08,0.1258762729123002,0.08437069349138877,0.12528088993717568,0.12309261875826431,0.00014992801088622637,0.12217294109918203,0.08125880603340221,0.1244365368197322,0.1244365368197322,0.18302933598366788,0.003755694750077865,0.2748452206514038,0.16858957630904747,0.1304291103388362,0.210826425467193,0.11337291841265441,0.12416107382550336,0.9600000000000001,0.0020743672769456952,0.00010984904811485873,0.9965437987270436,0.06368316490024074
0.9484560352070412,0.9500299201973572,0.004648395936183533,0.9517056275798053,6.621676410702465e-06,0.00687626266717023,0.9541881118254216,3.094107179182804e-08,0.007761910424545354,-0.06670738140883542,0.00758599266408834,0.004783877099280617,2.5627324669719695e-05,0.003876515082198634,-0.06792393842551053,0.004490082253684843,0.004490082253684843,0.18168442032878485,0.018390663313422984,0.27437458603643394,0.29906285316481984,0.2595304865334498,0.36857762038879294,0.005820363462284081,0.004474272930648768,0.48,0.0033288052618736467,7.01320857321075e-05,0.9942954178406004,0.10511131084484046
0.9863113454043316,0.988571468325202,0.7958330152997098,0.9869297192774306,0.00035044834295747693,0.7788863732898856,0.9901933390048377,0.00022943837297797627,0.786200954563266,0.7190672064344077,0.7895052067553074,0.7939376496924254,0.38875566035372083,0.7951538028719901,0.7160677150229964,0.7972032811153598,0.7972032811153598,0.174366455356183,0.01337852404904094,0.26902356411535155,0.8629191210380558,0.8846621789748035,0.9267029853475481,0.7915965586041143,0.7930648769574944,0.16000000000000003,0.004567821770451013,0.0006499008558182089,0.9930832666117987,0.12744612889835902
0.9575193748678804,0.9576139463396974,0.16061248198655037,0.9601914560948602,1.3182761380969133e-05,0.1587741201146463,0.9613571903239837,6.29695627116354e-06,0.16099379025406957,0.1212802766890501,0.16145603355377375,0.16080051590047872,0.009756910134684651,0.15985942063474948,0.12036572305413859,0.1606489160340135,0.1606489160340135,0.18223980659718464,0.01902062244577163,0.2746043948792747,0.4774206191205774,0.4565914978279757,0.49815234793308605,0.15548732700274986,0.15995525727069348,0.52,0.0020255502075202016,9.901247781304703e-05,0.9966006964160194,0.06263478124913523
0.9816951456010067,0.9815823769094935,0.6545757346869668,0.9826879939709332,0.000179510209198796,0.6397303376146604,0.9836817900357168,0.00014681925776781332,0.6435554668673916,0.6214421078104787,0.6476430935895956,0.6496331050118009,0.2916884954613927,0.653879917818678,0.6194473606786515,0.6551782948238143,0.6551782948238143,0.17646808531213054,0.015374649481294966,0.2706083067736724,0.8140014431469105,0.8240880608166812,0.852066993608597,0.6485719915317395,0.6521252796420581,0.24,0.0022924255550328685,0.0005670407526736388,0.996846059124249,0.05811378476353875
0.9590340799115301,0.9717739343522037,0.44073014296126023,0.9615309737914157,0.00010890361315865961,0.4382059822851969,0.9742653330195006,4.170770430525326e-07,0.4500981516968176,0.15744999610940158,0.4481467248808562,0.4410117147311524,0.0009260931625073547,0.440010230860845,0.15505906875875802,0.4468961685059021,0.4468961685059021,0.1845054937144086,0.015151967934611044,0.2761136315206265,0.49635160046143056,0.4459427367506503,0.6177870413589499,0.42316740039797573,0.44630872483221473,0.7599999999999999,0.013633997164025174,0.0004334827726576599,0.9766269024648111,0.43066728671444776
0.987720658090381,0.9944259855040937,0.9112195437139734,0.9882413603715066,0.00030437231706300423,0.894340068119962,0.9957603105484716,0.0001355955004973246,0.906789063363032,0.7512673130286694,0.9084667282175685,0.9116645042917596,0.19122938275609147,0.9105537465016144,0.7457049038787402,0.9146125920397644,0.9146125920397644,0.5747056441388203,0.36933420622445734,0.6875376685314478,0.8760562886521512,0.8628741876629018,0.9660169665538838,0.9071716937851808,0.912751677852349,0.19999999999999996,0.008587115957376526,0.0005534005230613487,0.9860588897532776,0.25687567147245205
0.9765595689745253,0.9757977157461766,0.5297592284956917,0.9779778074752417,4.111971777267127e-06,0.5184789602542424,0.9783635523416901,3.188507923131684e-06,0.5265776156422524,0.5146270748311441,0.5249479829985615,0.5300532720484475,0.006843230227968113,0.5290474205968138,0.5144238457158867,0.5363849221883721,0.5363849221883721,0.18430154399914045,0.01123620402389136,0.2759856606486495,0.4678323840404701,0.42290695916594245,0.582888826976685,0.5081196554746943,0.5357941834451901,0.84,0.001247317806457318,0.0001377962985374306,0.9978884843779089,0.038906298253867225
0.9617273935867041,0.9715646177528524,0.44537473297058827,0.9636317627493245,0.0004991519277808541,0.43691695958350285,0.9742798553392575,4.8011114102398874e-05,0.44275943627643316,0.20979509998776286,0.44257988078829774,0.44566821201026097,0.04134217971169586,0.4446551517477447,0.2001481928616614,0.446313792247652,0.446313792247652,0.17214730955195012,0.010759787802577137,0.2674422350516874,0.734775910542627,0.8143488045178113,0.7250648708889376,0.43791434939227003,0.4384787472035794,0.07999999999999996,0.011740752443441619,0.00035754922582184053,0.9812014160954677,0.3463783570855356
0.9501727071526115,0.9496769013531684,-0.003286963691465569,0.9532274353511146,2.261960933191935e-06,9.215609643453693e-07,0.9538217278522253,6.214386991515127e-07,0.0005535226107352686,-0.03140867673544932,0.0005236067538929162,-0.0031791317798265106,0.0008852853206765909,-0.004062190841112451,-0.03414563441679633,-0.002421077134844088,-0.002421077134844088,0.1820235854733001,6.187991197670328e-05,0.27445725554559974,-0.05732837024480908,-0.01130870026064379,-0.09269209253620225,-0.004602336339901064,-0.002237136465324391,1.0,0.0014348380578166522,0.0001108980060225849,0.9975579195526925,0.044997209231535544
0.979508231120647,0.9923852967551121,0.8554382542914092,0.9799148927507612,0.00011615020602308747,0.8478431622444063,0.993357812222316,5.974279972059886e-06,0.8685318782938035,0.5846116394758571,0.8655329837650882,0.8558400429954662,0.008614290563423263,0.8547642370074994,0.5662041570573786,0.8686238776955449,0.8686238776955449,0.36150591060492054,0.06262177617101461,0.5208440542920054,0.5057365558647007,0.45946781581233687,0.6279224243823709,0.8214287832372765,0.8680089485458613,0.84,0.014362889133604367,0.000753464293228629,0.9763407346977998,0.4359401477709826
0.9626868408873084,0.962275955413364,0.25787450845058757,0.9649727891072837,4.887291244381972e-05,0.2530235063718203,0.9656632612526296,3.358103000648352e-05,0.25458049363250634,0.22787965604991572,0.25637287589609203,0.25678252134737445,0.05962409285187807,0.2571323157428054,0.22655620857740327,0.25717583520049025,0.25717583520049025,0.18028362522832264,0.018278888714240438,0.27330451199968353,0.5823275211384278,0.6041269000868805,0.5685184172668691,0.25075440057590925,0.25503355704697983,0.4,0.001725154856417823,0.0002597416137862022,0.9973813437821009,0.04825075352132164
